base_name,fluoride_name,substrate_name,base_smiles,fluoride_smiles,substrate_smiles,yield
DBU,3-Cl,s1,N12CCCN=C1CCCCC2,ClC1=CC=C(S(=O)(F)=O)C=C1,OCCCCC1=CC=CC=C1,42
DBU,PyFluor,s1,N12CCCN=C1CCCCC2,O=S(C1=CC=CC=N1)(F)=O,OCCCCC1=CC=CC=C1,48
DBU,3-CF3,s1,N12CCCN=C1CCCCC2,O=S(C1=CC=C(C(F)(F)F)C=C1)(F)=O,OCCCCC1=CC=CC=C1,47
DBU,3-NO2,s1,N12CCCN=C1CCCCC2,O=S(C1=CC=C([N+]([O-])=O)C=C1)(F)=O,OCCCCC1=CC=CC=C1,52
DBU,PBSF,s1,N12CCCN=C1CCCCC2,FC(C(F)(S(=O)(F)=O)F)(F)C(F)(F)C(F)(F)F,OCCCCC1=CC=CC=C1,52
MTBD,3-Cl,s1,CN1CCCN2CCCN=C21,ClC1=CC=C(S(=O)(F)=O)C=C1,OCCCCC1=CC=CC=C1,76
MTBD,PyFluor,s1,CN1CCCN2CCCN=C21,O=S(C1=CC=CC=N1)(F)=O,OCCCCC1=CC=CC=C1,78
MTBD,3-CF3,s1,CN1CCCN2CCCN=C21,O=S(C1=CC=C(C(F)(F)F)C=C1)(F)=O,OCCCCC1=CC=CC=C1,87
MTBD,3-NO2,s1,CN1CCCN2CCCN=C21,O=S(C1=CC=C([N+]([O-])=O)C=C1)(F)=O,OCCCCC1=CC=CC=C1,82
MTBD,PBSF,s1,CN1CCCN2CCCN=C21,FC(C(F)(S(=O)(F)=O)F)(F)C(F)(F)C(F)(F)F,OCCCCC1=CC=CC=C1,80
BTMG,3-Cl,s1,CN(C)/C(N(C)C)=N/C(C)(C)C,ClC1=CC=C(S(=O)(F)=O)C=C1,OCCCCC1=CC=CC=C1,78
BTMG,PyFluor,s1,CN(C)/C(N(C)C)=N/C(C)(C)C,O=S(C1=CC=CC=N1)(F)=O,OCCCCC1=CC=CC=C1,79
BTMG,3-CF3,s1,CN(C)/C(N(C)C)=N/C(C)(C)C,O=S(C1=CC=C(C(F)(F)F)C=C1)(F)=O,OCCCCC1=CC=CC=C1,91
BTMG,3-NO2,s1,CN(C)/C(N(C)C)=N/C(C)(C)C,O=S(C1=CC=C([N+]([O-])=O)C=C1)(F)=O,OCCCCC1=CC=CC=C1,87
BTMG,PBSF,s1,CN(C)/C(N(C)C)=N/C(C)(C)C,FC(C(F)(S(=O)(F)=O)F)(F)C(F)(F)C(F)(F)F,OCCCCC1=CC=CC=C1,84
BTPP,3-Cl,s1,CC(N=P(N1CCCC1)(N2CCCC2)N3CCCC3)(C)C,ClC1=CC=C(S(=O)(F)=O)C=C1,OCCCCC1=CC=CC=C1,87
BTPP,PyFluor,s1,CC(N=P(N1CCCC1)(N2CCCC2)N3CCCC3)(C)C,O=S(C1=CC=CC=N1)(F)=O,OCCCCC1=CC=CC=C1,88
BTPP,3-CF3,s1,CC(N=P(N1CCCC1)(N2CCCC2)N3CCCC3)(C)C,O=S(C1=CC=C(C(F)(F)F)C=C1)(F)=O,OCCCCC1=CC=CC=C1,96
BTPP,3-NO2,s1,CC(N=P(N1CCCC1)(N2CCCC2)N3CCCC3)(C)C,O=S(C1=CC=C([N+]([O-])=O)C=C1)(F)=O,OCCCCC1=CC=CC=C1,83
BTPP,PBSF,s1,CC(N=P(N1CCCC1)(N2CCCC2)N3CCCC3)(C)C,FC(C(F)(S(=O)(F)=O)F)(F)C(F)(F)C(F)(F)F,OCCCCC1=CC=CC=C1,94
DBU,3-Cl,s2,N12CCCN=C1CCCCC2,ClC1=CC=C(S(=O)(F)=O)C=C1,OC(C)CCC1=CC=CC=C1,40
DBU,PyFluor,s2,N12CCCN=C1CCCCC2,O=S(C1=CC=CC=N1)(F)=O,OC(C)CCC1=CC=CC=C1,57
DBU,3-CF3,s2,N12CCCN=C1CCCCC2,O=S(C1=CC=C(C(F)(F)F)C=C1)(F)=O,OC(C)CCC1=CC=CC=C1,52
DBU,3-NO2,s2,N12CCCN=C1CCCCC2,O=S(C1=CC=C([N+]([O-])=O)C=C1)(F)=O,OC(C)CCC1=CC=CC=C1,54
DBU,PBSF,s2,N12CCCN=C1CCCCC2,FC(C(F)(S(=O)(F)=O)F)(F)C(F)(F)C(F)(F)F,OC(C)CCC1=CC=CC=C1,39
MTBD,3-Cl,s2,CN1CCCN2CCCN=C21,ClC1=CC=C(S(=O)(F)=O)C=C1,OC(C)CCC1=CC=CC=C1,54
MTBD,PyFluor,s2,CN1CCCN2CCCN=C21,O=S(C1=CC=CC=N1)(F)=O,OC(C)CCC1=CC=CC=C1,59
MTBD,3-CF3,s2,CN1CCCN2CCCN=C21,O=S(C1=CC=C(C(F)(F)F)C=C1)(F)=O,OC(C)CCC1=CC=CC=C1,69
MTBD,3-NO2,s2,CN1CCCN2CCCN=C21,O=S(C1=CC=C([N+]([O-])=O)C=C1)(F)=O,OC(C)CCC1=CC=CC=C1,63
MTBD,PBSF,s2,CN1CCCN2CCCN=C21,FC(C(F)(S(=O)(F)=O)F)(F)C(F)(F)C(F)(F)F,OC(C)CCC1=CC=CC=C1,60
BTMG,3-Cl,s2,CN(C)/C(N(C)C)=N/C(C)(C)C,ClC1=CC=C(S(=O)(F)=O)C=C1,OC(C)CCC1=CC=CC=C1,41
BTMG,PyFluor,s2,CN(C)/C(N(C)C)=N/C(C)(C)C,O=S(C1=CC=CC=N1)(F)=O,OC(C)CCC1=CC=CC=C1,49
BTMG,3-CF3,s2,CN(C)/C(N(C)C)=N/C(C)(C)C,O=S(C1=CC=C(C(F)(F)F)C=C1)(F)=O,OC(C)CCC1=CC=CC=C1,57
BTMG,3-NO2,s2,CN(C)/C(N(C)C)=N/C(C)(C)C,O=S(C1=CC=C([N+]([O-])=O)C=C1)(F)=O,OC(C)CCC1=CC=CC=C1,55
BTMG,PBSF,s2,CN(C)/C(N(C)C)=N/C(C)(C)C,FC(C(F)(S(=O)(F)=O)F)(F)C(F)(F)C(F)(F)F,OC(C)CCC1=CC=CC=C1,61
BTPP,3-Cl,s2,CC(N=P(N1CCCC1)(N2CCCC2)N3CCCC3)(C)C,ClC1=CC=C(S(=O)(F)=O)C=C1,OC(C)CCC1=CC=CC=C1,42
BTPP,PyFluor,s2,CC(N=P(N1CCCC1)(N2CCCC2)N3CCCC3)(C)C,O=S(C1=CC=CC=N1)(F)=O,OC(C)CCC1=CC=CC=C1,53
BTPP,3-CF3,s2,CC(N=P(N1CCCC1)(N2CCCC2)N3CCCC3)(C)C,O=S(C1=CC=C(C(F)(F)F)C=C1)(F)=O,OC(C)CCC1=CC=CC=C1,60
BTPP,3-NO2,s2,CC(N=P(N1CCCC1)(N2CCCC2)N3CCCC3)(C)C,O=S(C1=CC=C([N+]([O-])=O)C=C1)(F)=O,OC(C)CCC1=CC=CC=C1,51
BTPP,PBSF,s2,CC(N=P(N1CCCC1)(N2CCCC2)N3CCCC3)(C)C,FC(C(F)(S(=O)(F)=O)F)(F)C(F)(F)C(F)(F)F,OC(C)CCC1=CC=CC=C1,65
DBU,3-Cl,s3,N12CCCN=C1CCCCC2,ClC1=CC=C(S(=O)(F)=O)C=C1,CC(C)(O)CCC1=CC=CC=C1,0
DBU,PyFluor,s3,N12CCCN=C1CCCCC2,O=S(C1=CC=CC=N1)(F)=O,CC(C)(O)CCC1=CC=CC=C1,4
DBU,3-CF3,s3,N12CCCN=C1CCCCC2,O=S(C1=CC=C(C(F)(F)F)C=C1)(F)=O,CC(C)(O)CCC1=CC=CC=C1,2
DBU,3-NO2,s3,N12CCCN=C1CCCCC2,O=S(C1=CC=C([N+]([O-])=O)C=C1)(F)=O,CC(C)(O)CCC1=CC=CC=C1,4
DBU,PBSF,s3,N12CCCN=C1CCCCC2,FC(C(F)(S(=O)(F)=O)F)(F)C(F)(F)C(F)(F)F,CC(C)(O)CCC1=CC=CC=C1,9
MTBD,3-Cl,s3,CN1CCCN2CCCN=C21,ClC1=CC=C(S(=O)(F)=O)C=C1,CC(C)(O)CCC1=CC=CC=C1,1
MTBD,PyFluor,s3,CN1CCCN2CCCN=C21,O=S(C1=CC=CC=N1)(F)=O,CC(C)(O)CCC1=CC=CC=C1,5
MTBD,3-CF3,s3,CN1CCCN2CCCN=C21,O=S(C1=CC=C(C(F)(F)F)C=C1)(F)=O,CC(C)(O)CCC1=CC=CC=C1,4
MTBD,3-NO2,s3,CN1CCCN2CCCN=C21,O=S(C1=CC=C([N+]([O-])=O)C=C1)(F)=O,CC(C)(O)CCC1=CC=CC=C1,5
MTBD,PBSF,s3,CN1CCCN2CCCN=C21,FC(C(F)(S(=O)(F)=O)F)(F)C(F)(F)C(F)(F)F,CC(C)(O)CCC1=CC=CC=C1,18
BTMG,3-Cl,s3,CN(C)/C(N(C)C)=N/C(C)(C)C,ClC1=CC=C(S(=O)(F)=O)C=C1,CC(C)(O)CCC1=CC=CC=C1,0
BTMG,PyFluor,s3,CN(C)/C(N(C)C)=N/C(C)(C)C,O=S(C1=CC=CC=N1)(F)=O,CC(C)(O)CCC1=CC=CC=C1,0
BTMG,3-CF3,s3,CN(C)/C(N(C)C)=N/C(C)(C)C,O=S(C1=CC=C(C(F)(F)F)C=C1)(F)=O,CC(C)(O)CCC1=CC=CC=C1,0
BTMG,3-NO2,s3,CN(C)/C(N(C)C)=N/C(C)(C)C,O=S(C1=CC=C([N+]([O-])=O)C=C1)(F)=O,CC(C)(O)CCC1=CC=CC=C1,1
BTMG,PBSF,s3,CN(C)/C(N(C)C)=N/C(C)(C)C,FC(C(F)(S(=O)(F)=O)F)(F)C(F)(F)C(F)(F)F,CC(C)(O)CCC1=CC=CC=C1,17
BTPP,3-Cl,s3,CC(N=P(N1CCCC1)(N2CCCC2)N3CCCC3)(C)C,ClC1=CC=C(S(=O)(F)=O)C=C1,CC(C)(O)CCC1=CC=CC=C1,0
BTPP,PyFluor,s3,CC(N=P(N1CCCC1)(N2CCCC2)N3CCCC3)(C)C,O=S(C1=CC=CC=N1)(F)=O,CC(C)(O)CCC1=CC=CC=C1,0
BTPP,3-CF3,s3,CC(N=P(N1CCCC1)(N2CCCC2)N3CCCC3)(C)C,O=S(C1=CC=C(C(F)(F)F)C=C1)(F)=O,CC(C)(O)CCC1=CC=CC=C1,1
BTPP,3-NO2,s3,CC(N=P(N1CCCC1)(N2CCCC2)N3CCCC3)(C)C,O=S(C1=CC=C([N+]([O-])=O)C=C1)(F)=O,CC(C)(O)CCC1=CC=CC=C1,0
BTPP,PBSF,s3,CC(N=P(N1CCCC1)(N2CCCC2)N3CCCC3)(C)C,FC(C(F)(S(=O)(F)=O)F)(F)C(F)(F)C(F)(F)F,CC(C)(O)CCC1=CC=CC=C1,22
DBU,3-Cl,s4,N12CCCN=C1CCCCC2,ClC1=CC=C(S(=O)(F)=O)C=C1,OCCCC1=NC(C2=CC=CC=C2)=C(C3=CC=CC=C3)O1,53
DBU,PyFluor,s4,N12CCCN=C1CCCCC2,O=S(C1=CC=CC=N1)(F)=O,OCCCC1=NC(C2=CC=CC=C2)=C(C3=CC=CC=C3)O1,63
DBU,3-CF3,s4,N12CCCN=C1CCCCC2,O=S(C1=CC=C(C(F)(F)F)C=C1)(F)=O,OCCCC1=NC(C2=CC=CC=C2)=C(C3=CC=CC=C3)O1,63
DBU,3-NO2,s4,N12CCCN=C1CCCCC2,O=S(C1=CC=C([N+]([O-])=O)C=C1)(F)=O,OCCCC1=NC(C2=CC=CC=C2)=C(C3=CC=CC=C3)O1,65
DBU,PBSF,s4,N12CCCN=C1CCCCC2,FC(C(F)(S(=O)(F)=O)F)(F)C(F)(F)C(F)(F)F,OCCCC1=NC(C2=CC=CC=C2)=C(C3=CC=CC=C3)O1,60
MTBD,3-Cl,s4,CN1CCCN2CCCN=C21,ClC1=CC=C(S(=O)(F)=O)C=C1,OCCCC1=NC(C2=CC=CC=C2)=C(C3=CC=CC=C3)O1,88
MTBD,PyFluor,s4,CN1CCCN2CCCN=C21,O=S(C1=CC=CC=N1)(F)=O,OCCCC1=NC(C2=CC=CC=C2)=C(C3=CC=CC=C3)O1,84
MTBD,3-CF3,s4,CN1CCCN2CCCN=C21,O=S(C1=CC=C(C(F)(F)F)C=C1)(F)=O,OCCCC1=NC(C2=CC=CC=C2)=C(C3=CC=CC=C3)O1,98
MTBD,3-NO2,s4,CN1CCCN2CCCN=C21,O=S(C1=CC=C([N+]([O-])=O)C=C1)(F)=O,OCCCC1=NC(C2=CC=CC=C2)=C(C3=CC=CC=C3)O1,89
MTBD,PBSF,s4,CN1CCCN2CCCN=C21,FC(C(F)(S(=O)(F)=O)F)(F)C(F)(F)C(F)(F)F,OCCCC1=NC(C2=CC=CC=C2)=C(C3=CC=CC=C3)O1,82
BTMG,3-Cl,s4,CN(C)/C(N(C)C)=N/C(C)(C)C,ClC1=CC=C(S(=O)(F)=O)C=C1,OCCCC1=NC(C2=CC=CC=C2)=C(C3=CC=CC=C3)O1,94
BTMG,PyFluor,s4,CN(C)/C(N(C)C)=N/C(C)(C)C,O=S(C1=CC=CC=N1)(F)=O,OCCCC1=NC(C2=CC=CC=C2)=C(C3=CC=CC=C3)O1,91
BTMG,3-CF3,s4,CN(C)/C(N(C)C)=N/C(C)(C)C,O=S(C1=CC=C(C(F)(F)F)C=C1)(F)=O,OCCCC1=NC(C2=CC=CC=C2)=C(C3=CC=CC=C3)O1,106
BTMG,3-NO2,s4,CN(C)/C(N(C)C)=N/C(C)(C)C,O=S(C1=CC=C([N+]([O-])=O)C=C1)(F)=O,OCCCC1=NC(C2=CC=CC=C2)=C(C3=CC=CC=C3)O1,101
BTMG,PBSF,s4,CN(C)/C(N(C)C)=N/C(C)(C)C,FC(C(F)(S(=O)(F)=O)F)(F)C(F)(F)C(F)(F)F,OCCCC1=NC(C2=CC=CC=C2)=C(C3=CC=CC=C3)O1,91
BTPP,3-Cl,s4,CC(N=P(N1CCCC1)(N2CCCC2)N3CCCC3)(C)C,ClC1=CC=C(S(=O)(F)=O)C=C1,OCCCC1=NC(C2=CC=CC=C2)=C(C3=CC=CC=C3)O1,94
BTPP,PyFluor,s4,CC(N=P(N1CCCC1)(N2CCCC2)N3CCCC3)(C)C,O=S(C1=CC=CC=N1)(F)=O,OCCCC1=NC(C2=CC=CC=C2)=C(C3=CC=CC=C3)O1,98
BTPP,3-CF3,s4,CC(N=P(N1CCCC1)(N2CCCC2)N3CCCC3)(C)C,O=S(C1=CC=C(C(F)(F)F)C=C1)(F)=O,OCCCC1=NC(C2=CC=CC=C2)=C(C3=CC=CC=C3)O1,104
BTPP,3-NO2,s4,CC(N=P(N1CCCC1)(N2CCCC2)N3CCCC3)(C)C,O=S(C1=CC=C([N+]([O-])=O)C=C1)(F)=O,OCCCC1=NC(C2=CC=CC=C2)=C(C3=CC=CC=C3)O1,95
BTPP,PBSF,s4,CC(N=P(N1CCCC1)(N2CCCC2)N3CCCC3)(C)C,FC(C(F)(S(=O)(F)=O)F)(F)C(F)(F)C(F)(F)F,OCCCC1=NC(C2=CC=CC=C2)=C(C3=CC=CC=C3)O1,94
DBU,3-Cl,s5,N12CCCN=C1CCCCC2,ClC1=CC=C(S(=O)(F)=O)C=C1,O=C(N(C)C(N=CN1C)=C1C2=O)N2CCCCC(C)O,53
DBU,PyFluor,s5,N12CCCN=C1CCCCC2,O=S(C1=CC=CC=N1)(F)=O,O=C(N(C)C(N=CN1C)=C1C2=O)N2CCCCC(C)O,68
DBU,3-CF3,s5,N12CCCN=C1CCCCC2,O=S(C1=CC=C(C(F)(F)F)C=C1)(F)=O,O=C(N(C)C(N=CN1C)=C1C2=O)N2CCCCC(C)O,71
DBU,3-NO2,s5,N12CCCN=C1CCCCC2,O=S(C1=CC=C([N+]([O-])=O)C=C1)(F)=O,O=C(N(C)C(N=CN1C)=C1C2=O)N2CCCCC(C)O,74
DBU,PBSF,s5,N12CCCN=C1CCCCC2,FC(C(F)(S(=O)(F)=O)F)(F)C(F)(F)C(F)(F)F,O=C(N(C)C(N=CN1C)=C1C2=O)N2CCCCC(C)O,54
MTBD,3-Cl,s5,CN1CCCN2CCCN=C21,ClC1=CC=C(S(=O)(F)=O)C=C1,O=C(N(C)C(N=CN1C)=C1C2=O)N2CCCCC(C)O,52
MTBD,PyFluor,s5,CN1CCCN2CCCN=C21,O=S(C1=CC=CC=N1)(F)=O,O=C(N(C)C(N=CN1C)=C1C2=O)N2CCCCC(C)O,68
MTBD,3-CF3,s5,CN1CCCN2CCCN=C21,O=S(C1=CC=C(C(F)(F)F)C=C1)(F)=O,O=C(N(C)C(N=CN1C)=C1C2=O)N2CCCCC(C)O,72
MTBD,3-NO2,s5,CN1CCCN2CCCN=C21,O=S(C1=CC=C([N+]([O-])=O)C=C1)(F)=O,O=C(N(C)C(N=CN1C)=C1C2=O)N2CCCCC(C)O,66
MTBD,PBSF,s5,CN1CCCN2CCCN=C21,FC(C(F)(S(=O)(F)=O)F)(F)C(F)(F)C(F)(F)F,O=C(N(C)C(N=CN1C)=C1C2=O)N2CCCCC(C)O,53
BTMG,3-Cl,s5,CN(C)/C(N(C)C)=N/C(C)(C)C,ClC1=CC=C(S(=O)(F)=O)C=C1,O=C(N(C)C(N=CN1C)=C1C2=O)N2CCCCC(C)O,49
BTMG,PyFluor,s5,CN(C)/C(N(C)C)=N/C(C)(C)C,O=S(C1=CC=CC=N1)(F)=O,O=C(N(C)C(N=CN1C)=C1C2=O)N2CCCCC(C)O,69
BTMG,3-CF3,s5,CN(C)/C(N(C)C)=N/C(C)(C)C,O=S(C1=CC=C(C(F)(F)F)C=C1)(F)=O,O=C(N(C)C(N=CN1C)=C1C2=O)N2CCCCC(C)O,80
BTMG,3-NO2,s5,CN(C)/C(N(C)C)=N/C(C)(C)C,O=S(C1=CC=C([N+]([O-])=O)C=C1)(F)=O,O=C(N(C)C(N=CN1C)=C1C2=O)N2CCCCC(C)O,82
BTMG,PBSF,s5,CN(C)/C(N(C)C)=N/C(C)(C)C,FC(C(F)(S(=O)(F)=O)F)(F)C(F)(F)C(F)(F)F,O=C(N(C)C(N=CN1C)=C1C2=O)N2CCCCC(C)O,76
BTPP,3-Cl,s5,CC(N=P(N1CCCC1)(N2CCCC2)N3CCCC3)(C)C,ClC1=CC=C(S(=O)(F)=O)C=C1,O=C(N(C)C(N=CN1C)=C1C2=O)N2CCCCC(C)O,48
BTPP,PyFluor,s5,CC(N=P(N1CCCC1)(N2CCCC2)N3CCCC3)(C)C,O=S(C1=CC=CC=N1)(F)=O,O=C(N(C)C(N=CN1C)=C1C2=O)N2CCCCC(C)O,67
BTPP,3-CF3,s5,CC(N=P(N1CCCC1)(N2CCCC2)N3CCCC3)(C)C,O=S(C1=CC=C(C(F)(F)F)C=C1)(F)=O,O=C(N(C)C(N=CN1C)=C1C2=O)N2CCCCC(C)O,78
BTPP,3-NO2,s5,CC(N=P(N1CCCC1)(N2CCCC2)N3CCCC3)(C)C,O=S(C1=CC=C([N+]([O-])=O)C=C1)(F)=O,O=C(N(C)C(N=CN1C)=C1C2=O)N2CCCCC(C)O,66
BTPP,PBSF,s5,CC(N=P(N1CCCC1)(N2CCCC2)N3CCCC3)(C)C,FC(C(F)(S(=O)(F)=O)F)(F)C(F)(F)C(F)(F)F,O=C(N(C)C(N=CN1C)=C1C2=O)N2CCCCC(C)O,72
DBU,3-Cl,s6,N12CCCN=C1CCCCC2,ClC1=CC=C(S(=O)(F)=O)C=C1,OC[C@H]1O[C@@H](N(C=N2)C3=C2C(N(C(C4=CC=CC=C4)=O)C(C5=CC=CC=C5)=O)=NC=N3)[C@H](OC(C6=CC=CC=C6)=O)[C@@H]1OC(C7=CC=CC=C7)=O,6
DBU,PyFluor,s6,N12CCCN=C1CCCCC2,O=S(C1=CC=CC=N1)(F)=O,OC[C@H]1O[C@@H](N(C=N2)C3=C2C(N(C(C4=CC=CC=C4)=O)C(C5=CC=CC=C5)=O)=NC=N3)[C@H](OC(C6=CC=CC=C6)=O)[C@@H]1OC(C7=CC=CC=C7)=O,13
DBU,3-CF3,s6,N12CCCN=C1CCCCC2,O=S(C1=CC=C(C(F)(F)F)C=C1)(F)=O,OC[C@H]1O[C@@H](N(C=N2)C3=C2C(N(C(C4=CC=CC=C4)=O)C(C5=CC=CC=C5)=O)=NC=N3)[C@H](OC(C6=CC=CC=C6)=O)[C@@H]1OC(C7=CC=CC=C7)=O,14
DBU,3-NO2,s6,N12CCCN=C1CCCCC2,O=S(C1=CC=C([N+]([O-])=O)C=C1)(F)=O,OC[C@H]1O[C@@H](N(C=N2)C3=C2C(N(C(C4=CC=CC=C4)=O)C(C5=CC=CC=C5)=O)=NC=N3)[C@H](OC(C6=CC=CC=C6)=O)[C@@H]1OC(C7=CC=CC=C7)=O,17
DBU,PBSF,s6,N12CCCN=C1CCCCC2,FC(C(F)(S(=O)(F)=O)F)(F)C(F)(F)C(F)(F)F,OC[C@H]1O[C@@H](N(C=N2)C3=C2C(N(C(C4=CC=CC=C4)=O)C(C5=CC=CC=C5)=O)=NC=N3)[C@H](OC(C6=CC=CC=C6)=O)[C@@H]1OC(C7=CC=CC=C7)=O,29
MTBD,3-Cl,s6,CN1CCCN2CCCN=C21,ClC1=CC=C(S(=O)(F)=O)C=C1,OC[C@H]1O[C@@H](N(C=N2)C3=C2C(N(C(C4=CC=CC=C4)=O)C(C5=CC=CC=C5)=O)=NC=N3)[C@H](OC(C6=CC=CC=C6)=O)[C@@H]1OC(C7=CC=CC=C7)=O,17
MTBD,PyFluor,s6,CN1CCCN2CCCN=C21,O=S(C1=CC=CC=N1)(F)=O,OC[C@H]1O[C@@H](N(C=N2)C3=C2C(N(C(C4=CC=CC=C4)=O)C(C5=CC=CC=C5)=O)=NC=N3)[C@H](OC(C6=CC=CC=C6)=O)[C@@H]1OC(C7=CC=CC=C7)=O,26
MTBD,3-CF3,s6,CN1CCCN2CCCN=C21,O=S(C1=CC=C(C(F)(F)F)C=C1)(F)=O,OC[C@H]1O[C@@H](N(C=N2)C3=C2C(N(C(C4=CC=CC=C4)=O)C(C5=CC=CC=C5)=O)=NC=N3)[C@H](OC(C6=CC=CC=C6)=O)[C@@H]1OC(C7=CC=CC=C7)=O,30
MTBD,3-NO2,s6,CN1CCCN2CCCN=C21,O=S(C1=CC=C([N+]([O-])=O)C=C1)(F)=O,OC[C@H]1O[C@@H](N(C=N2)C3=C2C(N(C(C4=CC=CC=C4)=O)C(C5=CC=CC=C5)=O)=NC=N3)[C@H](OC(C6=CC=CC=C6)=O)[C@@H]1OC(C7=CC=CC=C7)=O,36
MTBD,PBSF,s6,CN1CCCN2CCCN=C21,FC(C(F)(S(=O)(F)=O)F)(F)C(F)(F)C(F)(F)F,OC[C@H]1O[C@@H](N(C=N2)C3=C2C(N(C(C4=CC=CC=C4)=O)C(C5=CC=CC=C5)=O)=NC=N3)[C@H](OC(C6=CC=CC=C6)=O)[C@@H]1OC(C7=CC=CC=C7)=O,38
BTMG,3-Cl,s6,CN(C)/C(N(C)C)=N/C(C)(C)C,ClC1=CC=C(S(=O)(F)=O)C=C1,OC[C@H]1O[C@@H](N(C=N2)C3=C2C(N(C(C4=CC=CC=C4)=O)C(C5=CC=CC=C5)=O)=NC=N3)[C@H](OC(C6=CC=CC=C6)=O)[C@@H]1OC(C7=CC=CC=C7)=O,21
BTMG,PyFluor,s6,CN(C)/C(N(C)C)=N/C(C)(C)C,O=S(C1=CC=CC=N1)(F)=O,OC[C@H]1O[C@@H](N(C=N2)C3=C2C(N(C(C4=CC=CC=C4)=O)C(C5=CC=CC=C5)=O)=NC=N3)[C@H](OC(C6=CC=CC=C6)=O)[C@@H]1OC(C7=CC=CC=C7)=O,31
BTMG,3-CF3,s6,CN(C)/C(N(C)C)=N/C(C)(C)C,O=S(C1=CC=C(C(F)(F)F)C=C1)(F)=O,OC[C@H]1O[C@@H](N(C=N2)C3=C2C(N(C(C4=CC=CC=C4)=O)C(C5=CC=CC=C5)=O)=NC=N3)[C@H](OC(C6=CC=CC=C6)=O)[C@@H]1OC(C7=CC=CC=C7)=O,34
BTMG,3-NO2,s6,CN(C)/C(N(C)C)=N/C(C)(C)C,O=S(C1=CC=C([N+]([O-])=O)C=C1)(F)=O,OC[C@H]1O[C@@H](N(C=N2)C3=C2C(N(C(C4=CC=CC=C4)=O)C(C5=CC=CC=C5)=O)=NC=N3)[C@H](OC(C6=CC=CC=C6)=O)[C@@H]1OC(C7=CC=CC=C7)=O,40
BTMG,PBSF,s6,CN(C)/C(N(C)C)=N/C(C)(C)C,FC(C(F)(S(=O)(F)=O)F)(F)C(F)(F)C(F)(F)F,OC[C@H]1O[C@@H](N(C=N2)C3=C2C(N(C(C4=CC=CC=C4)=O)C(C5=CC=CC=C5)=O)=NC=N3)[C@H](OC(C6=CC=CC=C6)=O)[C@@H]1OC(C7=CC=CC=C7)=O,49
BTPP,3-Cl,s6,CC(N=P(N1CCCC1)(N2CCCC2)N3CCCC3)(C)C,ClC1=CC=C(S(=O)(F)=O)C=C1,OC[C@H]1O[C@@H](N(C=N2)C3=C2C(N(C(C4=CC=CC=C4)=O)C(C5=CC=CC=C5)=O)=NC=N3)[C@H](OC(C6=CC=CC=C6)=O)[C@@H]1OC(C7=CC=CC=C7)=O,32
BTPP,PyFluor,s6,CC(N=P(N1CCCC1)(N2CCCC2)N3CCCC3)(C)C,O=S(C1=CC=CC=N1)(F)=O,OC[C@H]1O[C@@H](N(C=N2)C3=C2C(N(C(C4=CC=CC=C4)=O)C(C5=CC=CC=C5)=O)=NC=N3)[C@H](OC(C6=CC=CC=C6)=O)[C@@H]1OC(C7=CC=CC=C7)=O,38
BTPP,3-CF3,s6,CC(N=P(N1CCCC1)(N2CCCC2)N3CCCC3)(C)C,O=S(C1=CC=C(C(F)(F)F)C=C1)(F)=O,OC[C@H]1O[C@@H](N(C=N2)C3=C2C(N(C(C4=CC=CC=C4)=O)C(C5=CC=CC=C5)=O)=NC=N3)[C@H](OC(C6=CC=CC=C6)=O)[C@@H]1OC(C7=CC=CC=C7)=O,45
BTPP,3-NO2,s6,CC(N=P(N1CCCC1)(N2CCCC2)N3CCCC3)(C)C,O=S(C1=CC=C([N+]([O-])=O)C=C1)(F)=O,OC[C@H]1O[C@@H](N(C=N2)C3=C2C(N(C(C4=CC=CC=C4)=O)C(C5=CC=CC=C5)=O)=NC=N3)[C@H](OC(C6=CC=CC=C6)=O)[C@@H]1OC(C7=CC=CC=C7)=O,49
BTPP,PBSF,s6,CC(N=P(N1CCCC1)(N2CCCC2)N3CCCC3)(C)C,FC(C(F)(S(=O)(F)=O)F)(F)C(F)(F)C(F)(F)F,OC[C@H]1O[C@@H](N(C=N2)C3=C2C(N(C(C4=CC=CC=C4)=O)C(C5=CC=CC=C5)=O)=NC=N3)[C@H](OC(C6=CC=CC=C6)=O)[C@@H]1OC(C7=CC=CC=C7)=O,47
DBU,3-Cl,s7,N12CCCN=C1CCCCC2,ClC1=CC=C(S(=O)(F)=O)C=C1,OCCN(CC)C(C=C1)=CC=C1/N=N/C2=CC=C([N+]([O-])=O)C=C2Cl,43
DBU,PyFluor,s7,N12CCCN=C1CCCCC2,O=S(C1=CC=CC=N1)(F)=O,OCCN(CC)C(C=C1)=CC=C1/N=N/C2=CC=C([N+]([O-])=O)C=C2Cl,54
DBU,3-CF3,s7,N12CCCN=C1CCCCC2,O=S(C1=CC=C(C(F)(F)F)C=C1)(F)=O,OCCN(CC)C(C=C1)=CC=C1/N=N/C2=CC=C([N+]([O-])=O)C=C2Cl,54
DBU,3-NO2,s7,N12CCCN=C1CCCCC2,O=S(C1=CC=C([N+]([O-])=O)C=C1)(F)=O,OCCN(CC)C(C=C1)=CC=C1/N=N/C2=CC=C([N+]([O-])=O)C=C2Cl,58
DBU,PBSF,s7,N12CCCN=C1CCCCC2,FC(C(F)(S(=O)(F)=O)F)(F)C(F)(F)C(F)(F)F,OCCN(CC)C(C=C1)=CC=C1/N=N/C2=CC=C([N+]([O-])=O)C=C2Cl,52
MTBD,3-Cl,s7,CN1CCCN2CCCN=C21,ClC1=CC=C(S(=O)(F)=O)C=C1,OCCN(CC)C(C=C1)=CC=C1/N=N/C2=CC=C([N+]([O-])=O)C=C2Cl,72
MTBD,PyFluor,s7,CN1CCCN2CCCN=C21,O=S(C1=CC=CC=N1)(F)=O,OCCN(CC)C(C=C1)=CC=C1/N=N/C2=CC=C([N+]([O-])=O)C=C2Cl,74
MTBD,3-CF3,s7,CN1CCCN2CCCN=C21,O=S(C1=CC=C(C(F)(F)F)C=C1)(F)=O,OCCN(CC)C(C=C1)=CC=C1/N=N/C2=CC=C([N+]([O-])=O)C=C2Cl,80
MTBD,3-NO2,s7,CN1CCCN2CCCN=C21,O=S(C1=CC=C([N+]([O-])=O)C=C1)(F)=O,OCCN(CC)C(C=C1)=CC=C1/N=N/C2=CC=C([N+]([O-])=O)C=C2Cl,77
MTBD,PBSF,s7,CN1CCCN2CCCN=C21,FC(C(F)(S(=O)(F)=O)F)(F)C(F)(F)C(F)(F)F,OCCN(CC)C(C=C1)=CC=C1/N=N/C2=CC=C([N+]([O-])=O)C=C2Cl,65
BTMG,3-Cl,s7,CN(C)/C(N(C)C)=N/C(C)(C)C,ClC1=CC=C(S(=O)(F)=O)C=C1,OCCN(CC)C(C=C1)=CC=C1/N=N/C2=CC=C([N+]([O-])=O)C=C2Cl,73
BTMG,PyFluor,s7,CN(C)/C(N(C)C)=N/C(C)(C)C,O=S(C1=CC=CC=N1)(F)=O,OCCN(CC)C(C=C1)=CC=C1/N=N/C2=CC=C([N+]([O-])=O)C=C2Cl,76
BTMG,3-CF3,s7,CN(C)/C(N(C)C)=N/C(C)(C)C,O=S(C1=CC=C(C(F)(F)F)C=C1)(F)=O,OCCN(CC)C(C=C1)=CC=C1/N=N/C2=CC=C([N+]([O-])=O)C=C2Cl,80
BTMG,3-NO2,s7,CN(C)/C(N(C)C)=N/C(C)(C)C,O=S(C1=CC=C([N+]([O-])=O)C=C1)(F)=O,OCCN(CC)C(C=C1)=CC=C1/N=N/C2=CC=C([N+]([O-])=O)C=C2Cl,77
BTMG,PBSF,s7,CN(C)/C(N(C)C)=N/C(C)(C)C,FC(C(F)(S(=O)(F)=O)F)(F)C(F)(F)C(F)(F)F,OCCN(CC)C(C=C1)=CC=C1/N=N/C2=CC=C([N+]([O-])=O)C=C2Cl,56
BTPP,3-Cl,s7,CC(N=P(N1CCCC1)(N2CCCC2)N3CCCC3)(C)C,ClC1=CC=C(S(=O)(F)=O)C=C1,OCCN(CC)C(C=C1)=CC=C1/N=N/C2=CC=C([N+]([O-])=O)C=C2Cl,66
BTPP,PyFluor,s7,CC(N=P(N1CCCC1)(N2CCCC2)N3CCCC3)(C)C,O=S(C1=CC=CC=N1)(F)=O,OCCN(CC)C(C=C1)=CC=C1/N=N/C2=CC=C([N+]([O-])=O)C=C2Cl,75
BTPP,3-CF3,s7,CC(N=P(N1CCCC1)(N2CCCC2)N3CCCC3)(C)C,O=S(C1=CC=C(C(F)(F)F)C=C1)(F)=O,OCCN(CC)C(C=C1)=CC=C1/N=N/C2=CC=C([N+]([O-])=O)C=C2Cl,67
BTPP,3-NO2,s7,CC(N=P(N1CCCC1)(N2CCCC2)N3CCCC3)(C)C,O=S(C1=CC=C([N+]([O-])=O)C=C1)(F)=O,OCCN(CC)C(C=C1)=CC=C1/N=N/C2=CC=C([N+]([O-])=O)C=C2Cl,73
BTPP,PBSF,s7,CC(N=P(N1CCCC1)(N2CCCC2)N3CCCC3)(C)C,FC(C(F)(S(=O)(F)=O)F)(F)C(F)(F)C(F)(F)F,OCCN(CC)C(C=C1)=CC=C1/N=N/C2=CC=C([N+]([O-])=O)C=C2Cl,46
DBU,3-Cl,s8,N12CCCN=C1CCCCC2,ClC1=CC=C(S(=O)(F)=O)C=C1,OCC1CCCCN1CCCC2=CC=CC=C2,6
DBU,PyFluor,s8,N12CCCN=C1CCCCC2,O=S(C1=CC=CC=N1)(F)=O,OCC1CCCCN1CCCC2=CC=CC=C2,7
DBU,3-CF3,s8,N12CCCN=C1CCCCC2,O=S(C1=CC=C(C(F)(F)F)C=C1)(F)=O,OCC1CCCCN1CCCC2=CC=CC=C2,8
DBU,3-NO2,s8,N12CCCN=C1CCCCC2,O=S(C1=CC=C([N+]([O-])=O)C=C1)(F)=O,OCC1CCCCN1CCCC2=CC=CC=C2,8
DBU,PBSF,s8,N12CCCN=C1CCCCC2,FC(C(F)(S(=O)(F)=O)F)(F)C(F)(F)C(F)(F)F,OCC1CCCCN1CCCC2=CC=CC=C2,10
MTBD,3-Cl,s8,CN1CCCN2CCCN=C21,ClC1=CC=C(S(=O)(F)=O)C=C1,OCC1CCCCN1CCCC2=CC=CC=C2,21
MTBD,PyFluor,s8,CN1CCCN2CCCN=C21,O=S(C1=CC=CC=N1)(F)=O,OCC1CCCCN1CCCC2=CC=CC=C2,18
MTBD,3-CF3,s8,CN1CCCN2CCCN=C21,O=S(C1=CC=C(C(F)(F)F)C=C1)(F)=O,OCC1CCCCN1CCCC2=CC=CC=C2,22
MTBD,3-NO2,s8,CN1CCCN2CCCN=C21,O=S(C1=CC=C([N+]([O-])=O)C=C1)(F)=O,OCC1CCCCN1CCCC2=CC=CC=C2,20
MTBD,PBSF,s8,CN1CCCN2CCCN=C21,FC(C(F)(S(=O)(F)=O)F)(F)C(F)(F)C(F)(F)F,OCC1CCCCN1CCCC2=CC=CC=C2,23
BTMG,3-Cl,s8,CN(C)/C(N(C)C)=N/C(C)(C)C,ClC1=CC=C(S(=O)(F)=O)C=C1,OCC1CCCCN1CCCC2=CC=CC=C2,26
BTMG,PyFluor,s8,CN(C)/C(N(C)C)=N/C(C)(C)C,O=S(C1=CC=CC=N1)(F)=O,OCC1CCCCN1CCCC2=CC=CC=C2,17
BTMG,3-CF3,s8,CN(C)/C(N(C)C)=N/C(C)(C)C,O=S(C1=CC=C(C(F)(F)F)C=C1)(F)=O,OCC1CCCCN1CCCC2=CC=CC=C2,28
BTMG,3-NO2,s8,CN(C)/C(N(C)C)=N/C(C)(C)C,O=S(C1=CC=C([N+]([O-])=O)C=C1)(F)=O,OCC1CCCCN1CCCC2=CC=CC=C2,27
BTMG,PBSF,s8,CN(C)/C(N(C)C)=N/C(C)(C)C,FC(C(F)(S(=O)(F)=O)F)(F)C(F)(F)C(F)(F)F,OCC1CCCCN1CCCC2=CC=CC=C2,30
BTPP,3-Cl,s8,CC(N=P(N1CCCC1)(N2CCCC2)N3CCCC3)(C)C,ClC1=CC=C(S(=O)(F)=O)C=C1,OCC1CCCCN1CCCC2=CC=CC=C2,27
BTPP,PyFluor,s8,CC(N=P(N1CCCC1)(N2CCCC2)N3CCCC3)(C)C,O=S(C1=CC=CC=N1)(F)=O,OCC1CCCCN1CCCC2=CC=CC=C2,16
BTPP,3-CF3,s8,CC(N=P(N1CCCC1)(N2CCCC2)N3CCCC3)(C)C,O=S(C1=CC=C(C(F)(F)F)C=C1)(F)=O,OCC1CCCCN1CCCC2=CC=CC=C2,31
BTPP,3-NO2,s8,CC(N=P(N1CCCC1)(N2CCCC2)N3CCCC3)(C)C,O=S(C1=CC=C([N+]([O-])=O)C=C1)(F)=O,OCC1CCCCN1CCCC2=CC=CC=C2,28
BTPP,PBSF,s8,CC(N=P(N1CCCC1)(N2CCCC2)N3CCCC3)(C)C,FC(C(F)(S(=O)(F)=O)F)(F)C(F)(F)C(F)(F)F,OCC1CCCCN1CCCC2=CC=CC=C2,36
DBU,3-Cl,s9,N12CCCN=C1CCCCC2,ClC1=CC=C(S(=O)(F)=O)C=C1,O[C@@H]1C[C@@H](C1)OCC2=CC=CC=C2,1
DBU,PyFluor,s9,N12CCCN=C1CCCCC2,O=S(C1=CC=CC=N1)(F)=O,O[C@@H]1C[C@@H](C1)OCC2=CC=CC=C2,1
DBU,3-CF3,s9,N12CCCN=C1CCCCC2,O=S(C1=CC=C(C(F)(F)F)C=C1)(F)=O,O[C@@H]1C[C@@H](C1)OCC2=CC=CC=C2,3
DBU,3-NO2,s9,N12CCCN=C1CCCCC2,O=S(C1=CC=C([N+]([O-])=O)C=C1)(F)=O,O[C@@H]1C[C@@H](C1)OCC2=CC=CC=C2,11
DBU,PBSF,s9,N12CCCN=C1CCCCC2,FC(C(F)(S(=O)(F)=O)F)(F)C(F)(F)C(F)(F)F,O[C@@H]1C[C@@H](C1)OCC2=CC=CC=C2,83
MTBD,3-Cl,s9,CN1CCCN2CCCN=C21,ClC1=CC=C(S(=O)(F)=O)C=C1,O[C@@H]1C[C@@H](C1)OCC2=CC=CC=C2,1
MTBD,PyFluor,s9,CN1CCCN2CCCN=C21,O=S(C1=CC=CC=N1)(F)=O,O[C@@H]1C[C@@H](C1)OCC2=CC=CC=C2,2
MTBD,3-CF3,s9,CN1CCCN2CCCN=C21,O=S(C1=CC=C(C(F)(F)F)C=C1)(F)=O,O[C@@H]1C[C@@H](C1)OCC2=CC=CC=C2,4
MTBD,3-NO2,s9,CN1CCCN2CCCN=C21,O=S(C1=CC=C([N+]([O-])=O)C=C1)(F)=O,O[C@@H]1C[C@@H](C1)OCC2=CC=CC=C2,12
MTBD,PBSF,s9,CN1CCCN2CCCN=C21,FC(C(F)(S(=O)(F)=O)F)(F)C(F)(F)C(F)(F)F,O[C@@H]1C[C@@H](C1)OCC2=CC=CC=C2,79
BTMG,3-Cl,s9,CN(C)/C(N(C)C)=N/C(C)(C)C,ClC1=CC=C(S(=O)(F)=O)C=C1,O[C@@H]1C[C@@H](C1)OCC2=CC=CC=C2,1
BTMG,PyFluor,s9,CN(C)/C(N(C)C)=N/C(C)(C)C,O=S(C1=CC=CC=N1)(F)=O,O[C@@H]1C[C@@H](C1)OCC2=CC=CC=C2,1
BTMG,3-CF3,s9,CN(C)/C(N(C)C)=N/C(C)(C)C,O=S(C1=CC=C(C(F)(F)F)C=C1)(F)=O,O[C@@H]1C[C@@H](C1)OCC2=CC=CC=C2,5
BTMG,3-NO2,s9,CN(C)/C(N(C)C)=N/C(C)(C)C,O=S(C1=CC=C([N+]([O-])=O)C=C1)(F)=O,O[C@@H]1C[C@@H](C1)OCC2=CC=CC=C2,12
BTMG,PBSF,s9,CN(C)/C(N(C)C)=N/C(C)(C)C,FC(C(F)(S(=O)(F)=O)F)(F)C(F)(F)C(F)(F)F,O[C@@H]1C[C@@H](C1)OCC2=CC=CC=C2,89
BTPP,3-Cl,s9,CC(N=P(N1CCCC1)(N2CCCC2)N3CCCC3)(C)C,ClC1=CC=C(S(=O)(F)=O)C=C1,O[C@@H]1C[C@@H](C1)OCC2=CC=CC=C2,3
BTPP,PyFluor,s9,CC(N=P(N1CCCC1)(N2CCCC2)N3CCCC3)(C)C,O=S(C1=CC=CC=N1)(F)=O,O[C@@H]1C[C@@H](C1)OCC2=CC=CC=C2,1
BTPP,3-CF3,s9,CC(N=P(N1CCCC1)(N2CCCC2)N3CCCC3)(C)C,O=S(C1=CC=C(C(F)(F)F)C=C1)(F)=O,O[C@@H]1C[C@@H](C1)OCC2=CC=CC=C2,12
BTPP,3-NO2,s9,CC(N=P(N1CCCC1)(N2CCCC2)N3CCCC3)(C)C,O=S(C1=CC=C([N+]([O-])=O)C=C1)(F)=O,O[C@@H]1C[C@@H](C1)OCC2=CC=CC=C2,22
BTPP,PBSF,s9,CC(N=P(N1CCCC1)(N2CCCC2)N3CCCC3)(C)C,FC(C(F)(S(=O)(F)=O)F)(F)C(F)(F)C(F)(F)F,O[C@@H]1C[C@@H](C1)OCC2=CC=CC=C2,82
DBU,3-Cl,s10,N12CCCN=C1CCCCC2,ClC1=CC=C(S(=O)(F)=O)C=C1,O=C(OC)[C@H]1N(C(OC(C)(C)C)=O)C[C@H](O)C1,23
DBU,PyFluor,s10,N12CCCN=C1CCCCC2,O=S(C1=CC=CC=N1)(F)=O,O=C(OC)[C@H]1N(C(OC(C)(C)C)=O)C[C@H](O)C1,40
DBU,3-CF3,s10,N12CCCN=C1CCCCC2,O=S(C1=CC=C(C(F)(F)F)C=C1)(F)=O,O=C(OC)[C@H]1N(C(OC(C)(C)C)=O)C[C@H](O)C1,47
DBU,3-NO2,s10,N12CCCN=C1CCCCC2,O=S(C1=CC=C([N+]([O-])=O)C=C1)(F)=O,O=C(OC)[C@H]1N(C(OC(C)(C)C)=O)C[C@H](O)C1,55
DBU,PBSF,s10,N12CCCN=C1CCCCC2,FC(C(F)(S(=O)(F)=O)F)(F)C(F)(F)C(F)(F)F,O=C(OC)[C@H]1N(C(OC(C)(C)C)=O)C[C@H](O)C1,76
MTBD,3-Cl,s10,CN1CCCN2CCCN=C21,ClC1=CC=C(S(=O)(F)=O)C=C1,O=C(OC)[C@H]1N(C(OC(C)(C)C)=O)C[C@H](O)C1,34
MTBD,PyFluor,s10,CN1CCCN2CCCN=C21,O=S(C1=CC=CC=N1)(F)=O,O=C(OC)[C@H]1N(C(OC(C)(C)C)=O)C[C@H](O)C1,41
MTBD,3-CF3,s10,CN1CCCN2CCCN=C21,O=S(C1=CC=C(C(F)(F)F)C=C1)(F)=O,O=C(OC)[C@H]1N(C(OC(C)(C)C)=O)C[C@H](O)C1,60
MTBD,3-NO2,s10,CN1CCCN2CCCN=C21,O=S(C1=CC=C([N+]([O-])=O)C=C1)(F)=O,O=C(OC)[C@H]1N(C(OC(C)(C)C)=O)C[C@H](O)C1,65
MTBD,PBSF,s10,CN1CCCN2CCCN=C21,FC(C(F)(S(=O)(F)=O)F)(F)C(F)(F)C(F)(F)F,O=C(OC)[C@H]1N(C(OC(C)(C)C)=O)C[C@H](O)C1,88
BTMG,3-Cl,s10,CN(C)/C(N(C)C)=N/C(C)(C)C,ClC1=CC=C(S(=O)(F)=O)C=C1,O=C(OC)[C@H]1N(C(OC(C)(C)C)=O)C[C@H](O)C1,30
BTMG,PyFluor,s10,CN(C)/C(N(C)C)=N/C(C)(C)C,O=S(C1=CC=CC=N1)(F)=O,O=C(OC)[C@H]1N(C(OC(C)(C)C)=O)C[C@H](O)C1,39
BTMG,3-CF3,s10,CN(C)/C(N(C)C)=N/C(C)(C)C,O=S(C1=CC=C(C(F)(F)F)C=C1)(F)=O,O=C(OC)[C@H]1N(C(OC(C)(C)C)=O)C[C@H](O)C1,47
BTMG,3-NO2,s10,CN(C)/C(N(C)C)=N/C(C)(C)C,O=S(C1=CC=C([N+]([O-])=O)C=C1)(F)=O,O=C(OC)[C@H]1N(C(OC(C)(C)C)=O)C[C@H](O)C1,55
BTMG,PBSF,s10,CN(C)/C(N(C)C)=N/C(C)(C)C,FC(C(F)(S(=O)(F)=O)F)(F)C(F)(F)C(F)(F)F,O=C(OC)[C@H]1N(C(OC(C)(C)C)=O)C[C@H](O)C1,79
BTPP,3-Cl,s10,CC(N=P(N1CCCC1)(N2CCCC2)N3CCCC3)(C)C,ClC1=CC=C(S(=O)(F)=O)C=C1,O=C(OC)[C@H]1N(C(OC(C)(C)C)=O)C[C@H](O)C1,46
BTPP,PyFluor,s10,CC(N=P(N1CCCC1)(N2CCCC2)N3CCCC3)(C)C,O=S(C1=CC=CC=N1)(F)=O,O=C(OC)[C@H]1N(C(OC(C)(C)C)=O)C[C@H](O)C1,49
BTPP,3-CF3,s10,CC(N=P(N1CCCC1)(N2CCCC2)N3CCCC3)(C)C,O=S(C1=CC=C(C(F)(F)F)C=C1)(F)=O,O=C(OC)[C@H]1N(C(OC(C)(C)C)=O)C[C@H](O)C1,58
BTPP,3-NO2,s10,CC(N=P(N1CCCC1)(N2CCCC2)N3CCCC3)(C)C,O=S(C1=CC=C([N+]([O-])=O)C=C1)(F)=O,O=C(OC)[C@H]1N(C(OC(C)(C)C)=O)C[C@H](O)C1,56
BTPP,PBSF,s10,CC(N=P(N1CCCC1)(N2CCCC2)N3CCCC3)(C)C,FC(C(F)(S(=O)(F)=O)F)(F)C(F)(F)C(F)(F)F,O=C(OC)[C@H]1N(C(OC(C)(C)C)=O)C[C@H](O)C1,82
DBU,3-Cl,s11,N12CCCN=C1CCCCC2,ClC1=CC=C(S(=O)(F)=O)C=C1,O=C(OC)[C@H]1N(C(OC(C)(C)C)=O)C[C@@H](O)C1,25
DBU,PyFluor,s11,N12CCCN=C1CCCCC2,O=S(C1=CC=CC=N1)(F)=O,O=C(OC)[C@H]1N(C(OC(C)(C)C)=O)C[C@@H](O)C1,45
DBU,3-CF3,s11,N12CCCN=C1CCCCC2,O=S(C1=CC=C(C(F)(F)F)C=C1)(F)=O,O=C(OC)[C@H]1N(C(OC(C)(C)C)=O)C[C@@H](O)C1,41
DBU,3-NO2,s11,N12CCCN=C1CCCCC2,O=S(C1=CC=C([N+]([O-])=O)C=C1)(F)=O,O=C(OC)[C@H]1N(C(OC(C)(C)C)=O)C[C@@H](O)C1,48
DBU,PBSF,s11,N12CCCN=C1CCCCC2,FC(C(F)(S(=O)(F)=O)F)(F)C(F)(F)C(F)(F)F,O=C(OC)[C@H]1N(C(OC(C)(C)C)=O)C[C@@H](O)C1,59
MTBD,3-Cl,s11,CN1CCCN2CCCN=C21,ClC1=CC=C(S(=O)(F)=O)C=C1,O=C(OC)[C@H]1N(C(OC(C)(C)C)=O)C[C@@H](O)C1,30
MTBD,PyFluor,s11,CN1CCCN2CCCN=C21,O=S(C1=CC=CC=N1)(F)=O,O=C(OC)[C@H]1N(C(OC(C)(C)C)=O)C[C@@H](O)C1,40
MTBD,3-CF3,s11,CN1CCCN2CCCN=C21,O=S(C1=CC=C(C(F)(F)F)C=C1)(F)=O,O=C(OC)[C@H]1N(C(OC(C)(C)C)=O)C[C@@H](O)C1,47
MTBD,3-NO2,s11,CN1CCCN2CCCN=C21,O=S(C1=CC=C([N+]([O-])=O)C=C1)(F)=O,O=C(OC)[C@H]1N(C(OC(C)(C)C)=O)C[C@@H](O)C1,48
MTBD,PBSF,s11,CN1CCCN2CCCN=C21,FC(C(F)(S(=O)(F)=O)F)(F)C(F)(F)C(F)(F)F,O=C(OC)[C@H]1N(C(OC(C)(C)C)=O)C[C@@H](O)C1,74
BTMG,3-Cl,s11,CN(C)/C(N(C)C)=N/C(C)(C)C,ClC1=CC=C(S(=O)(F)=O)C=C1,O=C(OC)[C@H]1N(C(OC(C)(C)C)=O)C[C@@H](O)C1,29
BTMG,PyFluor,s11,CN(C)/C(N(C)C)=N/C(C)(C)C,O=S(C1=CC=CC=N1)(F)=O,O=C(OC)[C@H]1N(C(OC(C)(C)C)=O)C[C@@H](O)C1,39
BTMG,3-CF3,s11,CN(C)/C(N(C)C)=N/C(C)(C)C,O=S(C1=CC=C(C(F)(F)F)C=C1)(F)=O,O=C(OC)[C@H]1N(C(OC(C)(C)C)=O)C[C@@H](O)C1,39
BTMG,3-NO2,s11,CN(C)/C(N(C)C)=N/C(C)(C)C,O=S(C1=CC=C([N+]([O-])=O)C=C1)(F)=O,O=C(OC)[C@H]1N(C(OC(C)(C)C)=O)C[C@@H](O)C1,40
BTMG,PBSF,s11,CN(C)/C(N(C)C)=N/C(C)(C)C,FC(C(F)(S(=O)(F)=O)F)(F)C(F)(F)C(F)(F)F,O=C(OC)[C@H]1N(C(OC(C)(C)C)=O)C[C@@H](O)C1,64
BTPP,3-Cl,s11,CC(N=P(N1CCCC1)(N2CCCC2)N3CCCC3)(C)C,ClC1=CC=C(S(=O)(F)=O)C=C1,O=C(OC)[C@H]1N(C(OC(C)(C)C)=O)C[C@@H](O)C1,30
BTPP,PyFluor,s11,CC(N=P(N1CCCC1)(N2CCCC2)N3CCCC3)(C)C,O=S(C1=CC=CC=N1)(F)=O,O=C(OC)[C@H]1N(C(OC(C)(C)C)=O)C[C@@H](O)C1,33
BTPP,3-CF3,s11,CC(N=P(N1CCCC1)(N2CCCC2)N3CCCC3)(C)C,O=S(C1=CC=C(C(F)(F)F)C=C1)(F)=O,O=C(OC)[C@H]1N(C(OC(C)(C)C)=O)C[C@@H](O)C1,33
BTPP,3-NO2,s11,CC(N=P(N1CCCC1)(N2CCCC2)N3CCCC3)(C)C,O=S(C1=CC=C([N+]([O-])=O)C=C1)(F)=O,O=C(OC)[C@H]1N(C(OC(C)(C)C)=O)C[C@@H](O)C1,32
BTPP,PBSF,s11,CC(N=P(N1CCCC1)(N2CCCC2)N3CCCC3)(C)C,FC(C(F)(S(=O)(F)=O)F)(F)C(F)(F)C(F)(F)F,O=C(OC)[C@H]1N(C(OC(C)(C)C)=O)C[C@@H](O)C1,58
DBU,3-Cl,s12,N12CCCN=C1CCCCC2,ClC1=CC=C(S(=O)(F)=O)C=C1,O[C@H]1[C@@H](O2)[C@@H](OC2(C)C)O[C@@H]1[C@@H](CO3)OC3(C)C,0
DBU,PyFluor,s12,N12CCCN=C1CCCCC2,O=S(C1=CC=CC=N1)(F)=O,O[C@H]1[C@@H](O2)[C@@H](OC2(C)C)O[C@@H]1[C@@H](CO3)OC3(C)C,0
DBU,3-CF3,s12,N12CCCN=C1CCCCC2,O=S(C1=CC=C(C(F)(F)F)C=C1)(F)=O,O[C@H]1[C@@H](O2)[C@@H](OC2(C)C)O[C@@H]1[C@@H](CO3)OC3(C)C,0
DBU,3-NO2,s12,N12CCCN=C1CCCCC2,O=S(C1=CC=C([N+]([O-])=O)C=C1)(F)=O,O[C@H]1[C@@H](O2)[C@@H](OC2(C)C)O[C@@H]1[C@@H](CO3)OC3(C)C,0
DBU,PBSF,s12,N12CCCN=C1CCCCC2,FC(C(F)(S(=O)(F)=O)F)(F)C(F)(F)C(F)(F)F,O[C@H]1[C@@H](O2)[C@@H](OC2(C)C)O[C@@H]1[C@@H](CO3)OC3(C)C,65
MTBD,3-Cl,s12,CN1CCCN2CCCN=C21,ClC1=CC=C(S(=O)(F)=O)C=C1,O[C@H]1[C@@H](O2)[C@@H](OC2(C)C)O[C@@H]1[C@@H](CO3)OC3(C)C,0
MTBD,PyFluor,s12,CN1CCCN2CCCN=C21,O=S(C1=CC=CC=N1)(F)=O,O[C@H]1[C@@H](O2)[C@@H](OC2(C)C)O[C@@H]1[C@@H](CO3)OC3(C)C,0
MTBD,3-CF3,s12,CN1CCCN2CCCN=C21,O=S(C1=CC=C(C(F)(F)F)C=C1)(F)=O,O[C@H]1[C@@H](O2)[C@@H](OC2(C)C)O[C@@H]1[C@@H](CO3)OC3(C)C,0
MTBD,3-NO2,s12,CN1CCCN2CCCN=C21,O=S(C1=CC=C([N+]([O-])=O)C=C1)(F)=O,O[C@H]1[C@@H](O2)[C@@H](OC2(C)C)O[C@@H]1[C@@H](CO3)OC3(C)C,0
MTBD,PBSF,s12,CN1CCCN2CCCN=C21,FC(C(F)(S(=O)(F)=O)F)(F)C(F)(F)C(F)(F)F,O[C@H]1[C@@H](O2)[C@@H](OC2(C)C)O[C@@H]1[C@@H](CO3)OC3(C)C,80
BTMG,3-Cl,s12,CN(C)/C(N(C)C)=N/C(C)(C)C,ClC1=CC=C(S(=O)(F)=O)C=C1,O[C@H]1[C@@H](O2)[C@@H](OC2(C)C)O[C@@H]1[C@@H](CO3)OC3(C)C,0
BTMG,PyFluor,s12,CN(C)/C(N(C)C)=N/C(C)(C)C,O=S(C1=CC=CC=N1)(F)=O,O[C@H]1[C@@H](O2)[C@@H](OC2(C)C)O[C@@H]1[C@@H](CO3)OC3(C)C,0
BTMG,3-CF3,s12,CN(C)/C(N(C)C)=N/C(C)(C)C,O=S(C1=CC=C(C(F)(F)F)C=C1)(F)=O,O[C@H]1[C@@H](O2)[C@@H](OC2(C)C)O[C@@H]1[C@@H](CO3)OC3(C)C,0
BTMG,3-NO2,s12,CN(C)/C(N(C)C)=N/C(C)(C)C,O=S(C1=CC=C([N+]([O-])=O)C=C1)(F)=O,O[C@H]1[C@@H](O2)[C@@H](OC2(C)C)O[C@@H]1[C@@H](CO3)OC3(C)C,0
BTMG,PBSF,s12,CN(C)/C(N(C)C)=N/C(C)(C)C,FC(C(F)(S(=O)(F)=O)F)(F)C(F)(F)C(F)(F)F,O[C@H]1[C@@H](O2)[C@@H](OC2(C)C)O[C@@H]1[C@@H](CO3)OC3(C)C,70
BTPP,3-Cl,s12,CC(N=P(N1CCCC1)(N2CCCC2)N3CCCC3)(C)C,ClC1=CC=C(S(=O)(F)=O)C=C1,O[C@H]1[C@@H](O2)[C@@H](OC2(C)C)O[C@@H]1[C@@H](CO3)OC3(C)C,0
BTPP,PyFluor,s12,CC(N=P(N1CCCC1)(N2CCCC2)N3CCCC3)(C)C,O=S(C1=CC=CC=N1)(F)=O,O[C@H]1[C@@H](O2)[C@@H](OC2(C)C)O[C@@H]1[C@@H](CO3)OC3(C)C,0
BTPP,3-CF3,s12,CC(N=P(N1CCCC1)(N2CCCC2)N3CCCC3)(C)C,O=S(C1=CC=C(C(F)(F)F)C=C1)(F)=O,O[C@H]1[C@@H](O2)[C@@H](OC2(C)C)O[C@@H]1[C@@H](CO3)OC3(C)C,0
BTPP,3-NO2,s12,CC(N=P(N1CCCC1)(N2CCCC2)N3CCCC3)(C)C,O=S(C1=CC=C([N+]([O-])=O)C=C1)(F)=O,O[C@H]1[C@@H](O2)[C@@H](OC2(C)C)O[C@@H]1[C@@H](CO3)OC3(C)C,0
BTPP,PBSF,s12,CC(N=P(N1CCCC1)(N2CCCC2)N3CCCC3)(C)C,FC(C(F)(S(=O)(F)=O)F)(F)C(F)(F)C(F)(F)F,O[C@H]1[C@@H](O2)[C@@H](OC2(C)C)O[C@@H]1[C@@H](CO3)OC3(C)C,70
DBU,3-Cl,s13,N12CCCN=C1CCCCC2,ClC1=CC=C(S(=O)(F)=O)C=C1,O[C@H]1[C@@]([H])(OC[C@@H]2OC(C)=O)[C@]2([H])OC1,0
DBU,PyFluor,s13,N12CCCN=C1CCCCC2,O=S(C1=CC=CC=N1)(F)=O,O[C@H]1[C@@]([H])(OC[C@@H]2OC(C)=O)[C@]2([H])OC1,1
DBU,3-CF3,s13,N12CCCN=C1CCCCC2,O=S(C1=CC=C(C(F)(F)F)C=C1)(F)=O,O[C@H]1[C@@]([H])(OC[C@@H]2OC(C)=O)[C@]2([H])OC1,3
DBU,3-NO2,s13,N12CCCN=C1CCCCC2,O=S(C1=CC=C([N+]([O-])=O)C=C1)(F)=O,O[C@H]1[C@@]([H])(OC[C@@H]2OC(C)=O)[C@]2([H])OC1,7
DBU,PBSF,s13,N12CCCN=C1CCCCC2,FC(C(F)(S(=O)(F)=O)F)(F)C(F)(F)C(F)(F)F,O[C@H]1[C@@]([H])(OC[C@@H]2OC(C)=O)[C@]2([H])OC1,91
MTBD,3-Cl,s13,CN1CCCN2CCCN=C21,ClC1=CC=C(S(=O)(F)=O)C=C1,O[C@H]1[C@@]([H])(OC[C@@H]2OC(C)=O)[C@]2([H])OC1,2
MTBD,PyFluor,s13,CN1CCCN2CCCN=C21,O=S(C1=CC=CC=N1)(F)=O,O[C@H]1[C@@]([H])(OC[C@@H]2OC(C)=O)[C@]2([H])OC1,3
MTBD,3-CF3,s13,CN1CCCN2CCCN=C21,O=S(C1=CC=C(C(F)(F)F)C=C1)(F)=O,O[C@H]1[C@@]([H])(OC[C@@H]2OC(C)=O)[C@]2([H])OC1,7
MTBD,3-NO2,s13,CN1CCCN2CCCN=C21,O=S(C1=CC=C([N+]([O-])=O)C=C1)(F)=O,O[C@H]1[C@@]([H])(OC[C@@H]2OC(C)=O)[C@]2([H])OC1,14
MTBD,PBSF,s13,CN1CCCN2CCCN=C21,FC(C(F)(S(=O)(F)=O)F)(F)C(F)(F)C(F)(F)F,O[C@H]1[C@@]([H])(OC[C@@H]2OC(C)=O)[C@]2([H])OC1,105
BTMG,3-Cl,s13,CN(C)/C(N(C)C)=N/C(C)(C)C,ClC1=CC=C(S(=O)(F)=O)C=C1,O[C@H]1[C@@]([H])(OC[C@@H]2OC(C)=O)[C@]2([H])OC1,2
BTMG,PyFluor,s13,CN(C)/C(N(C)C)=N/C(C)(C)C,O=S(C1=CC=CC=N1)(F)=O,O[C@H]1[C@@]([H])(OC[C@@H]2OC(C)=O)[C@]2([H])OC1,2
BTMG,3-CF3,s13,CN(C)/C(N(C)C)=N/C(C)(C)C,O=S(C1=CC=C(C(F)(F)F)C=C1)(F)=O,O[C@H]1[C@@]([H])(OC[C@@H]2OC(C)=O)[C@]2([H])OC1,6
BTMG,3-NO2,s13,CN(C)/C(N(C)C)=N/C(C)(C)C,O=S(C1=CC=C([N+]([O-])=O)C=C1)(F)=O,O[C@H]1[C@@]([H])(OC[C@@H]2OC(C)=O)[C@]2([H])OC1,12
BTMG,PBSF,s13,CN(C)/C(N(C)C)=N/C(C)(C)C,FC(C(F)(S(=O)(F)=O)F)(F)C(F)(F)C(F)(F)F,O[C@H]1[C@@]([H])(OC[C@@H]2OC(C)=O)[C@]2([H])OC1,97
BTPP,3-Cl,s13,CC(N=P(N1CCCC1)(N2CCCC2)N3CCCC3)(C)C,ClC1=CC=C(S(=O)(F)=O)C=C1,O[C@H]1[C@@]([H])(OC[C@@H]2OC(C)=O)[C@]2([H])OC1,8
BTPP,PyFluor,s13,CC(N=P(N1CCCC1)(N2CCCC2)N3CCCC3)(C)C,O=S(C1=CC=CC=N1)(F)=O,O[C@H]1[C@@]([H])(OC[C@@H]2OC(C)=O)[C@]2([H])OC1,5
BTPP,3-CF3,s13,CC(N=P(N1CCCC1)(N2CCCC2)N3CCCC3)(C)C,O=S(C1=CC=C(C(F)(F)F)C=C1)(F)=O,O[C@H]1[C@@]([H])(OC[C@@H]2OC(C)=O)[C@]2([H])OC1,23
BTPP,3-NO2,s13,CC(N=P(N1CCCC1)(N2CCCC2)N3CCCC3)(C)C,O=S(C1=CC=C([N+]([O-])=O)C=C1)(F)=O,O[C@H]1[C@@]([H])(OC[C@@H]2OC(C)=O)[C@]2([H])OC1,30
BTPP,PBSF,s13,CC(N=P(N1CCCC1)(N2CCCC2)N3CCCC3)(C)C,FC(C(F)(S(=O)(F)=O)F)(F)C(F)(F)C(F)(F)F,O[C@H]1[C@@]([H])(OC[C@@H]2OC(C)=O)[C@]2([H])OC1,106
DBU,3-Cl,s14,N12CCCN=C1CCCCC2,ClC1=CC=C(S(=O)(F)=O)C=C1,O=C1C2=C(C=CC=C2)C(N1[C@H]3CC[C@H](O)CC3)=O,1
DBU,PyFluor,s14,N12CCCN=C1CCCCC2,O=S(C1=CC=CC=N1)(F)=O,O=C1C2=C(C=CC=C2)C(N1[C@H]3CC[C@H](O)CC3)=O,1
DBU,3-CF3,s14,N12CCCN=C1CCCCC2,O=S(C1=CC=C(C(F)(F)F)C=C1)(F)=O,O=C1C2=C(C=CC=C2)C(N1[C@H]3CC[C@H](O)CC3)=O,5
DBU,3-NO2,s14,N12CCCN=C1CCCCC2,O=S(C1=CC=C([N+]([O-])=O)C=C1)(F)=O,O=C1C2=C(C=CC=C2)C(N1[C@H]3CC[C@H](O)CC3)=O,12
DBU,PBSF,s14,N12CCCN=C1CCCCC2,FC(C(F)(S(=O)(F)=O)F)(F)C(F)(F)C(F)(F)F,O=C1C2=C(C=CC=C2)C(N1[C@H]3CC[C@H](O)CC3)=O,40
MTBD,3-Cl,s14,CN1CCCN2CCCN=C21,ClC1=CC=C(S(=O)(F)=O)C=C1,O=C1C2=C(C=CC=C2)C(N1[C@H]3CC[C@H](O)CC3)=O,2
MTBD,PyFluor,s14,CN1CCCN2CCCN=C21,O=S(C1=CC=CC=N1)(F)=O,O=C1C2=C(C=CC=C2)C(N1[C@H]3CC[C@H](O)CC3)=O,3
MTBD,3-CF3,s14,CN1CCCN2CCCN=C21,O=S(C1=CC=C(C(F)(F)F)C=C1)(F)=O,O=C1C2=C(C=CC=C2)C(N1[C@H]3CC[C@H](O)CC3)=O,6
MTBD,3-NO2,s14,CN1CCCN2CCCN=C21,O=S(C1=CC=C([N+]([O-])=O)C=C1)(F)=O,O=C1C2=C(C=CC=C2)C(N1[C@H]3CC[C@H](O)CC3)=O,12
MTBD,PBSF,s14,CN1CCCN2CCCN=C21,FC(C(F)(S(=O)(F)=O)F)(F)C(F)(F)C(F)(F)F,O=C1C2=C(C=CC=C2)C(N1[C@H]3CC[C@H](O)CC3)=O,48
BTMG,3-Cl,s14,CN(C)/C(N(C)C)=N/C(C)(C)C,ClC1=CC=C(S(=O)(F)=O)C=C1,O=C1C2=C(C=CC=C2)C(N1[C@H]3CC[C@H](O)CC3)=O,2
BTMG,PyFluor,s14,CN(C)/C(N(C)C)=N/C(C)(C)C,O=S(C1=CC=CC=N1)(F)=O,O=C1C2=C(C=CC=C2)C(N1[C@H]3CC[C@H](O)CC3)=O,2
BTMG,3-CF3,s14,CN(C)/C(N(C)C)=N/C(C)(C)C,O=S(C1=CC=C(C(F)(F)F)C=C1)(F)=O,O=C1C2=C(C=CC=C2)C(N1[C@H]3CC[C@H](O)CC3)=O,5
BTMG,3-NO2,s14,CN(C)/C(N(C)C)=N/C(C)(C)C,O=S(C1=CC=C([N+]([O-])=O)C=C1)(F)=O,O=C1C2=C(C=CC=C2)C(N1[C@H]3CC[C@H](O)CC3)=O,11
BTMG,PBSF,s14,CN(C)/C(N(C)C)=N/C(C)(C)C,FC(C(F)(S(=O)(F)=O)F)(F)C(F)(F)C(F)(F)F,O=C1C2=C(C=CC=C2)C(N1[C@H]3CC[C@H](O)CC3)=O,50
BTPP,3-Cl,s14,CC(N=P(N1CCCC1)(N2CCCC2)N3CCCC3)(C)C,ClC1=CC=C(S(=O)(F)=O)C=C1,O=C1C2=C(C=CC=C2)C(N1[C@H]3CC[C@H](O)CC3)=O,2
BTPP,PyFluor,s14,CC(N=P(N1CCCC1)(N2CCCC2)N3CCCC3)(C)C,O=S(C1=CC=CC=N1)(F)=O,O=C1C2=C(C=CC=C2)C(N1[C@H]3CC[C@H](O)CC3)=O,2
BTPP,3-CF3,s14,CC(N=P(N1CCCC1)(N2CCCC2)N3CCCC3)(C)C,O=S(C1=CC=C(C(F)(F)F)C=C1)(F)=O,O=C1C2=C(C=CC=C2)C(N1[C@H]3CC[C@H](O)CC3)=O,9
BTPP,3-NO2,s14,CC(N=P(N1CCCC1)(N2CCCC2)N3CCCC3)(C)C,O=S(C1=CC=C([N+]([O-])=O)C=C1)(F)=O,O=C1C2=C(C=CC=C2)C(N1[C@H]3CC[C@H](O)CC3)=O,11
BTPP,PBSF,s14,CC(N=P(N1CCCC1)(N2CCCC2)N3CCCC3)(C)C,FC(C(F)(S(=O)(F)=O)F)(F)C(F)(F)C(F)(F)F,O=C1C2=C(C=CC=C2)C(N1[C@H]3CC[C@H](O)CC3)=O,45
DBU,3-Cl,s15,N12CCCN=C1CCCCC2,ClC1=CC=C(S(=O)(F)=O)C=C1,O=C1C2=C(C=CC=C2)C(N1[C@H]3CC[C@@H](O)CC3)=O,4
DBU,PyFluor,s15,N12CCCN=C1CCCCC2,O=S(C1=CC=CC=N1)(F)=O,O=C1C2=C(C=CC=C2)C(N1[C@H]3CC[C@@H](O)CC3)=O,6
DBU,3-CF3,s15,N12CCCN=C1CCCCC2,O=S(C1=CC=C(C(F)(F)F)C=C1)(F)=O,O=C1C2=C(C=CC=C2)C(N1[C@H]3CC[C@@H](O)CC3)=O,7
DBU,3-NO2,s15,N12CCCN=C1CCCCC2,O=S(C1=CC=C([N+]([O-])=O)C=C1)(F)=O,O=C1C2=C(C=CC=C2)C(N1[C@H]3CC[C@@H](O)CC3)=O,7
DBU,PBSF,s15,N12CCCN=C1CCCCC2,FC(C(F)(S(=O)(F)=O)F)(F)C(F)(F)C(F)(F)F,O=C1C2=C(C=CC=C2)C(N1[C@H]3CC[C@@H](O)CC3)=O,8
MTBD,3-Cl,s15,CN1CCCN2CCCN=C21,ClC1=CC=C(S(=O)(F)=O)C=C1,O=C1C2=C(C=CC=C2)C(N1[C@H]3CC[C@@H](O)CC3)=O,5
MTBD,PyFluor,s15,CN1CCCN2CCCN=C21,O=S(C1=CC=CC=N1)(F)=O,O=C1C2=C(C=CC=C2)C(N1[C@H]3CC[C@@H](O)CC3)=O,7
MTBD,3-CF3,s15,CN1CCCN2CCCN=C21,O=S(C1=CC=C(C(F)(F)F)C=C1)(F)=O,O=C1C2=C(C=CC=C2)C(N1[C@H]3CC[C@@H](O)CC3)=O,9
MTBD,3-NO2,s15,CN1CCCN2CCCN=C21,O=S(C1=CC=C([N+]([O-])=O)C=C1)(F)=O,O=C1C2=C(C=CC=C2)C(N1[C@H]3CC[C@@H](O)CC3)=O,7
MTBD,PBSF,s15,CN1CCCN2CCCN=C21,FC(C(F)(S(=O)(F)=O)F)(F)C(F)(F)C(F)(F)F,O=C1C2=C(C=CC=C2)C(N1[C@H]3CC[C@@H](O)CC3)=O,11
BTMG,3-Cl,s15,CN(C)/C(N(C)C)=N/C(C)(C)C,ClC1=CC=C(S(=O)(F)=O)C=C1,O=C1C2=C(C=CC=C2)C(N1[C@H]3CC[C@@H](O)CC3)=O,1
BTMG,PyFluor,s15,CN(C)/C(N(C)C)=N/C(C)(C)C,O=S(C1=CC=CC=N1)(F)=O,O=C1C2=C(C=CC=C2)C(N1[C@H]3CC[C@@H](O)CC3)=O,4
BTMG,3-CF3,s15,CN(C)/C(N(C)C)=N/C(C)(C)C,O=S(C1=CC=C(C(F)(F)F)C=C1)(F)=O,O=C1C2=C(C=CC=C2)C(N1[C@H]3CC[C@@H](O)CC3)=O,6
BTMG,3-NO2,s15,CN(C)/C(N(C)C)=N/C(C)(C)C,O=S(C1=CC=C([N+]([O-])=O)C=C1)(F)=O,O=C1C2=C(C=CC=C2)C(N1[C@H]3CC[C@@H](O)CC3)=O,6
BTMG,PBSF,s15,CN(C)/C(N(C)C)=N/C(C)(C)C,FC(C(F)(S(=O)(F)=O)F)(F)C(F)(F)C(F)(F)F,O=C1C2=C(C=CC=C2)C(N1[C@H]3CC[C@@H](O)CC3)=O,12
BTPP,3-Cl,s15,CC(N=P(N1CCCC1)(N2CCCC2)N3CCCC3)(C)C,ClC1=CC=C(S(=O)(F)=O)C=C1,O=C1C2=C(C=CC=C2)C(N1[C@H]3CC[C@@H](O)CC3)=O,2
BTPP,PyFluor,s15,CC(N=P(N1CCCC1)(N2CCCC2)N3CCCC3)(C)C,O=S(C1=CC=CC=N1)(F)=O,O=C1C2=C(C=CC=C2)C(N1[C@H]3CC[C@@H](O)CC3)=O,3
BTPP,3-CF3,s15,CC(N=P(N1CCCC1)(N2CCCC2)N3CCCC3)(C)C,O=S(C1=CC=C(C(F)(F)F)C=C1)(F)=O,O=C1C2=C(C=CC=C2)C(N1[C@H]3CC[C@@H](O)CC3)=O,6
BTPP,3-NO2,s15,CC(N=P(N1CCCC1)(N2CCCC2)N3CCCC3)(C)C,O=S(C1=CC=C([N+]([O-])=O)C=C1)(F)=O,O=C1C2=C(C=CC=C2)C(N1[C@H]3CC[C@@H](O)CC3)=O,5
BTPP,PBSF,s15,CC(N=P(N1CCCC1)(N2CCCC2)N3CCCC3)(C)C,FC(C(F)(S(=O)(F)=O)F)(F)C(F)(F)C(F)(F)F,O=C1C2=C(C=CC=C2)C(N1[C@H]3CC[C@@H](O)CC3)=O,13
DBU,3-Cl,s16,N12CCCN=C1CCCCC2,ClC1=CC=C(S(=O)(F)=O)C=C1,[H][C@](C1)(O)C[C@H]2CC[C@@H]1N2C(OC(C)(C)C)=O,17
DBU,PyFluor,s16,N12CCCN=C1CCCCC2,O=S(C1=CC=CC=N1)(F)=O,[H][C@](C1)(O)C[C@H]2CC[C@@H]1N2C(OC(C)(C)C)=O,35
DBU,3-CF3,s16,N12CCCN=C1CCCCC2,O=S(C1=CC=C(C(F)(F)F)C=C1)(F)=O,[H][C@](C1)(O)C[C@H]2CC[C@@H]1N2C(OC(C)(C)C)=O,38
DBU,3-NO2,s16,N12CCCN=C1CCCCC2,O=S(C1=CC=C([N+]([O-])=O)C=C1)(F)=O,[H][C@](C1)(O)C[C@H]2CC[C@@H]1N2C(OC(C)(C)C)=O,40
DBU,PBSF,s16,N12CCCN=C1CCCCC2,FC(C(F)(S(=O)(F)=O)F)(F)C(F)(F)C(F)(F)F,[H][C@](C1)(O)C[C@H]2CC[C@@H]1N2C(OC(C)(C)C)=O,23
MTBD,3-Cl,s16,CN1CCCN2CCCN=C21,ClC1=CC=C(S(=O)(F)=O)C=C1,[H][C@](C1)(O)C[C@H]2CC[C@@H]1N2C(OC(C)(C)C)=O,18
MTBD,PyFluor,s16,CN1CCCN2CCCN=C21,O=S(C1=CC=CC=N1)(F)=O,[H][C@](C1)(O)C[C@H]2CC[C@@H]1N2C(OC(C)(C)C)=O,26
MTBD,3-CF3,s16,CN1CCCN2CCCN=C21,O=S(C1=CC=C(C(F)(F)F)C=C1)(F)=O,[H][C@](C1)(O)C[C@H]2CC[C@@H]1N2C(OC(C)(C)C)=O,39
MTBD,3-NO2,s16,CN1CCCN2CCCN=C21,O=S(C1=CC=C([N+]([O-])=O)C=C1)(F)=O,[H][C@](C1)(O)C[C@H]2CC[C@@H]1N2C(OC(C)(C)C)=O,41
MTBD,PBSF,s16,CN1CCCN2CCCN=C21,FC(C(F)(S(=O)(F)=O)F)(F)C(F)(F)C(F)(F)F,[H][C@](C1)(O)C[C@H]2CC[C@@H]1N2C(OC(C)(C)C)=O,44
BTMG,3-Cl,s16,CN(C)/C(N(C)C)=N/C(C)(C)C,ClC1=CC=C(S(=O)(F)=O)C=C1,[H][C@](C1)(O)C[C@H]2CC[C@@H]1N2C(OC(C)(C)C)=O,1
BTMG,PyFluor,s16,CN(C)/C(N(C)C)=N/C(C)(C)C,O=S(C1=CC=CC=N1)(F)=O,[H][C@](C1)(O)C[C@H]2CC[C@@H]1N2C(OC(C)(C)C)=O,20
BTMG,3-CF3,s16,CN(C)/C(N(C)C)=N/C(C)(C)C,O=S(C1=CC=C(C(F)(F)F)C=C1)(F)=O,[H][C@](C1)(O)C[C@H]2CC[C@@H]1N2C(OC(C)(C)C)=O,26
BTMG,3-NO2,s16,CN(C)/C(N(C)C)=N/C(C)(C)C,O=S(C1=CC=C([N+]([O-])=O)C=C1)(F)=O,[H][C@](C1)(O)C[C@H]2CC[C@@H]1N2C(OC(C)(C)C)=O,38
BTMG,PBSF,s16,CN(C)/C(N(C)C)=N/C(C)(C)C,FC(C(F)(S(=O)(F)=O)F)(F)C(F)(F)C(F)(F)F,[H][C@](C1)(O)C[C@H]2CC[C@@H]1N2C(OC(C)(C)C)=O,52
BTPP,3-Cl,s16,CC(N=P(N1CCCC1)(N2CCCC2)N3CCCC3)(C)C,ClC1=CC=C(S(=O)(F)=O)C=C1,[H][C@](C1)(O)C[C@H]2CC[C@@H]1N2C(OC(C)(C)C)=O,11
BTPP,PyFluor,s16,CC(N=P(N1CCCC1)(N2CCCC2)N3CCCC3)(C)C,O=S(C1=CC=CC=N1)(F)=O,[H][C@](C1)(O)C[C@H]2CC[C@@H]1N2C(OC(C)(C)C)=O,24
BTPP,3-CF3,s16,CC(N=P(N1CCCC1)(N2CCCC2)N3CCCC3)(C)C,O=S(C1=CC=C(C(F)(F)F)C=C1)(F)=O,[H][C@](C1)(O)C[C@H]2CC[C@@H]1N2C(OC(C)(C)C)=O,32
BTPP,3-NO2,s16,CC(N=P(N1CCCC1)(N2CCCC2)N3CCCC3)(C)C,O=S(C1=CC=C([N+]([O-])=O)C=C1)(F)=O,[H][C@](C1)(O)C[C@H]2CC[C@@H]1N2C(OC(C)(C)C)=O,28
BTPP,PBSF,s16,CC(N=P(N1CCCC1)(N2CCCC2)N3CCCC3)(C)C,FC(C(F)(S(=O)(F)=O)F)(F)C(F)(F)C(F)(F)F,[H][C@](C1)(O)C[C@H]2CC[C@@H]1N2C(OC(C)(C)C)=O,50
DBU,3-Cl,s17,N12CCCN=C1CCCCC2,ClC1=CC=C(S(=O)(F)=O)C=C1,OCC1=CC=C(C2=CC=CC=C2)C=C1,11
DBU,PyFluor,s17,N12CCCN=C1CCCCC2,O=S(C1=CC=CC=N1)(F)=O,OCC1=CC=C(C2=CC=CC=C2)C=C1,12
DBU,3-CF3,s17,N12CCCN=C1CCCCC2,O=S(C1=CC=C(C(F)(F)F)C=C1)(F)=O,OCC1=CC=C(C2=CC=CC=C2)C=C1,17
DBU,3-NO2,s17,N12CCCN=C1CCCCC2,O=S(C1=CC=C([N+]([O-])=O)C=C1)(F)=O,OCC1=CC=C(C2=CC=CC=C2)C=C1,21
DBU,PBSF,s17,N12CCCN=C1CCCCC2,FC(C(F)(S(=O)(F)=O)F)(F)C(F)(F)C(F)(F)F,OCC1=CC=C(C2=CC=CC=C2)C=C1,23
MTBD,3-Cl,s17,CN1CCCN2CCCN=C21,ClC1=CC=C(S(=O)(F)=O)C=C1,OCC1=CC=C(C2=CC=CC=C2)C=C1,36
MTBD,PyFluor,s17,CN1CCCN2CCCN=C21,O=S(C1=CC=CC=N1)(F)=O,OCC1=CC=C(C2=CC=CC=C2)C=C1,26
MTBD,3-CF3,s17,CN1CCCN2CCCN=C21,O=S(C1=CC=C(C(F)(F)F)C=C1)(F)=O,OCC1=CC=C(C2=CC=CC=C2)C=C1,36
MTBD,3-NO2,s17,CN1CCCN2CCCN=C21,O=S(C1=CC=C([N+]([O-])=O)C=C1)(F)=O,OCC1=CC=C(C2=CC=CC=C2)C=C1,41
MTBD,PBSF,s17,CN1CCCN2CCCN=C21,FC(C(F)(S(=O)(F)=O)F)(F)C(F)(F)C(F)(F)F,OCC1=CC=C(C2=CC=CC=C2)C=C1,37
BTMG,3-Cl,s17,CN(C)/C(N(C)C)=N/C(C)(C)C,ClC1=CC=C(S(=O)(F)=O)C=C1,OCC1=CC=C(C2=CC=CC=C2)C=C1,83
BTMG,PyFluor,s17,CN(C)/C(N(C)C)=N/C(C)(C)C,O=S(C1=CC=CC=N1)(F)=O,OCC1=CC=C(C2=CC=CC=C2)C=C1,57
BTMG,3-CF3,s17,CN(C)/C(N(C)C)=N/C(C)(C)C,O=S(C1=CC=C(C(F)(F)F)C=C1)(F)=O,OCC1=CC=C(C2=CC=CC=C2)C=C1,83
BTMG,3-NO2,s17,CN(C)/C(N(C)C)=N/C(C)(C)C,O=S(C1=CC=C([N+]([O-])=O)C=C1)(F)=O,OCC1=CC=C(C2=CC=CC=C2)C=C1,83
BTMG,PBSF,s17,CN(C)/C(N(C)C)=N/C(C)(C)C,FC(C(F)(S(=O)(F)=O)F)(F)C(F)(F)C(F)(F)F,OCC1=CC=C(C2=CC=CC=C2)C=C1,48
BTPP,3-Cl,s17,CC(N=P(N1CCCC1)(N2CCCC2)N3CCCC3)(C)C,ClC1=CC=C(S(=O)(F)=O)C=C1,OCC1=CC=C(C2=CC=CC=C2)C=C1,92
BTPP,PyFluor,s17,CC(N=P(N1CCCC1)(N2CCCC2)N3CCCC3)(C)C,O=S(C1=CC=CC=N1)(F)=O,OCC1=CC=C(C2=CC=CC=C2)C=C1,77
BTPP,3-CF3,s17,CC(N=P(N1CCCC1)(N2CCCC2)N3CCCC3)(C)C,O=S(C1=CC=C(C(F)(F)F)C=C1)(F)=O,OCC1=CC=C(C2=CC=CC=C2)C=C1,99
BTPP,3-NO2,s17,CC(N=P(N1CCCC1)(N2CCCC2)N3CCCC3)(C)C,O=S(C1=CC=C([N+]([O-])=O)C=C1)(F)=O,OCC1=CC=C(C2=CC=CC=C2)C=C1,91
BTPP,PBSF,s17,CC(N=P(N1CCCC1)(N2CCCC2)N3CCCC3)(C)C,FC(C(F)(S(=O)(F)=O)F)(F)C(F)(F)C(F)(F)F,OCC1=CC=C(C2=CC=CC=C2)C=C1,68
DBU,3-Cl,s18,N12CCCN=C1CCCCC2,ClC1=CC=C(S(=O)(F)=O)C=C1,OCC1=CC=C(S(N(CCC)CCC)(=O)=O)C=C1,18
DBU,PyFluor,s18,N12CCCN=C1CCCCC2,O=S(C1=CC=CC=N1)(F)=O,OCC1=CC=C(S(N(CCC)CCC)(=O)=O)C=C1,17
DBU,3-CF3,s18,N12CCCN=C1CCCCC2,O=S(C1=CC=C(C(F)(F)F)C=C1)(F)=O,OCC1=CC=C(S(N(CCC)CCC)(=O)=O)C=C1,9
DBU,3-NO2,s18,N12CCCN=C1CCCCC2,O=S(C1=CC=C([N+]([O-])=O)C=C1)(F)=O,OCC1=CC=C(S(N(CCC)CCC)(=O)=O)C=C1,28
DBU,PBSF,s18,N12CCCN=C1CCCCC2,FC(C(F)(S(=O)(F)=O)F)(F)C(F)(F)C(F)(F)F,OCC1=CC=C(S(N(CCC)CCC)(=O)=O)C=C1,29
MTBD,3-Cl,s18,CN1CCCN2CCCN=C21,ClC1=CC=C(S(=O)(F)=O)C=C1,OCC1=CC=C(S(N(CCC)CCC)(=O)=O)C=C1,36
MTBD,PyFluor,s18,CN1CCCN2CCCN=C21,O=S(C1=CC=CC=N1)(F)=O,OCC1=CC=C(S(N(CCC)CCC)(=O)=O)C=C1,41
MTBD,3-CF3,s18,CN1CCCN2CCCN=C21,O=S(C1=CC=C(C(F)(F)F)C=C1)(F)=O,OCC1=CC=C(S(N(CCC)CCC)(=O)=O)C=C1,38
MTBD,3-NO2,s18,CN1CCCN2CCCN=C21,O=S(C1=CC=C([N+]([O-])=O)C=C1)(F)=O,OCC1=CC=C(S(N(CCC)CCC)(=O)=O)C=C1,42
MTBD,PBSF,s18,CN1CCCN2CCCN=C21,FC(C(F)(S(=O)(F)=O)F)(F)C(F)(F)C(F)(F)F,OCC1=CC=C(S(N(CCC)CCC)(=O)=O)C=C1,44
BTMG,3-Cl,s18,CN(C)/C(N(C)C)=N/C(C)(C)C,ClC1=CC=C(S(=O)(F)=O)C=C1,OCC1=CC=C(S(N(CCC)CCC)(=O)=O)C=C1,79
BTMG,PyFluor,s18,CN(C)/C(N(C)C)=N/C(C)(C)C,O=S(C1=CC=CC=N1)(F)=O,OCC1=CC=C(S(N(CCC)CCC)(=O)=O)C=C1,74
BTMG,3-CF3,s18,CN(C)/C(N(C)C)=N/C(C)(C)C,O=S(C1=CC=C(C(F)(F)F)C=C1)(F)=O,OCC1=CC=C(S(N(CCC)CCC)(=O)=O)C=C1,85
BTMG,3-NO2,s18,CN(C)/C(N(C)C)=N/C(C)(C)C,O=S(C1=CC=C([N+]([O-])=O)C=C1)(F)=O,OCC1=CC=C(S(N(CCC)CCC)(=O)=O)C=C1,84
BTMG,PBSF,s18,CN(C)/C(N(C)C)=N/C(C)(C)C,FC(C(F)(S(=O)(F)=O)F)(F)C(F)(F)C(F)(F)F,OCC1=CC=C(S(N(CCC)CCC)(=O)=O)C=C1,66
BTPP,3-Cl,s18,CC(N=P(N1CCCC1)(N2CCCC2)N3CCCC3)(C)C,ClC1=CC=C(S(=O)(F)=O)C=C1,OCC1=CC=C(S(N(CCC)CCC)(=O)=O)C=C1,90
BTPP,PyFluor,s18,CC(N=P(N1CCCC1)(N2CCCC2)N3CCCC3)(C)C,O=S(C1=CC=CC=N1)(F)=O,OCC1=CC=C(S(N(CCC)CCC)(=O)=O)C=C1,85
BTPP,3-CF3,s18,CC(N=P(N1CCCC1)(N2CCCC2)N3CCCC3)(C)C,O=S(C1=CC=C(C(F)(F)F)C=C1)(F)=O,OCC1=CC=C(S(N(CCC)CCC)(=O)=O)C=C1,97
BTPP,3-NO2,s18,CC(N=P(N1CCCC1)(N2CCCC2)N3CCCC3)(C)C,O=S(C1=CC=C([N+]([O-])=O)C=C1)(F)=O,OCC1=CC=C(S(N(CCC)CCC)(=O)=O)C=C1,89
BTPP,PBSF,s18,CC(N=P(N1CCCC1)(N2CCCC2)N3CCCC3)(C)C,FC(C(F)(S(=O)(F)=O)F)(F)C(F)(F)C(F)(F)F,OCC1=CC=C(S(N(CCC)CCC)(=O)=O)C=C1,68
DBU,3-Cl,s19,N12CCCN=C1CCCCC2,ClC1=CC=C(S(=O)(F)=O)C=C1,OCC1=C(N=C(N1CC2=CC=C(C3=C(C4=NN=NN4C(C5=CC=CC=C5)(C6=CC=CC=C6)C7=CC=CC=C7)C=CC=C3)C=C2)CCCC)Cl,33
DBU,PyFluor,s19,N12CCCN=C1CCCCC2,O=S(C1=CC=CC=N1)(F)=O,OCC1=C(N=C(N1CC2=CC=C(C3=C(C4=NN=NN4C(C5=CC=CC=C5)(C6=CC=CC=C6)C7=CC=CC=C7)C=CC=C3)C=C2)CCCC)Cl,8
DBU,3-CF3,s19,N12CCCN=C1CCCCC2,O=S(C1=CC=C(C(F)(F)F)C=C1)(F)=O,OCC1=C(N=C(N1CC2=CC=C(C3=C(C4=NN=NN4C(C5=CC=CC=C5)(C6=CC=CC=C6)C7=CC=CC=C7)C=CC=C3)C=C2)CCCC)Cl,36
DBU,3-NO2,s19,N12CCCN=C1CCCCC2,O=S(C1=CC=C([N+]([O-])=O)C=C1)(F)=O,OCC1=C(N=C(N1CC2=CC=C(C3=C(C4=NN=NN4C(C5=CC=CC=C5)(C6=CC=CC=C6)C7=CC=CC=C7)C=CC=C3)C=C2)CCCC)Cl,37
DBU,PBSF,s19,N12CCCN=C1CCCCC2,FC(C(F)(S(=O)(F)=O)F)(F)C(F)(F)C(F)(F)F,OCC1=C(N=C(N1CC2=CC=C(C3=C(C4=NN=NN4C(C5=CC=CC=C5)(C6=CC=CC=C6)C7=CC=CC=C7)C=CC=C3)C=C2)CCCC)Cl,33
MTBD,3-Cl,s19,CN1CCCN2CCCN=C21,ClC1=CC=C(S(=O)(F)=O)C=C1,OCC1=C(N=C(N1CC2=CC=C(C3=C(C4=NN=NN4C(C5=CC=CC=C5)(C6=CC=CC=C6)C7=CC=CC=C7)C=CC=C3)C=C2)CCCC)Cl,38
MTBD,PyFluor,s19,CN1CCCN2CCCN=C21,O=S(C1=CC=CC=N1)(F)=O,OCC1=C(N=C(N1CC2=CC=C(C3=C(C4=NN=NN4C(C5=CC=CC=C5)(C6=CC=CC=C6)C7=CC=CC=C7)C=CC=C3)C=C2)CCCC)Cl,9
MTBD,3-CF3,s19,CN1CCCN2CCCN=C21,O=S(C1=CC=C(C(F)(F)F)C=C1)(F)=O,OCC1=C(N=C(N1CC2=CC=C(C3=C(C4=NN=NN4C(C5=CC=CC=C5)(C6=CC=CC=C6)C7=CC=CC=C7)C=CC=C3)C=C2)CCCC)Cl,38
MTBD,3-NO2,s19,CN1CCCN2CCCN=C21,O=S(C1=CC=C([N+]([O-])=O)C=C1)(F)=O,OCC1=C(N=C(N1CC2=CC=C(C3=C(C4=NN=NN4C(C5=CC=CC=C5)(C6=CC=CC=C6)C7=CC=CC=C7)C=CC=C3)C=C2)CCCC)Cl,40
MTBD,PBSF,s19,CN1CCCN2CCCN=C21,FC(C(F)(S(=O)(F)=O)F)(F)C(F)(F)C(F)(F)F,OCC1=C(N=C(N1CC2=CC=C(C3=C(C4=NN=NN4C(C5=CC=CC=C5)(C6=CC=CC=C6)C7=CC=CC=C7)C=CC=C3)C=C2)CCCC)Cl,39
BTMG,3-Cl,s19,CN(C)/C(N(C)C)=N/C(C)(C)C,ClC1=CC=C(S(=O)(F)=O)C=C1,OCC1=C(N=C(N1CC2=CC=C(C3=C(C4=NN=NN4C(C5=CC=CC=C5)(C6=CC=CC=C6)C7=CC=CC=C7)C=CC=C3)C=C2)CCCC)Cl,45
BTMG,PyFluor,s19,CN(C)/C(N(C)C)=N/C(C)(C)C,O=S(C1=CC=CC=N1)(F)=O,OCC1=C(N=C(N1CC2=CC=C(C3=C(C4=NN=NN4C(C5=CC=CC=C5)(C6=CC=CC=C6)C7=CC=CC=C7)C=CC=C3)C=C2)CCCC)Cl,7
BTMG,3-CF3,s19,CN(C)/C(N(C)C)=N/C(C)(C)C,O=S(C1=CC=C(C(F)(F)F)C=C1)(F)=O,OCC1=C(N=C(N1CC2=CC=C(C3=C(C4=NN=NN4C(C5=CC=CC=C5)(C6=CC=CC=C6)C7=CC=CC=C7)C=CC=C3)C=C2)CCCC)Cl,44
BTMG,3-NO2,s19,CN(C)/C(N(C)C)=N/C(C)(C)C,O=S(C1=CC=C([N+]([O-])=O)C=C1)(F)=O,OCC1=C(N=C(N1CC2=CC=C(C3=C(C4=NN=NN4C(C5=CC=CC=C5)(C6=CC=CC=C6)C7=CC=CC=C7)C=CC=C3)C=C2)CCCC)Cl,49
BTMG,PBSF,s19,CN(C)/C(N(C)C)=N/C(C)(C)C,FC(C(F)(S(=O)(F)=O)F)(F)C(F)(F)C(F)(F)F,OCC1=C(N=C(N1CC2=CC=C(C3=C(C4=NN=NN4C(C5=CC=CC=C5)(C6=CC=CC=C6)C7=CC=CC=C7)C=CC=C3)C=C2)CCCC)Cl,39
BTPP,3-Cl,s19,CC(N=P(N1CCCC1)(N2CCCC2)N3CCCC3)(C)C,ClC1=CC=C(S(=O)(F)=O)C=C1,OCC1=C(N=C(N1CC2=CC=C(C3=C(C4=NN=NN4C(C5=CC=CC=C5)(C6=CC=CC=C6)C7=CC=CC=C7)C=CC=C3)C=C2)CCCC)Cl,47
BTPP,PyFluor,s19,CC(N=P(N1CCCC1)(N2CCCC2)N3CCCC3)(C)C,O=S(C1=CC=CC=N1)(F)=O,OCC1=C(N=C(N1CC2=CC=C(C3=C(C4=NN=NN4C(C5=CC=CC=C5)(C6=CC=CC=C6)C7=CC=CC=C7)C=CC=C3)C=C2)CCCC)Cl,5
BTPP,3-CF3,s19,CC(N=P(N1CCCC1)(N2CCCC2)N3CCCC3)(C)C,O=S(C1=CC=C(C(F)(F)F)C=C1)(F)=O,OCC1=C(N=C(N1CC2=CC=C(C3=C(C4=NN=NN4C(C5=CC=CC=C5)(C6=CC=CC=C6)C7=CC=CC=C7)C=CC=C3)C=C2)CCCC)Cl,44
BTPP,3-NO2,s19,CC(N=P(N1CCCC1)(N2CCCC2)N3CCCC3)(C)C,O=S(C1=CC=C([N+]([O-])=O)C=C1)(F)=O,OCC1=C(N=C(N1CC2=CC=C(C3=C(C4=NN=NN4C(C5=CC=CC=C5)(C6=CC=CC=C6)C7=CC=CC=C7)C=CC=C3)C=C2)CCCC)Cl,48
BTPP,PBSF,s19,CC(N=P(N1CCCC1)(N2CCCC2)N3CCCC3)(C)C,FC(C(F)(S(=O)(F)=O)F)(F)C(F)(F)C(F)(F)F,OCC1=C(N=C(N1CC2=CC=C(C3=C(C4=NN=NN4C(C5=CC=CC=C5)(C6=CC=CC=C6)C7=CC=CC=C7)C=CC=C3)C=C2)CCCC)Cl,47
DBU,3-Cl,s20,N12CCCN=C1CCCCC2,ClC1=CC=C(S(=O)(F)=O)C=C1,OCN1C(C)=CC(C)=N1,38
DBU,PyFluor,s20,N12CCCN=C1CCCCC2,O=S(C1=CC=CC=N1)(F)=O,OCN1C(C)=CC(C)=N1,30
DBU,3-CF3,s20,N12CCCN=C1CCCCC2,O=S(C1=CC=C(C(F)(F)F)C=C1)(F)=O,OCN1C(C)=CC(C)=N1,43
DBU,3-NO2,s20,N12CCCN=C1CCCCC2,O=S(C1=CC=C([N+]([O-])=O)C=C1)(F)=O,OCN1C(C)=CC(C)=N1,46
DBU,PBSF,s20,N12CCCN=C1CCCCC2,FC(C(F)(S(=O)(F)=O)F)(F)C(F)(F)C(F)(F)F,OCN1C(C)=CC(C)=N1,47
MTBD,3-Cl,s20,CN1CCCN2CCCN=C21,ClC1=CC=C(S(=O)(F)=O)C=C1,OCN1C(C)=CC(C)=N1,59
MTBD,PyFluor,s20,CN1CCCN2CCCN=C21,O=S(C1=CC=CC=N1)(F)=O,OCN1C(C)=CC(C)=N1,41
MTBD,3-CF3,s20,CN1CCCN2CCCN=C21,O=S(C1=CC=C(C(F)(F)F)C=C1)(F)=O,OCN1C(C)=CC(C)=N1,58
MTBD,3-NO2,s20,CN1CCCN2CCCN=C21,O=S(C1=CC=C([N+]([O-])=O)C=C1)(F)=O,OCN1C(C)=CC(C)=N1,55
MTBD,PBSF,s20,CN1CCCN2CCCN=C21,FC(C(F)(S(=O)(F)=O)F)(F)C(F)(F)C(F)(F)F,OCN1C(C)=CC(C)=N1,55
BTMG,3-Cl,s20,CN(C)/C(N(C)C)=N/C(C)(C)C,ClC1=CC=C(S(=O)(F)=O)C=C1,OCN1C(C)=CC(C)=N1,62
BTMG,PyFluor,s20,CN(C)/C(N(C)C)=N/C(C)(C)C,O=S(C1=CC=CC=N1)(F)=O,OCN1C(C)=CC(C)=N1,37
BTMG,3-CF3,s20,CN(C)/C(N(C)C)=N/C(C)(C)C,O=S(C1=CC=C(C(F)(F)F)C=C1)(F)=O,OCN1C(C)=CC(C)=N1,59
BTMG,3-NO2,s20,CN(C)/C(N(C)C)=N/C(C)(C)C,O=S(C1=CC=C([N+]([O-])=O)C=C1)(F)=O,OCN1C(C)=CC(C)=N1,59
BTMG,PBSF,s20,CN(C)/C(N(C)C)=N/C(C)(C)C,FC(C(F)(S(=O)(F)=O)F)(F)C(F)(F)C(F)(F)F,OCN1C(C)=CC(C)=N1,52
BTPP,3-Cl,s20,CC(N=P(N1CCCC1)(N2CCCC2)N3CCCC3)(C)C,ClC1=CC=C(S(=O)(F)=O)C=C1,OCN1C(C)=CC(C)=N1,66
BTPP,PyFluor,s20,CC(N=P(N1CCCC1)(N2CCCC2)N3CCCC3)(C)C,O=S(C1=CC=CC=N1)(F)=O,OCN1C(C)=CC(C)=N1,34
BTPP,3-CF3,s20,CC(N=P(N1CCCC1)(N2CCCC2)N3CCCC3)(C)C,O=S(C1=CC=C(C(F)(F)F)C=C1)(F)=O,OCN1C(C)=CC(C)=N1,65
BTPP,3-NO2,s20,CC(N=P(N1CCCC1)(N2CCCC2)N3CCCC3)(C)C,O=S(C1=CC=C([N+]([O-])=O)C=C1)(F)=O,OCN1C(C)=CC(C)=N1,60
BTPP,PBSF,s20,CC(N=P(N1CCCC1)(N2CCCC2)N3CCCC3)(C)C,FC(C(F)(S(=O)(F)=O)F)(F)C(F)(F)C(F)(F)F,OCN1C(C)=CC(C)=N1,57
DBU,3-Cl,s21,N12CCCN=C1CCCCC2,ClC1=CC=C(S(=O)(F)=O)C=C1,O=C(OC)CCCOC1=CC([N+]([O-])=O)=C(C(C)O)C=C1OC,28
DBU,PyFluor,s21,N12CCCN=C1CCCCC2,O=S(C1=CC=CC=N1)(F)=O,O=C(OC)CCCOC1=CC([N+]([O-])=O)=C(C(C)O)C=C1OC,29
DBU,3-CF3,s21,N12CCCN=C1CCCCC2,O=S(C1=CC=C(C(F)(F)F)C=C1)(F)=O,O=C(OC)CCCOC1=CC([N+]([O-])=O)=C(C(C)O)C=C1OC,40
DBU,3-NO2,s21,N12CCCN=C1CCCCC2,O=S(C1=CC=C([N+]([O-])=O)C=C1)(F)=O,O=C(OC)CCCOC1=CC([N+]([O-])=O)=C(C(C)O)C=C1OC,38
DBU,PBSF,s21,N12CCCN=C1CCCCC2,FC(C(F)(S(=O)(F)=O)F)(F)C(F)(F)C(F)(F)F,O=C(OC)CCCOC1=CC([N+]([O-])=O)=C(C(C)O)C=C1OC,25
MTBD,3-Cl,s21,CN1CCCN2CCCN=C21,ClC1=CC=C(S(=O)(F)=O)C=C1,O=C(OC)CCCOC1=CC([N+]([O-])=O)=C(C(C)O)C=C1OC,38
MTBD,PyFluor,s21,CN1CCCN2CCCN=C21,O=S(C1=CC=CC=N1)(F)=O,O=C(OC)CCCOC1=CC([N+]([O-])=O)=C(C(C)O)C=C1OC,34
MTBD,3-CF3,s21,CN1CCCN2CCCN=C21,O=S(C1=CC=C(C(F)(F)F)C=C1)(F)=O,O=C(OC)CCCOC1=CC([N+]([O-])=O)=C(C(C)O)C=C1OC,47
MTBD,3-NO2,s21,CN1CCCN2CCCN=C21,O=S(C1=CC=C([N+]([O-])=O)C=C1)(F)=O,O=C(OC)CCCOC1=CC([N+]([O-])=O)=C(C(C)O)C=C1OC,46
MTBD,PBSF,s21,CN1CCCN2CCCN=C21,FC(C(F)(S(=O)(F)=O)F)(F)C(F)(F)C(F)(F)F,O=C(OC)CCCOC1=CC([N+]([O-])=O)=C(C(C)O)C=C1OC,18
BTMG,3-Cl,s21,CN(C)/C(N(C)C)=N/C(C)(C)C,ClC1=CC=C(S(=O)(F)=O)C=C1,O=C(OC)CCCOC1=CC([N+]([O-])=O)=C(C(C)O)C=C1OC,49
BTMG,PyFluor,s21,CN(C)/C(N(C)C)=N/C(C)(C)C,O=S(C1=CC=CC=N1)(F)=O,O=C(OC)CCCOC1=CC([N+]([O-])=O)=C(C(C)O)C=C1OC,31
BTMG,3-CF3,s21,CN(C)/C(N(C)C)=N/C(C)(C)C,O=S(C1=CC=C(C(F)(F)F)C=C1)(F)=O,O=C(OC)CCCOC1=CC([N+]([O-])=O)=C(C(C)O)C=C1OC,57
BTMG,3-NO2,s21,CN(C)/C(N(C)C)=N/C(C)(C)C,O=S(C1=CC=C([N+]([O-])=O)C=C1)(F)=O,O=C(OC)CCCOC1=CC([N+]([O-])=O)=C(C(C)O)C=C1OC,52
BTMG,PBSF,s21,CN(C)/C(N(C)C)=N/C(C)(C)C,FC(C(F)(S(=O)(F)=O)F)(F)C(F)(F)C(F)(F)F,O=C(OC)CCCOC1=CC([N+]([O-])=O)=C(C(C)O)C=C1OC,18
BTPP,3-Cl,s21,CC(N=P(N1CCCC1)(N2CCCC2)N3CCCC3)(C)C,ClC1=CC=C(S(=O)(F)=O)C=C1,O=C(OC)CCCOC1=CC([N+]([O-])=O)=C(C(C)O)C=C1OC,41
BTPP,PyFluor,s21,CC(N=P(N1CCCC1)(N2CCCC2)N3CCCC3)(C)C,O=S(C1=CC=CC=N1)(F)=O,O=C(OC)CCCOC1=CC([N+]([O-])=O)=C(C(C)O)C=C1OC,24
BTPP,3-CF3,s21,CC(N=P(N1CCCC1)(N2CCCC2)N3CCCC3)(C)C,O=S(C1=CC=C(C(F)(F)F)C=C1)(F)=O,O=C(OC)CCCOC1=CC([N+]([O-])=O)=C(C(C)O)C=C1OC,52
BTPP,3-NO2,s21,CC(N=P(N1CCCC1)(N2CCCC2)N3CCCC3)(C)C,O=S(C1=CC=C([N+]([O-])=O)C=C1)(F)=O,O=C(OC)CCCOC1=CC([N+]([O-])=O)=C(C(C)O)C=C1OC,42
BTPP,PBSF,s21,CC(N=P(N1CCCC1)(N2CCCC2)N3CCCC3)(C)C,FC(C(F)(S(=O)(F)=O)F)(F)C(F)(F)C(F)(F)F,O=C(OC)CCCOC1=CC([N+]([O-])=O)=C(C(C)O)C=C1OC,9
DBU,3-Cl,s22,N12CCCN=C1CCCCC2,ClC1=CC=C(S(=O)(F)=O)C=C1,O[C@@H]([C@H](C)N1CCCC1)C2=CC=CC=C2,23
DBU,PyFluor,s22,N12CCCN=C1CCCCC2,O=S(C1=CC=CC=N1)(F)=O,O[C@@H]([C@H](C)N1CCCC1)C2=CC=CC=C2,42
DBU,3-CF3,s22,N12CCCN=C1CCCCC2,O=S(C1=CC=C(C(F)(F)F)C=C1)(F)=O,O[C@@H]([C@H](C)N1CCCC1)C2=CC=CC=C2,19
DBU,3-NO2,s22,N12CCCN=C1CCCCC2,O=S(C1=CC=C([N+]([O-])=O)C=C1)(F)=O,O[C@@H]([C@H](C)N1CCCC1)C2=CC=CC=C2,34
DBU,PBSF,s22,N12CCCN=C1CCCCC2,FC(C(F)(S(=O)(F)=O)F)(F)C(F)(F)C(F)(F)F,O[C@@H]([C@H](C)N1CCCC1)C2=CC=CC=C2,35
MTBD,3-Cl,s22,CN1CCCN2CCCN=C21,ClC1=CC=C(S(=O)(F)=O)C=C1,O[C@@H]([C@H](C)N1CCCC1)C2=CC=CC=C2,48
MTBD,PyFluor,s22,CN1CCCN2CCCN=C21,O=S(C1=CC=CC=N1)(F)=O,O[C@@H]([C@H](C)N1CCCC1)C2=CC=CC=C2,59
MTBD,3-CF3,s22,CN1CCCN2CCCN=C21,O=S(C1=CC=C(C(F)(F)F)C=C1)(F)=O,O[C@@H]([C@H](C)N1CCCC1)C2=CC=CC=C2,60
MTBD,3-NO2,s22,CN1CCCN2CCCN=C21,O=S(C1=CC=C([N+]([O-])=O)C=C1)(F)=O,O[C@@H]([C@H](C)N1CCCC1)C2=CC=CC=C2,63
MTBD,PBSF,s22,CN1CCCN2CCCN=C21,FC(C(F)(S(=O)(F)=O)F)(F)C(F)(F)C(F)(F)F,O[C@@H]([C@H](C)N1CCCC1)C2=CC=CC=C2,63
BTMG,3-Cl,s22,CN(C)/C(N(C)C)=N/C(C)(C)C,ClC1=CC=C(S(=O)(F)=O)C=C1,O[C@@H]([C@H](C)N1CCCC1)C2=CC=CC=C2,10
BTMG,PyFluor,s22,CN(C)/C(N(C)C)=N/C(C)(C)C,O=S(C1=CC=CC=N1)(F)=O,O[C@@H]([C@H](C)N1CCCC1)C2=CC=CC=C2,36
BTMG,3-CF3,s22,CN(C)/C(N(C)C)=N/C(C)(C)C,O=S(C1=CC=C(C(F)(F)F)C=C1)(F)=O,O[C@@H]([C@H](C)N1CCCC1)C2=CC=CC=C2,41
BTMG,3-NO2,s22,CN(C)/C(N(C)C)=N/C(C)(C)C,O=S(C1=CC=C([N+]([O-])=O)C=C1)(F)=O,O[C@@H]([C@H](C)N1CCCC1)C2=CC=CC=C2,58
BTMG,PBSF,s22,CN(C)/C(N(C)C)=N/C(C)(C)C,FC(C(F)(S(=O)(F)=O)F)(F)C(F)(F)C(F)(F)F,O[C@@H]([C@H](C)N1CCCC1)C2=CC=CC=C2,65
BTPP,3-Cl,s22,CC(N=P(N1CCCC1)(N2CCCC2)N3CCCC3)(C)C,ClC1=CC=C(S(=O)(F)=O)C=C1,O[C@@H]([C@H](C)N1CCCC1)C2=CC=CC=C2,18
BTPP,PyFluor,s22,CC(N=P(N1CCCC1)(N2CCCC2)N3CCCC3)(C)C,O=S(C1=CC=CC=N1)(F)=O,O[C@@H]([C@H](C)N1CCCC1)C2=CC=CC=C2,43
BTPP,3-CF3,s22,CC(N=P(N1CCCC1)(N2CCCC2)N3CCCC3)(C)C,O=S(C1=CC=C(C(F)(F)F)C=C1)(F)=O,O[C@@H]([C@H](C)N1CCCC1)C2=CC=CC=C2,55
BTPP,3-NO2,s22,CC(N=P(N1CCCC1)(N2CCCC2)N3CCCC3)(C)C,O=S(C1=CC=C([N+]([O-])=O)C=C1)(F)=O,O[C@@H]([C@H](C)N1CCCC1)C2=CC=CC=C2,35
BTPP,PBSF,s22,CC(N=P(N1CCCC1)(N2CCCC2)N3CCCC3)(C)C,FC(C(F)(S(=O)(F)=O)F)(F)C(F)(F)C(F)(F)F,O[C@@H]([C@H](C)N1CCCC1)C2=CC=CC=C2,82
DBU,3-Cl,s23,N12CCCN=C1CCCCC2,ClC1=CC=C(S(=O)(F)=O)C=C1,OC/C=C(CC/C=C(CC/C=C(C)\C)\C)\C,6
DBU,PyFluor,s23,N12CCCN=C1CCCCC2,O=S(C1=CC=CC=N1)(F)=O,OC/C=C(CC/C=C(CC/C=C(C)\C)\C)\C,6
DBU,3-CF3,s23,N12CCCN=C1CCCCC2,O=S(C1=CC=C(C(F)(F)F)C=C1)(F)=O,OC/C=C(CC/C=C(CC/C=C(C)\C)\C)\C,8
DBU,3-NO2,s23,N12CCCN=C1CCCCC2,O=S(C1=CC=C([N+]([O-])=O)C=C1)(F)=O,OC/C=C(CC/C=C(CC/C=C(C)\C)\C)\C,11
DBU,PBSF,s23,N12CCCN=C1CCCCC2,FC(C(F)(S(=O)(F)=O)F)(F)C(F)(F)C(F)(F)F,OC/C=C(CC/C=C(CC/C=C(C)\C)\C)\C,15
MTBD,3-Cl,s23,CN1CCCN2CCCN=C21,ClC1=CC=C(S(=O)(F)=O)C=C1,OC/C=C(CC/C=C(CC/C=C(C)\C)\C)\C,21
MTBD,PyFluor,s23,CN1CCCN2CCCN=C21,O=S(C1=CC=CC=N1)(F)=O,OC/C=C(CC/C=C(CC/C=C(C)\C)\C)\C,16
MTBD,3-CF3,s23,CN1CCCN2CCCN=C21,O=S(C1=CC=C(C(F)(F)F)C=C1)(F)=O,OC/C=C(CC/C=C(CC/C=C(C)\C)\C)\C,23
MTBD,3-NO2,s23,CN1CCCN2CCCN=C21,O=S(C1=CC=C([N+]([O-])=O)C=C1)(F)=O,OC/C=C(CC/C=C(CC/C=C(C)\C)\C)\C,22
MTBD,PBSF,s23,CN1CCCN2CCCN=C21,FC(C(F)(S(=O)(F)=O)F)(F)C(F)(F)C(F)(F)F,OC/C=C(CC/C=C(CC/C=C(C)\C)\C)\C,25
BTMG,3-Cl,s23,CN(C)/C(N(C)C)=N/C(C)(C)C,ClC1=CC=C(S(=O)(F)=O)C=C1,OC/C=C(CC/C=C(CC/C=C(C)\C)\C)\C,33
BTMG,PyFluor,s23,CN(C)/C(N(C)C)=N/C(C)(C)C,O=S(C1=CC=CC=N1)(F)=O,OC/C=C(CC/C=C(CC/C=C(C)\C)\C)\C,24
BTMG,3-CF3,s23,CN(C)/C(N(C)C)=N/C(C)(C)C,O=S(C1=CC=C(C(F)(F)F)C=C1)(F)=O,OC/C=C(CC/C=C(CC/C=C(C)\C)\C)\C,34
BTMG,3-NO2,s23,CN(C)/C(N(C)C)=N/C(C)(C)C,O=S(C1=CC=C([N+]([O-])=O)C=C1)(F)=O,OC/C=C(CC/C=C(CC/C=C(C)\C)\C)\C,28
BTMG,PBSF,s23,CN(C)/C(N(C)C)=N/C(C)(C)C,FC(C(F)(S(=O)(F)=O)F)(F)C(F)(F)C(F)(F)F,OC/C=C(CC/C=C(CC/C=C(C)\C)\C)\C,25
BTPP,3-Cl,s23,CC(N=P(N1CCCC1)(N2CCCC2)N3CCCC3)(C)C,ClC1=CC=C(S(=O)(F)=O)C=C1,OC/C=C(CC/C=C(CC/C=C(C)\C)\C)\C,52
BTPP,PyFluor,s23,CC(N=P(N1CCCC1)(N2CCCC2)N3CCCC3)(C)C,O=S(C1=CC=CC=N1)(F)=O,OC/C=C(CC/C=C(CC/C=C(C)\C)\C)\C,36
BTPP,3-CF3,s23,CC(N=P(N1CCCC1)(N2CCCC2)N3CCCC3)(C)C,O=S(C1=CC=C(C(F)(F)F)C=C1)(F)=O,OC/C=C(CC/C=C(CC/C=C(C)\C)\C)\C,52
BTPP,3-NO2,s23,CC(N=P(N1CCCC1)(N2CCCC2)N3CCCC3)(C)C,O=S(C1=CC=C([N+]([O-])=O)C=C1)(F)=O,OC/C=C(CC/C=C(CC/C=C(C)\C)\C)\C,39
BTPP,PBSF,s23,CC(N=P(N1CCCC1)(N2CCCC2)N3CCCC3)(C)C,FC(C(F)(S(=O)(F)=O)F)(F)C(F)(F)C(F)(F)F,OC/C=C(CC/C=C(CC/C=C(C)\C)\C)\C,32
DBU,3-Cl,s24,N12CCCN=C1CCCCC2,ClC1=CC=C(S(=O)(F)=O)C=C1,C=CC(O)CCCCCCC,22
DBU,PyFluor,s24,N12CCCN=C1CCCCC2,O=S(C1=CC=CC=N1)(F)=O,C=CC(O)CCCCCCC,12
DBU,3-CF3,s24,N12CCCN=C1CCCCC2,O=S(C1=CC=C(C(F)(F)F)C=C1)(F)=O,C=CC(O)CCCCCCC,23
DBU,3-NO2,s24,N12CCCN=C1CCCCC2,O=S(C1=CC=C([N+]([O-])=O)C=C1)(F)=O,C=CC(O)CCCCCCC,22
DBU,PBSF,s24,N12CCCN=C1CCCCC2,FC(C(F)(S(=O)(F)=O)F)(F)C(F)(F)C(F)(F)F,C=CC(O)CCCCCCC,13
MTBD,3-Cl,s24,CN1CCCN2CCCN=C21,ClC1=CC=C(S(=O)(F)=O)C=C1,C=CC(O)CCCCCCC,30
MTBD,PyFluor,s24,CN1CCCN2CCCN=C21,O=S(C1=CC=CC=N1)(F)=O,C=CC(O)CCCCCCC,13
MTBD,3-CF3,s24,CN1CCCN2CCCN=C21,O=S(C1=CC=C(C(F)(F)F)C=C1)(F)=O,C=CC(O)CCCCCCC,32
MTBD,3-NO2,s24,CN1CCCN2CCCN=C21,O=S(C1=CC=C([N+]([O-])=O)C=C1)(F)=O,C=CC(O)CCCCCCC,27
MTBD,PBSF,s24,CN1CCCN2CCCN=C21,FC(C(F)(S(=O)(F)=O)F)(F)C(F)(F)C(F)(F)F,C=CC(O)CCCCCCC,15
BTMG,3-Cl,s24,CN(C)/C(N(C)C)=N/C(C)(C)C,ClC1=CC=C(S(=O)(F)=O)C=C1,C=CC(O)CCCCCCC,30
BTMG,PyFluor,s24,CN(C)/C(N(C)C)=N/C(C)(C)C,O=S(C1=CC=CC=N1)(F)=O,C=CC(O)CCCCCCC,9
BTMG,3-CF3,s24,CN(C)/C(N(C)C)=N/C(C)(C)C,O=S(C1=CC=C(C(F)(F)F)C=C1)(F)=O,C=CC(O)CCCCCCC,32
BTMG,3-NO2,s24,CN(C)/C(N(C)C)=N/C(C)(C)C,O=S(C1=CC=C([N+]([O-])=O)C=C1)(F)=O,C=CC(O)CCCCCCC,28
BTMG,PBSF,s24,CN(C)/C(N(C)C)=N/C(C)(C)C,FC(C(F)(S(=O)(F)=O)F)(F)C(F)(F)C(F)(F)F,C=CC(O)CCCCCCC,13
BTPP,3-Cl,s24,CC(N=P(N1CCCC1)(N2CCCC2)N3CCCC3)(C)C,ClC1=CC=C(S(=O)(F)=O)C=C1,C=CC(O)CCCCCCC,28
BTPP,PyFluor,s24,CC(N=P(N1CCCC1)(N2CCCC2)N3CCCC3)(C)C,O=S(C1=CC=CC=N1)(F)=O,C=CC(O)CCCCCCC,9
BTPP,3-CF3,s24,CC(N=P(N1CCCC1)(N2CCCC2)N3CCCC3)(C)C,O=S(C1=CC=C(C(F)(F)F)C=C1)(F)=O,C=CC(O)CCCCCCC,36
BTPP,3-NO2,s24,CC(N=P(N1CCCC1)(N2CCCC2)N3CCCC3)(C)C,O=S(C1=CC=C([N+]([O-])=O)C=C1)(F)=O,C=CC(O)CCCCCCC,30
BTPP,PBSF,s24,CC(N=P(N1CCCC1)(N2CCCC2)N3CCCC3)(C)C,FC(C(F)(S(=O)(F)=O)F)(F)C(F)(F)C(F)(F)F,C=CC(O)CCCCCCC,16
DBU,3-Cl,s25,N12CCCN=C1CCCCC2,ClC1=CC=C(S(=O)(F)=O)C=C1,C=CC(O)(C)CC/C=C(C)\C,0
DBU,PyFluor,s25,N12CCCN=C1CCCCC2,O=S(C1=CC=CC=N1)(F)=O,C=CC(O)(C)CC/C=C(C)\C,1
DBU,3-CF3,s25,N12CCCN=C1CCCCC2,O=S(C1=CC=C(C(F)(F)F)C=C1)(F)=O,C=CC(O)(C)CC/C=C(C)\C,1
DBU,3-NO2,s25,N12CCCN=C1CCCCC2,O=S(C1=CC=C([N+]([O-])=O)C=C1)(F)=O,C=CC(O)(C)CC/C=C(C)\C,2
DBU,PBSF,s25,N12CCCN=C1CCCCC2,FC(C(F)(S(=O)(F)=O)F)(F)C(F)(F)C(F)(F)F,C=CC(O)(C)CC/C=C(C)\C,6
MTBD,3-Cl,s25,CN1CCCN2CCCN=C21,ClC1=CC=C(S(=O)(F)=O)C=C1,C=CC(O)(C)CC/C=C(C)\C,0
MTBD,PyFluor,s25,CN1CCCN2CCCN=C21,O=S(C1=CC=CC=N1)(F)=O,C=CC(O)(C)CC/C=C(C)\C,1
MTBD,3-CF3,s25,CN1CCCN2CCCN=C21,O=S(C1=CC=C(C(F)(F)F)C=C1)(F)=O,C=CC(O)(C)CC/C=C(C)\C,1
MTBD,3-NO2,s25,CN1CCCN2CCCN=C21,O=S(C1=CC=C([N+]([O-])=O)C=C1)(F)=O,C=CC(O)(C)CC/C=C(C)\C,2
MTBD,PBSF,s25,CN1CCCN2CCCN=C21,FC(C(F)(S(=O)(F)=O)F)(F)C(F)(F)C(F)(F)F,C=CC(O)(C)CC/C=C(C)\C,9
BTMG,3-Cl,s25,CN(C)/C(N(C)C)=N/C(C)(C)C,ClC1=CC=C(S(=O)(F)=O)C=C1,C=CC(O)(C)CC/C=C(C)\C,0
BTMG,PyFluor,s25,CN(C)/C(N(C)C)=N/C(C)(C)C,O=S(C1=CC=CC=N1)(F)=O,C=CC(O)(C)CC/C=C(C)\C,0
BTMG,3-CF3,s25,CN(C)/C(N(C)C)=N/C(C)(C)C,O=S(C1=CC=C(C(F)(F)F)C=C1)(F)=O,C=CC(O)(C)CC/C=C(C)\C,0
BTMG,3-NO2,s25,CN(C)/C(N(C)C)=N/C(C)(C)C,O=S(C1=CC=C([N+]([O-])=O)C=C1)(F)=O,C=CC(O)(C)CC/C=C(C)\C,0
BTMG,PBSF,s25,CN(C)/C(N(C)C)=N/C(C)(C)C,FC(C(F)(S(=O)(F)=O)F)(F)C(F)(F)C(F)(F)F,C=CC(O)(C)CC/C=C(C)\C,7
BTPP,3-Cl,s25,CC(N=P(N1CCCC1)(N2CCCC2)N3CCCC3)(C)C,ClC1=CC=C(S(=O)(F)=O)C=C1,C=CC(O)(C)CC/C=C(C)\C,0
BTPP,PyFluor,s25,CC(N=P(N1CCCC1)(N2CCCC2)N3CCCC3)(C)C,O=S(C1=CC=CC=N1)(F)=O,C=CC(O)(C)CC/C=C(C)\C,0
BTPP,3-CF3,s25,CC(N=P(N1CCCC1)(N2CCCC2)N3CCCC3)(C)C,O=S(C1=CC=C(C(F)(F)F)C=C1)(F)=O,C=CC(O)(C)CC/C=C(C)\C,0
BTPP,3-NO2,s25,CC(N=P(N1CCCC1)(N2CCCC2)N3CCCC3)(C)C,O=S(C1=CC=C([N+]([O-])=O)C=C1)(F)=O,C=CC(O)(C)CC/C=C(C)\C,0
BTPP,PBSF,s25,CC(N=P(N1CCCC1)(N2CCCC2)N3CCCC3)(C)C,FC(C(F)(S(=O)(F)=O)F)(F)C(F)(F)C(F)(F)F,C=CC(O)(C)CC/C=C(C)\C,10
DBU,3-Cl,s26,N12CCCN=C1CCCCC2,ClC1=CC=C(S(=O)(F)=O)C=C1,OCCC(C1=C(N2C(C3=CC=C(Cl)C=C3)=O)C=CC(OC)=C1)=C2C,46
DBU,PyFluor,s26,N12CCCN=C1CCCCC2,O=S(C1=CC=CC=N1)(F)=O,OCCC(C1=C(N2C(C3=CC=C(Cl)C=C3)=O)C=CC(OC)=C1)=C2C,55
DBU,3-CF3,s26,N12CCCN=C1CCCCC2,O=S(C1=CC=C(C(F)(F)F)C=C1)(F)=O,OCCC(C1=C(N2C(C3=CC=C(Cl)C=C3)=O)C=CC(OC)=C1)=C2C,62
DBU,3-NO2,s26,N12CCCN=C1CCCCC2,O=S(C1=CC=C([N+]([O-])=O)C=C1)(F)=O,OCCC(C1=C(N2C(C3=CC=C(Cl)C=C3)=O)C=CC(OC)=C1)=C2C,60
DBU,PBSF,s26,N12CCCN=C1CCCCC2,FC(C(F)(S(=O)(F)=O)F)(F)C(F)(F)C(F)(F)F,OCCC(C1=C(N2C(C3=CC=C(Cl)C=C3)=O)C=CC(OC)=C1)=C2C,52
MTBD,3-Cl,s26,CN1CCCN2CCCN=C21,ClC1=CC=C(S(=O)(F)=O)C=C1,OCCC(C1=C(N2C(C3=CC=C(Cl)C=C3)=O)C=CC(OC)=C1)=C2C,75
MTBD,PyFluor,s26,CN1CCCN2CCCN=C21,O=S(C1=CC=CC=N1)(F)=O,OCCC(C1=C(N2C(C3=CC=C(Cl)C=C3)=O)C=CC(OC)=C1)=C2C,79
MTBD,3-CF3,s26,CN1CCCN2CCCN=C21,O=S(C1=CC=C(C(F)(F)F)C=C1)(F)=O,OCCC(C1=C(N2C(C3=CC=C(Cl)C=C3)=O)C=CC(OC)=C1)=C2C,86
MTBD,3-NO2,s26,CN1CCCN2CCCN=C21,O=S(C1=CC=C([N+]([O-])=O)C=C1)(F)=O,OCCC(C1=C(N2C(C3=CC=C(Cl)C=C3)=O)C=CC(OC)=C1)=C2C,82
MTBD,PBSF,s26,CN1CCCN2CCCN=C21,FC(C(F)(S(=O)(F)=O)F)(F)C(F)(F)C(F)(F)F,OCCC(C1=C(N2C(C3=CC=C(Cl)C=C3)=O)C=CC(OC)=C1)=C2C,77
BTMG,3-Cl,s26,CN(C)/C(N(C)C)=N/C(C)(C)C,ClC1=CC=C(S(=O)(F)=O)C=C1,OCCC(C1=C(N2C(C3=CC=C(Cl)C=C3)=O)C=CC(OC)=C1)=C2C,74
BTMG,PyFluor,s26,CN(C)/C(N(C)C)=N/C(C)(C)C,O=S(C1=CC=CC=N1)(F)=O,OCCC(C1=C(N2C(C3=CC=C(Cl)C=C3)=O)C=CC(OC)=C1)=C2C,79
BTMG,3-CF3,s26,CN(C)/C(N(C)C)=N/C(C)(C)C,O=S(C1=CC=C(C(F)(F)F)C=C1)(F)=O,OCCC(C1=C(N2C(C3=CC=C(Cl)C=C3)=O)C=CC(OC)=C1)=C2C,84
BTMG,3-NO2,s26,CN(C)/C(N(C)C)=N/C(C)(C)C,O=S(C1=CC=C([N+]([O-])=O)C=C1)(F)=O,OCCC(C1=C(N2C(C3=CC=C(Cl)C=C3)=O)C=CC(OC)=C1)=C2C,86
BTMG,PBSF,s26,CN(C)/C(N(C)C)=N/C(C)(C)C,FC(C(F)(S(=O)(F)=O)F)(F)C(F)(F)C(F)(F)F,OCCC(C1=C(N2C(C3=CC=C(Cl)C=C3)=O)C=CC(OC)=C1)=C2C,78
BTPP,3-Cl,s26,CC(N=P(N1CCCC1)(N2CCCC2)N3CCCC3)(C)C,ClC1=CC=C(S(=O)(F)=O)C=C1,OCCC(C1=C(N2C(C3=CC=C(Cl)C=C3)=O)C=CC(OC)=C1)=C2C,71
BTPP,PyFluor,s26,CC(N=P(N1CCCC1)(N2CCCC2)N3CCCC3)(C)C,O=S(C1=CC=CC=N1)(F)=O,OCCC(C1=C(N2C(C3=CC=C(Cl)C=C3)=O)C=CC(OC)=C1)=C2C,77
BTPP,3-CF3,s26,CC(N=P(N1CCCC1)(N2CCCC2)N3CCCC3)(C)C,O=S(C1=CC=C(C(F)(F)F)C=C1)(F)=O,OCCC(C1=C(N2C(C3=CC=C(Cl)C=C3)=O)C=CC(OC)=C1)=C2C,82
BTPP,3-NO2,s26,CC(N=P(N1CCCC1)(N2CCCC2)N3CCCC3)(C)C,O=S(C1=CC=C([N+]([O-])=O)C=C1)(F)=O,OCCC(C1=C(N2C(C3=CC=C(Cl)C=C3)=O)C=CC(OC)=C1)=C2C,74
BTPP,PBSF,s26,CC(N=P(N1CCCC1)(N2CCCC2)N3CCCC3)(C)C,FC(C(F)(S(=O)(F)=O)F)(F)C(F)(F)C(F)(F)F,OCCC(C1=C(N2C(C3=CC=C(Cl)C=C3)=O)C=CC(OC)=C1)=C2C,83
DBU,3-Cl,s27,N12CCCN=C1CCCCC2,ClC1=CC=C(S(=O)(F)=O)C=C1,OCCN1C(C)=NC=C1[N+]([O-])=O,25
DBU,PyFluor,s27,N12CCCN=C1CCCCC2,O=S(C1=CC=CC=N1)(F)=O,OCCN1C(C)=NC=C1[N+]([O-])=O,30
DBU,3-CF3,s27,N12CCCN=C1CCCCC2,O=S(C1=CC=C(C(F)(F)F)C=C1)(F)=O,OCCN1C(C)=NC=C1[N+]([O-])=O,37
DBU,3-NO2,s27,N12CCCN=C1CCCCC2,O=S(C1=CC=C([N+]([O-])=O)C=C1)(F)=O,OCCN1C(C)=NC=C1[N+]([O-])=O,17
DBU,PBSF,s27,N12CCCN=C1CCCCC2,FC(C(F)(S(=O)(F)=O)F)(F)C(F)(F)C(F)(F)F,OCCN1C(C)=NC=C1[N+]([O-])=O,71
MTBD,3-Cl,s27,CN1CCCN2CCCN=C21,ClC1=CC=C(S(=O)(F)=O)C=C1,OCCN1C(C)=NC=C1[N+]([O-])=O,32
MTBD,PyFluor,s27,CN1CCCN2CCCN=C21,O=S(C1=CC=CC=N1)(F)=O,OCCN1C(C)=NC=C1[N+]([O-])=O,38
MTBD,3-CF3,s27,CN1CCCN2CCCN=C21,O=S(C1=CC=C(C(F)(F)F)C=C1)(F)=O,OCCN1C(C)=NC=C1[N+]([O-])=O,37
MTBD,3-NO2,s27,CN1CCCN2CCCN=C21,O=S(C1=CC=C([N+]([O-])=O)C=C1)(F)=O,OCCN1C(C)=NC=C1[N+]([O-])=O,44
MTBD,PBSF,s27,CN1CCCN2CCCN=C21,FC(C(F)(S(=O)(F)=O)F)(F)C(F)(F)C(F)(F)F,OCCN1C(C)=NC=C1[N+]([O-])=O,79
BTMG,3-Cl,s27,CN(C)/C(N(C)C)=N/C(C)(C)C,ClC1=CC=C(S(=O)(F)=O)C=C1,OCCN1C(C)=NC=C1[N+]([O-])=O,38
BTMG,PyFluor,s27,CN(C)/C(N(C)C)=N/C(C)(C)C,O=S(C1=CC=CC=N1)(F)=O,OCCN1C(C)=NC=C1[N+]([O-])=O,42
BTMG,3-CF3,s27,CN(C)/C(N(C)C)=N/C(C)(C)C,O=S(C1=CC=C(C(F)(F)F)C=C1)(F)=O,OCCN1C(C)=NC=C1[N+]([O-])=O,47
BTMG,3-NO2,s27,CN(C)/C(N(C)C)=N/C(C)(C)C,O=S(C1=CC=C([N+]([O-])=O)C=C1)(F)=O,OCCN1C(C)=NC=C1[N+]([O-])=O,49
BTMG,PBSF,s27,CN(C)/C(N(C)C)=N/C(C)(C)C,FC(C(F)(S(=O)(F)=O)F)(F)C(F)(F)C(F)(F)F,OCCN1C(C)=NC=C1[N+]([O-])=O,87
BTPP,3-Cl,s27,CC(N=P(N1CCCC1)(N2CCCC2)N3CCCC3)(C)C,ClC1=CC=C(S(=O)(F)=O)C=C1,OCCN1C(C)=NC=C1[N+]([O-])=O,23
BTPP,PyFluor,s27,CC(N=P(N1CCCC1)(N2CCCC2)N3CCCC3)(C)C,O=S(C1=CC=CC=N1)(F)=O,OCCN1C(C)=NC=C1[N+]([O-])=O,28
BTPP,3-CF3,s27,CC(N=P(N1CCCC1)(N2CCCC2)N3CCCC3)(C)C,O=S(C1=CC=C(C(F)(F)F)C=C1)(F)=O,OCCN1C(C)=NC=C1[N+]([O-])=O,28
BTPP,3-NO2,s27,CC(N=P(N1CCCC1)(N2CCCC2)N3CCCC3)(C)C,O=S(C1=CC=C([N+]([O-])=O)C=C1)(F)=O,OCCN1C(C)=NC=C1[N+]([O-])=O,29
BTPP,PBSF,s27,CC(N=P(N1CCCC1)(N2CCCC2)N3CCCC3)(C)C,FC(C(F)(S(=O)(F)=O)F)(F)C(F)(F)C(F)(F)F,OCCN1C(C)=NC=C1[N+]([O-])=O,51
DBU,3-Cl,s28,N12CCCN=C1CCCCC2,ClC1=CC=C(S(=O)(F)=O)C=C1,[H][C@]12CC[C@]3(C)C(C4=CC=CN=C4)=CC[C@@]3([H])[C@@]1(CC=C5C[C@@H](O)CC[C@]25C)[H],0
DBU,PyFluor,s28,N12CCCN=C1CCCCC2,O=S(C1=CC=CC=N1)(F)=O,[H][C@]12CC[C@]3(C)C(C4=CC=CN=C4)=CC[C@@]3([H])[C@@]1(CC=C5C[C@@H](O)CC[C@]25C)[H],0
DBU,3-CF3,s28,N12CCCN=C1CCCCC2,O=S(C1=CC=C(C(F)(F)F)C=C1)(F)=O,[H][C@]12CC[C@]3(C)C(C4=CC=CN=C4)=CC[C@@]3([H])[C@@]1(CC=C5C[C@@H](O)CC[C@]25C)[H],2
DBU,3-NO2,s28,N12CCCN=C1CCCCC2,O=S(C1=CC=C([N+]([O-])=O)C=C1)(F)=O,[H][C@]12CC[C@]3(C)C(C4=CC=CN=C4)=CC[C@@]3([H])[C@@]1(CC=C5C[C@@H](O)CC[C@]25C)[H],5
DBU,PBSF,s28,N12CCCN=C1CCCCC2,FC(C(F)(S(=O)(F)=O)F)(F)C(F)(F)C(F)(F)F,[H][C@]12CC[C@]3(C)C(C4=CC=CN=C4)=CC[C@@]3([H])[C@@]1(CC=C5C[C@@H](O)CC[C@]25C)[H],13
MTBD,3-Cl,s28,CN1CCCN2CCCN=C21,ClC1=CC=C(S(=O)(F)=O)C=C1,[H][C@]12CC[C@]3(C)C(C4=CC=CN=C4)=CC[C@@]3([H])[C@@]1(CC=C5C[C@@H](O)CC[C@]25C)[H],0
MTBD,PyFluor,s28,CN1CCCN2CCCN=C21,O=S(C1=CC=CC=N1)(F)=O,[H][C@]12CC[C@]3(C)C(C4=CC=CN=C4)=CC[C@@]3([H])[C@@]1(CC=C5C[C@@H](O)CC[C@]25C)[H],0
MTBD,3-CF3,s28,CN1CCCN2CCCN=C21,O=S(C1=CC=C(C(F)(F)F)C=C1)(F)=O,[H][C@]12CC[C@]3(C)C(C4=CC=CN=C4)=CC[C@@]3([H])[C@@]1(CC=C5C[C@@H](O)CC[C@]25C)[H],1
MTBD,3-NO2,s28,CN1CCCN2CCCN=C21,O=S(C1=CC=C([N+]([O-])=O)C=C1)(F)=O,[H][C@]12CC[C@]3(C)C(C4=CC=CN=C4)=CC[C@@]3([H])[C@@]1(CC=C5C[C@@H](O)CC[C@]25C)[H],5
MTBD,PBSF,s28,CN1CCCN2CCCN=C21,FC(C(F)(S(=O)(F)=O)F)(F)C(F)(F)C(F)(F)F,[H][C@]12CC[C@]3(C)C(C4=CC=CN=C4)=CC[C@@]3([H])[C@@]1(CC=C5C[C@@H](O)CC[C@]25C)[H],13
BTMG,3-Cl,s28,CN(C)/C(N(C)C)=N/C(C)(C)C,ClC1=CC=C(S(=O)(F)=O)C=C1,[H][C@]12CC[C@]3(C)C(C4=CC=CN=C4)=CC[C@@]3([H])[C@@]1(CC=C5C[C@@H](O)CC[C@]25C)[H],0
BTMG,PyFluor,s28,CN(C)/C(N(C)C)=N/C(C)(C)C,O=S(C1=CC=CC=N1)(F)=O,[H][C@]12CC[C@]3(C)C(C4=CC=CN=C4)=CC[C@@]3([H])[C@@]1(CC=C5C[C@@H](O)CC[C@]25C)[H],0
BTMG,3-CF3,s28,CN(C)/C(N(C)C)=N/C(C)(C)C,O=S(C1=CC=C(C(F)(F)F)C=C1)(F)=O,[H][C@]12CC[C@]3(C)C(C4=CC=CN=C4)=CC[C@@]3([H])[C@@]1(CC=C5C[C@@H](O)CC[C@]25C)[H],1
BTMG,3-NO2,s28,CN(C)/C(N(C)C)=N/C(C)(C)C,O=S(C1=CC=C([N+]([O-])=O)C=C1)(F)=O,[H][C@]12CC[C@]3(C)C(C4=CC=CN=C4)=CC[C@@]3([H])[C@@]1(CC=C5C[C@@H](O)CC[C@]25C)[H],3
BTMG,PBSF,s28,CN(C)/C(N(C)C)=N/C(C)(C)C,FC(C(F)(S(=O)(F)=O)F)(F)C(F)(F)C(F)(F)F,[H][C@]12CC[C@]3(C)C(C4=CC=CN=C4)=CC[C@@]3([H])[C@@]1(CC=C5C[C@@H](O)CC[C@]25C)[H],9
BTPP,3-Cl,s28,CC(N=P(N1CCCC1)(N2CCCC2)N3CCCC3)(C)C,ClC1=CC=C(S(=O)(F)=O)C=C1,[H][C@]12CC[C@]3(C)C(C4=CC=CN=C4)=CC[C@@]3([H])[C@@]1(CC=C5C[C@@H](O)CC[C@]25C)[H],0
BTPP,PyFluor,s28,CC(N=P(N1CCCC1)(N2CCCC2)N3CCCC3)(C)C,O=S(C1=CC=CC=N1)(F)=O,[H][C@]12CC[C@]3(C)C(C4=CC=CN=C4)=CC[C@@]3([H])[C@@]1(CC=C5C[C@@H](O)CC[C@]25C)[H],0
BTPP,3-CF3,s28,CC(N=P(N1CCCC1)(N2CCCC2)N3CCCC3)(C)C,O=S(C1=CC=C(C(F)(F)F)C=C1)(F)=O,[H][C@]12CC[C@]3(C)C(C4=CC=CN=C4)=CC[C@@]3([H])[C@@]1(CC=C5C[C@@H](O)CC[C@]25C)[H],0
BTPP,3-NO2,s28,CC(N=P(N1CCCC1)(N2CCCC2)N3CCCC3)(C)C,O=S(C1=CC=C([N+]([O-])=O)C=C1)(F)=O,[H][C@]12CC[C@]3(C)C(C4=CC=CN=C4)=CC[C@@]3([H])[C@@]1(CC=C5C[C@@H](O)CC[C@]25C)[H],2
BTPP,PBSF,s28,CC(N=P(N1CCCC1)(N2CCCC2)N3CCCC3)(C)C,FC(C(F)(S(=O)(F)=O)F)(F)C(F)(F)C(F)(F)F,[H][C@]12CC[C@]3(C)C(C4=CC=CN=C4)=CC[C@@]3([H])[C@@]1(CC=C5C[C@@H](O)CC[C@]25C)[H],7
DBU,3-Cl,s29,N12CCCN=C1CCCCC2,ClC1=CC=C(S(=O)(F)=O)C=C1,O=C1C(O)CCO1,58
DBU,PyFluor,s29,N12CCCN=C1CCCCC2,O=S(C1=CC=CC=N1)(F)=O,O=C1C(O)CCO1,63
DBU,3-CF3,s29,N12CCCN=C1CCCCC2,O=S(C1=CC=C(C(F)(F)F)C=C1)(F)=O,O=C1C(O)CCO1,55
DBU,3-NO2,s29,N12CCCN=C1CCCCC2,O=S(C1=CC=C([N+]([O-])=O)C=C1)(F)=O,O=C1C(O)CCO1,40
DBU,PBSF,s29,N12CCCN=C1CCCCC2,FC(C(F)(S(=O)(F)=O)F)(F)C(F)(F)C(F)(F)F,O=C1C(O)CCO1,74
MTBD,3-Cl,s29,CN1CCCN2CCCN=C21,ClC1=CC=C(S(=O)(F)=O)C=C1,O=C1C(O)CCO1,63
MTBD,PyFluor,s29,CN1CCCN2CCCN=C21,O=S(C1=CC=CC=N1)(F)=O,O=C1C(O)CCO1,72
MTBD,3-CF3,s29,CN1CCCN2CCCN=C21,O=S(C1=CC=C(C(F)(F)F)C=C1)(F)=O,O=C1C(O)CCO1,64
MTBD,3-NO2,s29,CN1CCCN2CCCN=C21,O=S(C1=CC=C([N+]([O-])=O)C=C1)(F)=O,O=C1C(O)CCO1,37
MTBD,PBSF,s29,CN1CCCN2CCCN=C21,FC(C(F)(S(=O)(F)=O)F)(F)C(F)(F)C(F)(F)F,O=C1C(O)CCO1,92
BTMG,3-Cl,s29,CN(C)/C(N(C)C)=N/C(C)(C)C,ClC1=CC=C(S(=O)(F)=O)C=C1,O=C1C(O)CCO1,79
BTMG,PyFluor,s29,CN(C)/C(N(C)C)=N/C(C)(C)C,O=S(C1=CC=CC=N1)(F)=O,O=C1C(O)CCO1,80
BTMG,3-CF3,s29,CN(C)/C(N(C)C)=N/C(C)(C)C,O=S(C1=CC=C(C(F)(F)F)C=C1)(F)=O,O=C1C(O)CCO1,81
BTMG,3-NO2,s29,CN(C)/C(N(C)C)=N/C(C)(C)C,O=S(C1=CC=C([N+]([O-])=O)C=C1)(F)=O,O=C1C(O)CCO1,43
BTMG,PBSF,s29,CN(C)/C(N(C)C)=N/C(C)(C)C,FC(C(F)(S(=O)(F)=O)F)(F)C(F)(F)C(F)(F)F,O=C1C(O)CCO1,84
BTPP,3-Cl,s29,CC(N=P(N1CCCC1)(N2CCCC2)N3CCCC3)(C)C,ClC1=CC=C(S(=O)(F)=O)C=C1,O=C1C(O)CCO1,75
BTPP,PyFluor,s29,CC(N=P(N1CCCC1)(N2CCCC2)N3CCCC3)(C)C,O=S(C1=CC=CC=N1)(F)=O,O=C1C(O)CCO1,65
BTPP,3-CF3,s29,CC(N=P(N1CCCC1)(N2CCCC2)N3CCCC3)(C)C,O=S(C1=CC=C(C(F)(F)F)C=C1)(F)=O,O=C1C(O)CCO1,49
BTPP,3-NO2,s29,CC(N=P(N1CCCC1)(N2CCCC2)N3CCCC3)(C)C,O=S(C1=CC=C([N+]([O-])=O)C=C1)(F)=O,O=C1C(O)CCO1,44
BTPP,PBSF,s29,CC(N=P(N1CCCC1)(N2CCCC2)N3CCCC3)(C)C,FC(C(F)(S(=O)(F)=O)F)(F)C(F)(F)C(F)(F)F,O=C1C(O)CCO1,79
DBU,3-Cl,s30,N12CCCN=C1CCCCC2,ClC1=CC=C(S(=O)(F)=O)C=C1,O=C(C=C1CC[C@@]2([H])[C@]3([H])CC[C@@](O)([C@]3(C4)C)C(CO)=O)C=C[C@]1(C)[C@@]2([H])C4=O,32
DBU,PyFluor,s30,N12CCCN=C1CCCCC2,O=S(C1=CC=CC=N1)(F)=O,O=C(C=C1CC[C@@]2([H])[C@]3([H])CC[C@@](O)([C@]3(C4)C)C(CO)=O)C=C[C@]1(C)[C@@]2([H])C4=O,49
DBU,3-CF3,s30,N12CCCN=C1CCCCC2,O=S(C1=CC=C(C(F)(F)F)C=C1)(F)=O,O=C(C=C1CC[C@@]2([H])[C@]3([H])CC[C@@](O)([C@]3(C4)C)C(CO)=O)C=C[C@]1(C)[C@@]2([H])C4=O,40
DBU,3-NO2,s30,N12CCCN=C1CCCCC2,O=S(C1=CC=C([N+]([O-])=O)C=C1)(F)=O,O=C(C=C1CC[C@@]2([H])[C@]3([H])CC[C@@](O)([C@]3(C4)C)C(CO)=O)C=C[C@]1(C)[C@@]2([H])C4=O,36
DBU,PBSF,s30,N12CCCN=C1CCCCC2,FC(C(F)(S(=O)(F)=O)F)(F)C(F)(F)C(F)(F)F,O=C(C=C1CC[C@@]2([H])[C@]3([H])CC[C@@](O)([C@]3(C4)C)C(CO)=O)C=C[C@]1(C)[C@@]2([H])C4=O,31
MTBD,3-Cl,s30,CN1CCCN2CCCN=C21,ClC1=CC=C(S(=O)(F)=O)C=C1,O=C(C=C1CC[C@@]2([H])[C@]3([H])CC[C@@](O)([C@]3(C4)C)C(CO)=O)C=C[C@]1(C)[C@@]2([H])C4=O,43
MTBD,PyFluor,s30,CN1CCCN2CCCN=C21,O=S(C1=CC=CC=N1)(F)=O,O=C(C=C1CC[C@@]2([H])[C@]3([H])CC[C@@](O)([C@]3(C4)C)C(CO)=O)C=C[C@]1(C)[C@@]2([H])C4=O,53
MTBD,3-CF3,s30,CN1CCCN2CCCN=C21,O=S(C1=CC=C(C(F)(F)F)C=C1)(F)=O,O=C(C=C1CC[C@@]2([H])[C@]3([H])CC[C@@](O)([C@]3(C4)C)C(CO)=O)C=C[C@]1(C)[C@@]2([H])C4=O,42
MTBD,3-NO2,s30,CN1CCCN2CCCN=C21,O=S(C1=CC=C([N+]([O-])=O)C=C1)(F)=O,O=C(C=C1CC[C@@]2([H])[C@]3([H])CC[C@@](O)([C@]3(C4)C)C(CO)=O)C=C[C@]1(C)[C@@]2([H])C4=O,12
MTBD,PBSF,s30,CN1CCCN2CCCN=C21,FC(C(F)(S(=O)(F)=O)F)(F)C(F)(F)C(F)(F)F,O=C(C=C1CC[C@@]2([H])[C@]3([H])CC[C@@](O)([C@]3(C4)C)C(CO)=O)C=C[C@]1(C)[C@@]2([H])C4=O,31
BTMG,3-Cl,s30,CN(C)/C(N(C)C)=N/C(C)(C)C,ClC1=CC=C(S(=O)(F)=O)C=C1,O=C(C=C1CC[C@@]2([H])[C@]3([H])CC[C@@](O)([C@]3(C4)C)C(CO)=O)C=C[C@]1(C)[C@@]2([H])C4=O,41
BTMG,PyFluor,s30,CN(C)/C(N(C)C)=N/C(C)(C)C,O=S(C1=CC=CC=N1)(F)=O,O=C(C=C1CC[C@@]2([H])[C@]3([H])CC[C@@](O)([C@]3(C4)C)C(CO)=O)C=C[C@]1(C)[C@@]2([H])C4=O,51
BTMG,3-CF3,s30,CN(C)/C(N(C)C)=N/C(C)(C)C,O=S(C1=CC=C(C(F)(F)F)C=C1)(F)=O,O=C(C=C1CC[C@@]2([H])[C@]3([H])CC[C@@](O)([C@]3(C4)C)C(CO)=O)C=C[C@]1(C)[C@@]2([H])C4=O,53
BTMG,3-NO2,s30,CN(C)/C(N(C)C)=N/C(C)(C)C,O=S(C1=CC=C([N+]([O-])=O)C=C1)(F)=O,O=C(C=C1CC[C@@]2([H])[C@]3([H])CC[C@@](O)([C@]3(C4)C)C(CO)=O)C=C[C@]1(C)[C@@]2([H])C4=O,14
BTMG,PBSF,s30,CN(C)/C(N(C)C)=N/C(C)(C)C,FC(C(F)(S(=O)(F)=O)F)(F)C(F)(F)C(F)(F)F,O=C(C=C1CC[C@@]2([H])[C@]3([H])CC[C@@](O)([C@]3(C4)C)C(CO)=O)C=C[C@]1(C)[C@@]2([H])C4=O,42
BTPP,3-Cl,s30,CC(N=P(N1CCCC1)(N2CCCC2)N3CCCC3)(C)C,ClC1=CC=C(S(=O)(F)=O)C=C1,O=C(C=C1CC[C@@]2([H])[C@]3([H])CC[C@@](O)([C@]3(C4)C)C(CO)=O)C=C[C@]1(C)[C@@]2([H])C4=O,35
BTPP,PyFluor,s30,CC(N=P(N1CCCC1)(N2CCCC2)N3CCCC3)(C)C,O=S(C1=CC=CC=N1)(F)=O,O=C(C=C1CC[C@@]2([H])[C@]3([H])CC[C@@](O)([C@]3(C4)C)C(CO)=O)C=C[C@]1(C)[C@@]2([H])C4=O,44
BTPP,3-CF3,s30,CC(N=P(N1CCCC1)(N2CCCC2)N3CCCC3)(C)C,O=S(C1=CC=C(C(F)(F)F)C=C1)(F)=O,O=C(C=C1CC[C@@]2([H])[C@]3([H])CC[C@@](O)([C@]3(C4)C)C(CO)=O)C=C[C@]1(C)[C@@]2([H])C4=O,54
BTPP,3-NO2,s30,CC(N=P(N1CCCC1)(N2CCCC2)N3CCCC3)(C)C,O=S(C1=CC=C([N+]([O-])=O)C=C1)(F)=O,O=C(C=C1CC[C@@]2([H])[C@]3([H])CC[C@@](O)([C@]3(C4)C)C(CO)=O)C=C[C@]1(C)[C@@]2([H])C4=O,11
BTPP,PBSF,s30,CC(N=P(N1CCCC1)(N2CCCC2)N3CCCC3)(C)C,FC(C(F)(S(=O)(F)=O)F)(F)C(F)(F)C(F)(F)F,O=C(C=C1CC[C@@]2([H])[C@]3([H])CC[C@@](O)([C@]3(C4)C)C(CO)=O)C=C[C@]1(C)[C@@]2([H])C4=O,43
DBU,3-Cl,s31,N12CCCN=C1CCCCC2,ClC1=CC=C(S(=O)(F)=O)C=C1,O=C([C@@H](NC(C1=CC=CC=C1)(C2=CC=CC=C2)C3=CC=CC=C3)CO)OC,2
DBU,PyFluor,s31,N12CCCN=C1CCCCC2,O=S(C1=CC=CC=N1)(F)=O,O=C([C@@H](NC(C1=CC=CC=C1)(C2=CC=CC=C2)C3=CC=CC=C3)CO)OC,3
DBU,3-CF3,s31,N12CCCN=C1CCCCC2,O=S(C1=CC=C(C(F)(F)F)C=C1)(F)=O,O=C([C@@H](NC(C1=CC=CC=C1)(C2=CC=CC=C2)C3=CC=CC=C3)CO)OC,3
DBU,3-NO2,s31,N12CCCN=C1CCCCC2,O=S(C1=CC=C([N+]([O-])=O)C=C1)(F)=O,O=C([C@@H](NC(C1=CC=CC=C1)(C2=CC=CC=C2)C3=CC=CC=C3)CO)OC,3
DBU,PBSF,s31,N12CCCN=C1CCCCC2,FC(C(F)(S(=O)(F)=O)F)(F)C(F)(F)C(F)(F)F,O=C([C@@H](NC(C1=CC=CC=C1)(C2=CC=CC=C2)C3=CC=CC=C3)CO)OC,3
MTBD,3-Cl,s31,CN1CCCN2CCCN=C21,ClC1=CC=C(S(=O)(F)=O)C=C1,O=C([C@@H](NC(C1=CC=CC=C1)(C2=CC=CC=C2)C3=CC=CC=C3)CO)OC,5
MTBD,PyFluor,s31,CN1CCCN2CCCN=C21,O=S(C1=CC=CC=N1)(F)=O,O=C([C@@H](NC(C1=CC=CC=C1)(C2=CC=CC=C2)C3=CC=CC=C3)CO)OC,8
MTBD,3-CF3,s31,CN1CCCN2CCCN=C21,O=S(C1=CC=C(C(F)(F)F)C=C1)(F)=O,O=C([C@@H](NC(C1=CC=CC=C1)(C2=CC=CC=C2)C3=CC=CC=C3)CO)OC,8
MTBD,3-NO2,s31,CN1CCCN2CCCN=C21,O=S(C1=CC=C([N+]([O-])=O)C=C1)(F)=O,O=C([C@@H](NC(C1=CC=CC=C1)(C2=CC=CC=C2)C3=CC=CC=C3)CO)OC,9
MTBD,PBSF,s31,CN1CCCN2CCCN=C21,FC(C(F)(S(=O)(F)=O)F)(F)C(F)(F)C(F)(F)F,O=C([C@@H](NC(C1=CC=CC=C1)(C2=CC=CC=C2)C3=CC=CC=C3)CO)OC,9
BTMG,3-Cl,s31,CN(C)/C(N(C)C)=N/C(C)(C)C,ClC1=CC=C(S(=O)(F)=O)C=C1,O=C([C@@H](NC(C1=CC=CC=C1)(C2=CC=CC=C2)C3=CC=CC=C3)CO)OC,5
BTMG,PyFluor,s31,CN(C)/C(N(C)C)=N/C(C)(C)C,O=S(C1=CC=CC=N1)(F)=O,O=C([C@@H](NC(C1=CC=CC=C1)(C2=CC=CC=C2)C3=CC=CC=C3)CO)OC,5
BTMG,3-CF3,s31,CN(C)/C(N(C)C)=N/C(C)(C)C,O=S(C1=CC=C(C(F)(F)F)C=C1)(F)=O,O=C([C@@H](NC(C1=CC=CC=C1)(C2=CC=CC=C2)C3=CC=CC=C3)CO)OC,7
BTMG,3-NO2,s31,CN(C)/C(N(C)C)=N/C(C)(C)C,O=S(C1=CC=C([N+]([O-])=O)C=C1)(F)=O,O=C([C@@H](NC(C1=CC=CC=C1)(C2=CC=CC=C2)C3=CC=CC=C3)CO)OC,10
BTMG,PBSF,s31,CN(C)/C(N(C)C)=N/C(C)(C)C,FC(C(F)(S(=O)(F)=O)F)(F)C(F)(F)C(F)(F)F,O=C([C@@H](NC(C1=CC=CC=C1)(C2=CC=CC=C2)C3=CC=CC=C3)CO)OC,9
BTPP,3-Cl,s31,CC(N=P(N1CCCC1)(N2CCCC2)N3CCCC3)(C)C,ClC1=CC=C(S(=O)(F)=O)C=C1,O=C([C@@H](NC(C1=CC=CC=C1)(C2=CC=CC=C2)C3=CC=CC=C3)CO)OC,7
BTPP,PyFluor,s31,CC(N=P(N1CCCC1)(N2CCCC2)N3CCCC3)(C)C,O=S(C1=CC=CC=N1)(F)=O,O=C([C@@H](NC(C1=CC=CC=C1)(C2=CC=CC=C2)C3=CC=CC=C3)CO)OC,5
BTPP,3-CF3,s31,CC(N=P(N1CCCC1)(N2CCCC2)N3CCCC3)(C)C,O=S(C1=CC=C(C(F)(F)F)C=C1)(F)=O,O=C([C@@H](NC(C1=CC=CC=C1)(C2=CC=CC=C2)C3=CC=CC=C3)CO)OC,9
BTPP,3-NO2,s31,CC(N=P(N1CCCC1)(N2CCCC2)N3CCCC3)(C)C,O=S(C1=CC=C([N+]([O-])=O)C=C1)(F)=O,O=C([C@@H](NC(C1=CC=CC=C1)(C2=CC=CC=C2)C3=CC=CC=C3)CO)OC,11
BTPP,PBSF,s31,CC(N=P(N1CCCC1)(N2CCCC2)N3CCCC3)(C)C,FC(C(F)(S(=O)(F)=O)F)(F)C(F)(F)C(F)(F)F,O=C([C@@H](NC(C1=CC=CC=C1)(C2=CC=CC=C2)C3=CC=CC=C3)CO)OC,28
DBU,3-Cl,s32,N12CCCN=C1CCCCC2,ClC1=CC=C(S(=O)(F)=O)C=C1,[H][C@@]1(O2)O[C@@](CC[C@]34[H])(OO[C@]13C([C@H]([C@H]2O)C)CC[C@H]4C)C,10
DBU,PyFluor,s32,N12CCCN=C1CCCCC2,O=S(C1=CC=CC=N1)(F)=O,[H][C@@]1(O2)O[C@@](CC[C@]34[H])(OO[C@]13C([C@H]([C@H]2O)C)CC[C@H]4C)C,38
DBU,3-CF3,s32,N12CCCN=C1CCCCC2,O=S(C1=CC=C(C(F)(F)F)C=C1)(F)=O,[H][C@@]1(O2)O[C@@](CC[C@]34[H])(OO[C@]13C([C@H]([C@H]2O)C)CC[C@H]4C)C,32
DBU,3-NO2,s32,N12CCCN=C1CCCCC2,O=S(C1=CC=C([N+]([O-])=O)C=C1)(F)=O,[H][C@@]1(O2)O[C@@](CC[C@]34[H])(OO[C@]13C([C@H]([C@H]2O)C)CC[C@H]4C)C,41
DBU,PBSF,s32,N12CCCN=C1CCCCC2,FC(C(F)(S(=O)(F)=O)F)(F)C(F)(F)C(F)(F)F,[H][C@@]1(O2)O[C@@](CC[C@]34[H])(OO[C@]13C([C@H]([C@H]2O)C)CC[C@H]4C)C,33
MTBD,3-Cl,s32,CN1CCCN2CCCN=C21,ClC1=CC=C(S(=O)(F)=O)C=C1,[H][C@@]1(O2)O[C@@](CC[C@]34[H])(OO[C@]13C([C@H]([C@H]2O)C)CC[C@H]4C)C,23
MTBD,PyFluor,s32,CN1CCCN2CCCN=C21,O=S(C1=CC=CC=N1)(F)=O,[H][C@@]1(O2)O[C@@](CC[C@]34[H])(OO[C@]13C([C@H]([C@H]2O)C)CC[C@H]4C)C,43
MTBD,3-CF3,s32,CN1CCCN2CCCN=C21,O=S(C1=CC=C(C(F)(F)F)C=C1)(F)=O,[H][C@@]1(O2)O[C@@](CC[C@]34[H])(OO[C@]13C([C@H]([C@H]2O)C)CC[C@H]4C)C,43
MTBD,3-NO2,s32,CN1CCCN2CCCN=C21,O=S(C1=CC=C([N+]([O-])=O)C=C1)(F)=O,[H][C@@]1(O2)O[C@@](CC[C@]34[H])(OO[C@]13C([C@H]([C@H]2O)C)CC[C@H]4C)C,50
MTBD,PBSF,s32,CN1CCCN2CCCN=C21,FC(C(F)(S(=O)(F)=O)F)(F)C(F)(F)C(F)(F)F,[H][C@@]1(O2)O[C@@](CC[C@]34[H])(OO[C@]13C([C@H]([C@H]2O)C)CC[C@H]4C)C,32
BTMG,3-Cl,s32,CN(C)/C(N(C)C)=N/C(C)(C)C,ClC1=CC=C(S(=O)(F)=O)C=C1,[H][C@@]1(O2)O[C@@](CC[C@]34[H])(OO[C@]13C([C@H]([C@H]2O)C)CC[C@H]4C)C,15
BTMG,PyFluor,s32,CN(C)/C(N(C)C)=N/C(C)(C)C,O=S(C1=CC=CC=N1)(F)=O,[H][C@@]1(O2)O[C@@](CC[C@]34[H])(OO[C@]13C([C@H]([C@H]2O)C)CC[C@H]4C)C,39
BTMG,3-CF3,s32,CN(C)/C(N(C)C)=N/C(C)(C)C,O=S(C1=CC=C(C(F)(F)F)C=C1)(F)=O,[H][C@@]1(O2)O[C@@](CC[C@]34[H])(OO[C@]13C([C@H]([C@H]2O)C)CC[C@H]4C)C,41
BTMG,3-NO2,s32,CN(C)/C(N(C)C)=N/C(C)(C)C,O=S(C1=CC=C([N+]([O-])=O)C=C1)(F)=O,[H][C@@]1(O2)O[C@@](CC[C@]34[H])(OO[C@]13C([C@H]([C@H]2O)C)CC[C@H]4C)C,52
BTMG,PBSF,s32,CN(C)/C(N(C)C)=N/C(C)(C)C,FC(C(F)(S(=O)(F)=O)F)(F)C(F)(F)C(F)(F)F,[H][C@@]1(O2)O[C@@](CC[C@]34[H])(OO[C@]13C([C@H]([C@H]2O)C)CC[C@H]4C)C,38
BTPP,3-Cl,s32,CC(N=P(N1CCCC1)(N2CCCC2)N3CCCC3)(C)C,ClC1=CC=C(S(=O)(F)=O)C=C1,[H][C@@]1(O2)O[C@@](CC[C@]34[H])(OO[C@]13C([C@H]([C@H]2O)C)CC[C@H]4C)C,14
BTPP,PyFluor,s32,CC(N=P(N1CCCC1)(N2CCCC2)N3CCCC3)(C)C,O=S(C1=CC=CC=N1)(F)=O,[H][C@@]1(O2)O[C@@](CC[C@]34[H])(OO[C@]13C([C@H]([C@H]2O)C)CC[C@H]4C)C,23
BTPP,3-CF3,s32,CC(N=P(N1CCCC1)(N2CCCC2)N3CCCC3)(C)C,O=S(C1=CC=C(C(F)(F)F)C=C1)(F)=O,[H][C@@]1(O2)O[C@@](CC[C@]34[H])(OO[C@]13C([C@H]([C@H]2O)C)CC[C@H]4C)C,36
BTPP,3-NO2,s32,CC(N=P(N1CCCC1)(N2CCCC2)N3CCCC3)(C)C,O=S(C1=CC=C([N+]([O-])=O)C=C1)(F)=O,[H][C@@]1(O2)O[C@@](CC[C@]34[H])(OO[C@]13C([C@H]([C@H]2O)C)CC[C@H]4C)C,44
BTPP,PBSF,s32,CC(N=P(N1CCCC1)(N2CCCC2)N3CCCC3)(C)C,FC(C(F)(S(=O)(F)=O)F)(F)C(F)(F)C(F)(F)F,[H][C@@]1(O2)O[C@@](CC[C@]34[H])(OO[C@]13C([C@H]([C@H]2O)C)CC[C@H]4C)C,45
DBU,3-Cl,s33,N12CCCN=C1CCCCC2,ClC1=CC=C(S(=O)(F)=O)C=C1,OCCCC1=CN2C(N=C1)=NC=N2,60
DBU,PyFluor,s33,N12CCCN=C1CCCCC2,O=S(C1=CC=CC=N1)(F)=O,OCCCC1=CN2C(N=C1)=NC=N2,61
DBU,3-CF3,s33,N12CCCN=C1CCCCC2,O=S(C1=CC=C(C(F)(F)F)C=C1)(F)=O,OCCCC1=CN2C(N=C1)=NC=N2,57
DBU,3-NO2,s33,N12CCCN=C1CCCCC2,O=S(C1=CC=C([N+]([O-])=O)C=C1)(F)=O,OCCCC1=CN2C(N=C1)=NC=N2,57
DBU,PBSF,s33,N12CCCN=C1CCCCC2,FC(C(F)(S(=O)(F)=O)F)(F)C(F)(F)C(F)(F)F,OCCCC1=CN2C(N=C1)=NC=N2,50
MTBD,3-Cl,s33,CN1CCCN2CCCN=C21,ClC1=CC=C(S(=O)(F)=O)C=C1,OCCCC1=CN2C(N=C1)=NC=N2,86
MTBD,PyFluor,s33,CN1CCCN2CCCN=C21,O=S(C1=CC=CC=N1)(F)=O,OCCCC1=CN2C(N=C1)=NC=N2,80
MTBD,3-CF3,s33,CN1CCCN2CCCN=C21,O=S(C1=CC=C(C(F)(F)F)C=C1)(F)=O,OCCCC1=CN2C(N=C1)=NC=N2,79
MTBD,3-NO2,s33,CN1CCCN2CCCN=C21,O=S(C1=CC=C([N+]([O-])=O)C=C1)(F)=O,OCCCC1=CN2C(N=C1)=NC=N2,85
MTBD,PBSF,s33,CN1CCCN2CCCN=C21,FC(C(F)(S(=O)(F)=O)F)(F)C(F)(F)C(F)(F)F,OCCCC1=CN2C(N=C1)=NC=N2,73
BTMG,3-Cl,s33,CN(C)/C(N(C)C)=N/C(C)(C)C,ClC1=CC=C(S(=O)(F)=O)C=C1,OCCCC1=CN2C(N=C1)=NC=N2,87
BTMG,PyFluor,s33,CN(C)/C(N(C)C)=N/C(C)(C)C,O=S(C1=CC=CC=N1)(F)=O,OCCCC1=CN2C(N=C1)=NC=N2,82
BTMG,3-CF3,s33,CN(C)/C(N(C)C)=N/C(C)(C)C,O=S(C1=CC=C(C(F)(F)F)C=C1)(F)=O,OCCCC1=CN2C(N=C1)=NC=N2,85
BTMG,3-NO2,s33,CN(C)/C(N(C)C)=N/C(C)(C)C,O=S(C1=CC=C([N+]([O-])=O)C=C1)(F)=O,OCCCC1=CN2C(N=C1)=NC=N2,79
BTMG,PBSF,s33,CN(C)/C(N(C)C)=N/C(C)(C)C,FC(C(F)(S(=O)(F)=O)F)(F)C(F)(F)C(F)(F)F,OCCCC1=CN2C(N=C1)=NC=N2,74
BTPP,3-Cl,s33,CC(N=P(N1CCCC1)(N2CCCC2)N3CCCC3)(C)C,ClC1=CC=C(S(=O)(F)=O)C=C1,OCCCC1=CN2C(N=C1)=NC=N2,80
BTPP,PyFluor,s33,CC(N=P(N1CCCC1)(N2CCCC2)N3CCCC3)(C)C,O=S(C1=CC=CC=N1)(F)=O,OCCCC1=CN2C(N=C1)=NC=N2,80
BTPP,3-CF3,s33,CC(N=P(N1CCCC1)(N2CCCC2)N3CCCC3)(C)C,O=S(C1=CC=C(C(F)(F)F)C=C1)(F)=O,OCCCC1=CN2C(N=C1)=NC=N2,75
BTPP,3-NO2,s33,CC(N=P(N1CCCC1)(N2CCCC2)N3CCCC3)(C)C,O=S(C1=CC=C([N+]([O-])=O)C=C1)(F)=O,OCCCC1=CN2C(N=C1)=NC=N2,76
BTPP,PBSF,s33,CC(N=P(N1CCCC1)(N2CCCC2)N3CCCC3)(C)C,FC(C(F)(S(=O)(F)=O)F)(F)C(F)(F)C(F)(F)F,OCCCC1=CN2C(N=C1)=NC=N2,80
DBU,3-Cl,s34,N12CCCN=C1CCCCC2,ClC1=CC=C(S(=O)(F)=O)C=C1,OC1CC2=CC=CC=C2C1,32
DBU,PyFluor,s34,N12CCCN=C1CCCCC2,O=S(C1=CC=CC=N1)(F)=O,OC1CC2=CC=CC=C2C1,46
DBU,3-CF3,s34,N12CCCN=C1CCCCC2,O=S(C1=CC=C(C(F)(F)F)C=C1)(F)=O,OC1CC2=CC=CC=C2C1,38
DBU,3-NO2,s34,N12CCCN=C1CCCCC2,O=S(C1=CC=C([N+]([O-])=O)C=C1)(F)=O,OC1CC2=CC=CC=C2C1,44
DBU,PBSF,s34,N12CCCN=C1CCCCC2,FC(C(F)(S(=O)(F)=O)F)(F)C(F)(F)C(F)(F)F,OC1CC2=CC=CC=C2C1,60
MTBD,3-Cl,s34,CN1CCCN2CCCN=C21,ClC1=CC=C(S(=O)(F)=O)C=C1,OC1CC2=CC=CC=C2C1,32
MTBD,PyFluor,s34,CN1CCCN2CCCN=C21,O=S(C1=CC=CC=N1)(F)=O,OC1CC2=CC=CC=C2C1,43
MTBD,3-CF3,s34,CN1CCCN2CCCN=C21,O=S(C1=CC=C(C(F)(F)F)C=C1)(F)=O,OC1CC2=CC=CC=C2C1,37
MTBD,3-NO2,s34,CN1CCCN2CCCN=C21,O=S(C1=CC=C([N+]([O-])=O)C=C1)(F)=O,OC1CC2=CC=CC=C2C1,38
MTBD,PBSF,s34,CN1CCCN2CCCN=C21,FC(C(F)(S(=O)(F)=O)F)(F)C(F)(F)C(F)(F)F,OC1CC2=CC=CC=C2C1,62
BTMG,3-Cl,s34,CN(C)/C(N(C)C)=N/C(C)(C)C,ClC1=CC=C(S(=O)(F)=O)C=C1,OC1CC2=CC=CC=C2C1,20
BTMG,PyFluor,s34,CN(C)/C(N(C)C)=N/C(C)(C)C,O=S(C1=CC=CC=N1)(F)=O,OC1CC2=CC=CC=C2C1,33
BTMG,3-CF3,s34,CN(C)/C(N(C)C)=N/C(C)(C)C,O=S(C1=CC=C(C(F)(F)F)C=C1)(F)=O,OC1CC2=CC=CC=C2C1,27
BTMG,3-NO2,s34,CN(C)/C(N(C)C)=N/C(C)(C)C,O=S(C1=CC=C([N+]([O-])=O)C=C1)(F)=O,OC1CC2=CC=CC=C2C1,30
BTMG,PBSF,s34,CN(C)/C(N(C)C)=N/C(C)(C)C,FC(C(F)(S(=O)(F)=O)F)(F)C(F)(F)C(F)(F)F,OC1CC2=CC=CC=C2C1,64
BTPP,3-Cl,s34,CC(N=P(N1CCCC1)(N2CCCC2)N3CCCC3)(C)C,ClC1=CC=C(S(=O)(F)=O)C=C1,OC1CC2=CC=CC=C2C1,16
BTPP,PyFluor,s34,CC(N=P(N1CCCC1)(N2CCCC2)N3CCCC3)(C)C,O=S(C1=CC=CC=N1)(F)=O,OC1CC2=CC=CC=C2C1,20
BTPP,3-CF3,s34,CC(N=P(N1CCCC1)(N2CCCC2)N3CCCC3)(C)C,O=S(C1=CC=C(C(F)(F)F)C=C1)(F)=O,OC1CC2=CC=CC=C2C1,19
BTPP,3-NO2,s34,CC(N=P(N1CCCC1)(N2CCCC2)N3CCCC3)(C)C,O=S(C1=CC=C([N+]([O-])=O)C=C1)(F)=O,OC1CC2=CC=CC=C2C1,14
BTPP,PBSF,s34,CC(N=P(N1CCCC1)(N2CCCC2)N3CCCC3)(C)C,FC(C(F)(S(=O)(F)=O)F)(F)C(F)(F)C(F)(F)F,OC1CC2=CC=CC=C2C1,64
DBU,3-Cl,s35,N12CCCN=C1CCCCC2,ClC1=CC=C(S(=O)(F)=O)C=C1,FC(C=C1)=CC=C1C2=CC(CO)=NO2,16
DBU,PyFluor,s35,N12CCCN=C1CCCCC2,O=S(C1=CC=CC=N1)(F)=O,FC(C=C1)=CC=C1C2=CC(CO)=NO2,18
DBU,3-CF3,s35,N12CCCN=C1CCCCC2,O=S(C1=CC=C(C(F)(F)F)C=C1)(F)=O,FC(C=C1)=CC=C1C2=CC(CO)=NO2,16
DBU,3-NO2,s35,N12CCCN=C1CCCCC2,O=S(C1=CC=C([N+]([O-])=O)C=C1)(F)=O,FC(C=C1)=CC=C1C2=CC(CO)=NO2,20
DBU,PBSF,s35,N12CCCN=C1CCCCC2,FC(C(F)(S(=O)(F)=O)F)(F)C(F)(F)C(F)(F)F,FC(C=C1)=CC=C1C2=CC(CO)=NO2,31
MTBD,3-Cl,s35,CN1CCCN2CCCN=C21,ClC1=CC=C(S(=O)(F)=O)C=C1,FC(C=C1)=CC=C1C2=CC(CO)=NO2,56
MTBD,PyFluor,s35,CN1CCCN2CCCN=C21,O=S(C1=CC=CC=N1)(F)=O,FC(C=C1)=CC=C1C2=CC(CO)=NO2,57
MTBD,3-CF3,s35,CN1CCCN2CCCN=C21,O=S(C1=CC=C(C(F)(F)F)C=C1)(F)=O,FC(C=C1)=CC=C1C2=CC(CO)=NO2,53
MTBD,3-NO2,s35,CN1CCCN2CCCN=C21,O=S(C1=CC=C([N+]([O-])=O)C=C1)(F)=O,FC(C=C1)=CC=C1C2=CC(CO)=NO2,55
MTBD,PBSF,s35,CN1CCCN2CCCN=C21,FC(C(F)(S(=O)(F)=O)F)(F)C(F)(F)C(F)(F)F,FC(C=C1)=CC=C1C2=CC(CO)=NO2,58
BTMG,3-Cl,s35,CN(C)/C(N(C)C)=N/C(C)(C)C,ClC1=CC=C(S(=O)(F)=O)C=C1,FC(C=C1)=CC=C1C2=CC(CO)=NO2,86
BTMG,PyFluor,s35,CN(C)/C(N(C)C)=N/C(C)(C)C,O=S(C1=CC=CC=N1)(F)=O,FC(C=C1)=CC=C1C2=CC(CO)=NO2,80
BTMG,3-CF3,s35,CN(C)/C(N(C)C)=N/C(C)(C)C,O=S(C1=CC=C(C(F)(F)F)C=C1)(F)=O,FC(C=C1)=CC=C1C2=CC(CO)=NO2,86
BTMG,3-NO2,s35,CN(C)/C(N(C)C)=N/C(C)(C)C,O=S(C1=CC=C([N+]([O-])=O)C=C1)(F)=O,FC(C=C1)=CC=C1C2=CC(CO)=NO2,88
BTMG,PBSF,s35,CN(C)/C(N(C)C)=N/C(C)(C)C,FC(C(F)(S(=O)(F)=O)F)(F)C(F)(F)C(F)(F)F,FC(C=C1)=CC=C1C2=CC(CO)=NO2,81
BTPP,3-Cl,s35,CC(N=P(N1CCCC1)(N2CCCC2)N3CCCC3)(C)C,ClC1=CC=C(S(=O)(F)=O)C=C1,FC(C=C1)=CC=C1C2=CC(CO)=NO2,94
BTPP,PyFluor,s35,CC(N=P(N1CCCC1)(N2CCCC2)N3CCCC3)(C)C,O=S(C1=CC=CC=N1)(F)=O,FC(C=C1)=CC=C1C2=CC(CO)=NO2,91
BTPP,3-CF3,s35,CC(N=P(N1CCCC1)(N2CCCC2)N3CCCC3)(C)C,O=S(C1=CC=C(C(F)(F)F)C=C1)(F)=O,FC(C=C1)=CC=C1C2=CC(CO)=NO2,93
BTPP,3-NO2,s35,CC(N=P(N1CCCC1)(N2CCCC2)N3CCCC3)(C)C,O=S(C1=CC=C([N+]([O-])=O)C=C1)(F)=O,FC(C=C1)=CC=C1C2=CC(CO)=NO2,95
BTPP,PBSF,s35,CC(N=P(N1CCCC1)(N2CCCC2)N3CCCC3)(C)C,FC(C(F)(S(=O)(F)=O)F)(F)C(F)(F)C(F)(F)F,FC(C=C1)=CC=C1C2=CC(CO)=NO2,97
DBU,3-Cl,s36,N12CCCN=C1CCCCC2,ClC1=CC=C(S(=O)(F)=O)C=C1,CC(O)COC1=CC=CC=C1,31
DBU,PyFluor,s36,N12CCCN=C1CCCCC2,O=S(C1=CC=CC=N1)(F)=O,CC(O)COC1=CC=CC=C1,34
DBU,3-CF3,s36,N12CCCN=C1CCCCC2,O=S(C1=CC=C(C(F)(F)F)C=C1)(F)=O,CC(O)COC1=CC=CC=C1,52
DBU,3-NO2,s36,N12CCCN=C1CCCCC2,O=S(C1=CC=C([N+]([O-])=O)C=C1)(F)=O,CC(O)COC1=CC=CC=C1,69
DBU,PBSF,s36,N12CCCN=C1CCCCC2,FC(C(F)(S(=O)(F)=O)F)(F)C(F)(F)C(F)(F)F,CC(O)COC1=CC=CC=C1,82
MTBD,3-Cl,s36,CN1CCCN2CCCN=C21,ClC1=CC=C(S(=O)(F)=O)C=C1,CC(O)COC1=CC=CC=C1,35
MTBD,PyFluor,s36,CN1CCCN2CCCN=C21,O=S(C1=CC=CC=N1)(F)=O,CC(O)COC1=CC=CC=C1,44
MTBD,3-CF3,s36,CN1CCCN2CCCN=C21,O=S(C1=CC=C(C(F)(F)F)C=C1)(F)=O,CC(O)COC1=CC=CC=C1,60
MTBD,3-NO2,s36,CN1CCCN2CCCN=C21,O=S(C1=CC=C([N+]([O-])=O)C=C1)(F)=O,CC(O)COC1=CC=CC=C1,76
MTBD,PBSF,s36,CN1CCCN2CCCN=C21,FC(C(F)(S(=O)(F)=O)F)(F)C(F)(F)C(F)(F)F,CC(O)COC1=CC=CC=C1,90
BTMG,3-Cl,s36,CN(C)/C(N(C)C)=N/C(C)(C)C,ClC1=CC=C(S(=O)(F)=O)C=C1,CC(O)COC1=CC=CC=C1,26
BTMG,PyFluor,s36,CN(C)/C(N(C)C)=N/C(C)(C)C,O=S(C1=CC=CC=N1)(F)=O,CC(O)COC1=CC=CC=C1,23
BTMG,3-CF3,s36,CN(C)/C(N(C)C)=N/C(C)(C)C,O=S(C1=CC=C(C(F)(F)F)C=C1)(F)=O,CC(O)COC1=CC=CC=C1,46
BTMG,3-NO2,s36,CN(C)/C(N(C)C)=N/C(C)(C)C,O=S(C1=CC=C([N+]([O-])=O)C=C1)(F)=O,CC(O)COC1=CC=CC=C1,59
BTMG,PBSF,s36,CN(C)/C(N(C)C)=N/C(C)(C)C,FC(C(F)(S(=O)(F)=O)F)(F)C(F)(F)C(F)(F)F,CC(O)COC1=CC=CC=C1,85
BTPP,3-Cl,s36,CC(N=P(N1CCCC1)(N2CCCC2)N3CCCC3)(C)C,ClC1=CC=C(S(=O)(F)=O)C=C1,CC(O)COC1=CC=CC=C1,41
BTPP,PyFluor,s36,CC(N=P(N1CCCC1)(N2CCCC2)N3CCCC3)(C)C,O=S(C1=CC=CC=N1)(F)=O,CC(O)COC1=CC=CC=C1,32
BTPP,3-CF3,s36,CC(N=P(N1CCCC1)(N2CCCC2)N3CCCC3)(C)C,O=S(C1=CC=C(C(F)(F)F)C=C1)(F)=O,CC(O)COC1=CC=CC=C1,57
BTPP,3-NO2,s36,CC(N=P(N1CCCC1)(N2CCCC2)N3CCCC3)(C)C,O=S(C1=CC=C([N+]([O-])=O)C=C1)(F)=O,CC(O)COC1=CC=CC=C1,59
BTPP,PBSF,s36,CC(N=P(N1CCCC1)(N2CCCC2)N3CCCC3)(C)C,FC(C(F)(S(=O)(F)=O)F)(F)C(F)(F)C(F)(F)F,CC(O)COC1=CC=CC=C1,86
DBU,3-Cl,s37,N12CCCN=C1CCCCC2,ClC1=CC=C(S(=O)(F)=O)C=C1,ClC(C=C1)=CC=C1/C=C2C3=C(C(C(CN(CCCC)CCCC)O)=CC(Cl)=C3)C4=CC=C(Cl)C=C4\2,39
DBU,PyFluor,s37,N12CCCN=C1CCCCC2,O=S(C1=CC=CC=N1)(F)=O,ClC(C=C1)=CC=C1/C=C2C3=C(C(C(CN(CCCC)CCCC)O)=CC(Cl)=C3)C4=CC=C(Cl)C=C4\2,56
DBU,3-CF3,s37,N12CCCN=C1CCCCC2,O=S(C1=CC=C(C(F)(F)F)C=C1)(F)=O,ClC(C=C1)=CC=C1/C=C2C3=C(C(C(CN(CCCC)CCCC)O)=CC(Cl)=C3)C4=CC=C(Cl)C=C4\2,45
DBU,3-NO2,s37,N12CCCN=C1CCCCC2,O=S(C1=CC=C([N+]([O-])=O)C=C1)(F)=O,ClC(C=C1)=CC=C1/C=C2C3=C(C(C(CN(CCCC)CCCC)O)=CC(Cl)=C3)C4=CC=C(Cl)C=C4\2,49
DBU,PBSF,s37,N12CCCN=C1CCCCC2,FC(C(F)(S(=O)(F)=O)F)(F)C(F)(F)C(F)(F)F,ClC(C=C1)=CC=C1/C=C2C3=C(C(C(CN(CCCC)CCCC)O)=CC(Cl)=C3)C4=CC=C(Cl)C=C4\2,57
MTBD,3-Cl,s37,CN1CCCN2CCCN=C21,ClC1=CC=C(S(=O)(F)=O)C=C1,ClC(C=C1)=CC=C1/C=C2C3=C(C(C(CN(CCCC)CCCC)O)=CC(Cl)=C3)C4=CC=C(Cl)C=C4\2,81
MTBD,PyFluor,s37,CN1CCCN2CCCN=C21,O=S(C1=CC=CC=N1)(F)=O,ClC(C=C1)=CC=C1/C=C2C3=C(C(C(CN(CCCC)CCCC)O)=CC(Cl)=C3)C4=CC=C(Cl)C=C4\2,73
MTBD,3-CF3,s37,CN1CCCN2CCCN=C21,O=S(C1=CC=C(C(F)(F)F)C=C1)(F)=O,ClC(C=C1)=CC=C1/C=C2C3=C(C(C(CN(CCCC)CCCC)O)=CC(Cl)=C3)C4=CC=C(Cl)C=C4\2,81
MTBD,3-NO2,s37,CN1CCCN2CCCN=C21,O=S(C1=CC=C([N+]([O-])=O)C=C1)(F)=O,ClC(C=C1)=CC=C1/C=C2C3=C(C(C(CN(CCCC)CCCC)O)=CC(Cl)=C3)C4=CC=C(Cl)C=C4\2,82
MTBD,PBSF,s37,CN1CCCN2CCCN=C21,FC(C(F)(S(=O)(F)=O)F)(F)C(F)(F)C(F)(F)F,ClC(C=C1)=CC=C1/C=C2C3=C(C(C(CN(CCCC)CCCC)O)=CC(Cl)=C3)C4=CC=C(Cl)C=C4\2,84
BTMG,3-Cl,s37,CN(C)/C(N(C)C)=N/C(C)(C)C,ClC1=CC=C(S(=O)(F)=O)C=C1,ClC(C=C1)=CC=C1/C=C2C3=C(C(C(CN(CCCC)CCCC)O)=CC(Cl)=C3)C4=CC=C(Cl)C=C4\2,64
BTMG,PyFluor,s37,CN(C)/C(N(C)C)=N/C(C)(C)C,O=S(C1=CC=CC=N1)(F)=O,ClC(C=C1)=CC=C1/C=C2C3=C(C(C(CN(CCCC)CCCC)O)=CC(Cl)=C3)C4=CC=C(Cl)C=C4\2,59
BTMG,3-CF3,s37,CN(C)/C(N(C)C)=N/C(C)(C)C,O=S(C1=CC=C(C(F)(F)F)C=C1)(F)=O,ClC(C=C1)=CC=C1/C=C2C3=C(C(C(CN(CCCC)CCCC)O)=CC(Cl)=C3)C4=CC=C(Cl)C=C4\2,78
BTMG,3-NO2,s37,CN(C)/C(N(C)C)=N/C(C)(C)C,O=S(C1=CC=C([N+]([O-])=O)C=C1)(F)=O,ClC(C=C1)=CC=C1/C=C2C3=C(C(C(CN(CCCC)CCCC)O)=CC(Cl)=C3)C4=CC=C(Cl)C=C4\2,86
BTMG,PBSF,s37,CN(C)/C(N(C)C)=N/C(C)(C)C,FC(C(F)(S(=O)(F)=O)F)(F)C(F)(F)C(F)(F)F,ClC(C=C1)=CC=C1/C=C2C3=C(C(C(CN(CCCC)CCCC)O)=CC(Cl)=C3)C4=CC=C(Cl)C=C4\2,84
BTPP,3-Cl,s37,CC(N=P(N1CCCC1)(N2CCCC2)N3CCCC3)(C)C,ClC1=CC=C(S(=O)(F)=O)C=C1,ClC(C=C1)=CC=C1/C=C2C3=C(C(C(CN(CCCC)CCCC)O)=CC(Cl)=C3)C4=CC=C(Cl)C=C4\2,78
BTPP,PyFluor,s37,CC(N=P(N1CCCC1)(N2CCCC2)N3CCCC3)(C)C,O=S(C1=CC=CC=N1)(F)=O,ClC(C=C1)=CC=C1/C=C2C3=C(C(C(CN(CCCC)CCCC)O)=CC(Cl)=C3)C4=CC=C(Cl)C=C4\2,66
BTPP,3-CF3,s37,CC(N=P(N1CCCC1)(N2CCCC2)N3CCCC3)(C)C,O=S(C1=CC=C(C(F)(F)F)C=C1)(F)=O,ClC(C=C1)=CC=C1/C=C2C3=C(C(C(CN(CCCC)CCCC)O)=CC(Cl)=C3)C4=CC=C(Cl)C=C4\2,78
BTPP,3-NO2,s37,CC(N=P(N1CCCC1)(N2CCCC2)N3CCCC3)(C)C,O=S(C1=CC=C([N+]([O-])=O)C=C1)(F)=O,ClC(C=C1)=CC=C1/C=C2C3=C(C(C(CN(CCCC)CCCC)O)=CC(Cl)=C3)C4=CC=C(Cl)C=C4\2,76
BTPP,PBSF,s37,CC(N=P(N1CCCC1)(N2CCCC2)N3CCCC3)(C)C,FC(C(F)(S(=O)(F)=O)F)(F)C(F)(F)C(F)(F)F,ClC(C=C1)=CC=C1/C=C2C3=C(C(C(CN(CCCC)CCCC)O)=CC(Cl)=C3)C4=CC=C(Cl)C=C4\2,82
