,base_name,fluoride_name,substrate_name,base_smiles,fluoride_smiles,substrate_smiles,yield
80,DBU,3-Cl,s5,N12CCCN=C1CCCCC2,ClC1=CC=C(S(=O)(F)=O)C=C1,O=C(N(C)C(N=CN1C)=C1C2=O)N2CCCCC(C)O,53
81,DBU,PyFluor,s5,N12CCCN=C1CCCCC2,O=S(C1=CC=CC=N1)(F)=O,O=C(N(C)C(N=CN1C)=C1C2=O)N2CCCCC(C)O,68
82,DBU,3-CF3,s5,N12CCCN=C1CCCCC2,O=S(C1=CC=C(C(F)(F)F)C=C1)(F)=O,O=C(N(C)C(N=CN1C)=C1C2=O)N2CCCCC(C)O,71
83,DBU,3-NO2,s5,N12CCCN=C1CCCCC2,O=S(C1=CC=C([N+]([O-])=O)C=C1)(F)=O,O=C(N(C)C(N=CN1C)=C1C2=O)N2CCCCC(C)O,74
84,DBU,PBSF,s5,N12CCCN=C1CCCCC2,FC(C(F)(S(=O)(F)=O)F)(F)C(F)(F)C(F)(F)F,O=C(N(C)C(N=CN1C)=C1C2=O)N2CCCCC(C)O,54
85,MTBD,3-Cl,s5,CN1CCCN2CCCN=C21,ClC1=CC=C(S(=O)(F)=O)C=C1,O=C(N(C)C(N=CN1C)=C1C2=O)N2CCCCC(C)O,52
86,MTBD,PyFluor,s5,CN1CCCN2CCCN=C21,O=S(C1=CC=CC=N1)(F)=O,O=C(N(C)C(N=CN1C)=C1C2=O)N2CCCCC(C)O,68
87,MTBD,3-CF3,s5,CN1CCCN2CCCN=C21,O=S(C1=CC=C(C(F)(F)F)C=C1)(F)=O,O=C(N(C)C(N=CN1C)=C1C2=O)N2CCCCC(C)O,72
88,MTBD,3-NO2,s5,CN1CCCN2CCCN=C21,O=S(C1=CC=C([N+]([O-])=O)C=C1)(F)=O,O=C(N(C)C(N=CN1C)=C1C2=O)N2CCCCC(C)O,66
89,MTBD,PBSF,s5,CN1CCCN2CCCN=C21,FC(C(F)(S(=O)(F)=O)F)(F)C(F)(F)C(F)(F)F,O=C(N(C)C(N=CN1C)=C1C2=O)N2CCCCC(C)O,53
90,BTMG,3-Cl,s5,CN(C)/C(N(C)C)=N/C(C)(C)C,ClC1=CC=C(S(=O)(F)=O)C=C1,O=C(N(C)C(N=CN1C)=C1C2=O)N2CCCCC(C)O,49
91,BTMG,PyFluor,s5,CN(C)/C(N(C)C)=N/C(C)(C)C,O=S(C1=CC=CC=N1)(F)=O,O=C(N(C)C(N=CN1C)=C1C2=O)N2CCCCC(C)O,69
92,BTMG,3-CF3,s5,CN(C)/C(N(C)C)=N/C(C)(C)C,O=S(C1=CC=C(C(F)(F)F)C=C1)(F)=O,O=C(N(C)C(N=CN1C)=C1C2=O)N2CCCCC(C)O,80
93,BTMG,3-NO2,s5,CN(C)/C(N(C)C)=N/C(C)(C)C,O=S(C1=CC=C([N+]([O-])=O)C=C1)(F)=O,O=C(N(C)C(N=CN1C)=C1C2=O)N2CCCCC(C)O,82
94,BTMG,PBSF,s5,CN(C)/C(N(C)C)=N/C(C)(C)C,FC(C(F)(S(=O)(F)=O)F)(F)C(F)(F)C(F)(F)F,O=C(N(C)C(N=CN1C)=C1C2=O)N2CCCCC(C)O,76
95,BTPP,3-Cl,s5,CC(N=P(N1CCCC1)(N2CCCC2)N3CCCC3)(C)C,ClC1=CC=C(S(=O)(F)=O)C=C1,O=C(N(C)C(N=CN1C)=C1C2=O)N2CCCCC(C)O,48
96,BTPP,PyFluor,s5,CC(N=P(N1CCCC1)(N2CCCC2)N3CCCC3)(C)C,O=S(C1=CC=CC=N1)(F)=O,O=C(N(C)C(N=CN1C)=C1C2=O)N2CCCCC(C)O,67
97,BTPP,3-CF3,s5,CC(N=P(N1CCCC1)(N2CCCC2)N3CCCC3)(C)C,O=S(C1=CC=C(C(F)(F)F)C=C1)(F)=O,O=C(N(C)C(N=CN1C)=C1C2=O)N2CCCCC(C)O,78
98,BTPP,3-NO2,s5,CC(N=P(N1CCCC1)(N2CCCC2)N3CCCC3)(C)C,O=S(C1=CC=C([N+]([O-])=O)C=C1)(F)=O,O=C(N(C)C(N=CN1C)=C1C2=O)N2CCCCC(C)O,66
99,BTPP,PBSF,s5,CC(N=P(N1CCCC1)(N2CCCC2)N3CCCC3)(C)C,FC(C(F)(S(=O)(F)=O)F)(F)C(F)(F)C(F)(F)F,O=C(N(C)C(N=CN1C)=C1C2=O)N2CCCCC(C)O,72
140,DBU,3-Cl,s8,N12CCCN=C1CCCCC2,ClC1=CC=C(S(=O)(F)=O)C=C1,OCC1CCCCN1CCCC2=CC=CC=C2,6
141,DBU,PyFluor,s8,N12CCCN=C1CCCCC2,O=S(C1=CC=CC=N1)(F)=O,OCC1CCCCN1CCCC2=CC=CC=C2,7
142,DBU,3-CF3,s8,N12CCCN=C1CCCCC2,O=S(C1=CC=C(C(F)(F)F)C=C1)(F)=O,OCC1CCCCN1CCCC2=CC=CC=C2,8
143,DBU,3-NO2,s8,N12CCCN=C1CCCCC2,O=S(C1=CC=C([N+]([O-])=O)C=C1)(F)=O,OCC1CCCCN1CCCC2=CC=CC=C2,8
144,DBU,PBSF,s8,N12CCCN=C1CCCCC2,FC(C(F)(S(=O)(F)=O)F)(F)C(F)(F)C(F)(F)F,OCC1CCCCN1CCCC2=CC=CC=C2,10
145,MTBD,3-Cl,s8,CN1CCCN2CCCN=C21,ClC1=CC=C(S(=O)(F)=O)C=C1,OCC1CCCCN1CCCC2=CC=CC=C2,21
146,MTBD,PyFluor,s8,CN1CCCN2CCCN=C21,O=S(C1=CC=CC=N1)(F)=O,OCC1CCCCN1CCCC2=CC=CC=C2,18
147,MTBD,3-CF3,s8,CN1CCCN2CCCN=C21,O=S(C1=CC=C(C(F)(F)F)C=C1)(F)=O,OCC1CCCCN1CCCC2=CC=CC=C2,22
148,MTBD,3-NO2,s8,CN1CCCN2CCCN=C21,O=S(C1=CC=C([N+]([O-])=O)C=C1)(F)=O,OCC1CCCCN1CCCC2=CC=CC=C2,20
149,MTBD,PBSF,s8,CN1CCCN2CCCN=C21,FC(C(F)(S(=O)(F)=O)F)(F)C(F)(F)C(F)(F)F,OCC1CCCCN1CCCC2=CC=CC=C2,23
150,BTMG,3-Cl,s8,CN(C)/C(N(C)C)=N/C(C)(C)C,ClC1=CC=C(S(=O)(F)=O)C=C1,OCC1CCCCN1CCCC2=CC=CC=C2,26
151,BTMG,PyFluor,s8,CN(C)/C(N(C)C)=N/C(C)(C)C,O=S(C1=CC=CC=N1)(F)=O,OCC1CCCCN1CCCC2=CC=CC=C2,17
152,BTMG,3-CF3,s8,CN(C)/C(N(C)C)=N/C(C)(C)C,O=S(C1=CC=C(C(F)(F)F)C=C1)(F)=O,OCC1CCCCN1CCCC2=CC=CC=C2,28
153,BTMG,3-NO2,s8,CN(C)/C(N(C)C)=N/C(C)(C)C,O=S(C1=CC=C([N+]([O-])=O)C=C1)(F)=O,OCC1CCCCN1CCCC2=CC=CC=C2,27
154,BTMG,PBSF,s8,CN(C)/C(N(C)C)=N/C(C)(C)C,FC(C(F)(S(=O)(F)=O)F)(F)C(F)(F)C(F)(F)F,OCC1CCCCN1CCCC2=CC=CC=C2,30
155,BTPP,3-Cl,s8,CC(N=P(N1CCCC1)(N2CCCC2)N3CCCC3)(C)C,ClC1=CC=C(S(=O)(F)=O)C=C1,OCC1CCCCN1CCCC2=CC=CC=C2,27
156,BTPP,PyFluor,s8,CC(N=P(N1CCCC1)(N2CCCC2)N3CCCC3)(C)C,O=S(C1=CC=CC=N1)(F)=O,OCC1CCCCN1CCCC2=CC=CC=C2,16
157,BTPP,3-CF3,s8,CC(N=P(N1CCCC1)(N2CCCC2)N3CCCC3)(C)C,O=S(C1=CC=C(C(F)(F)F)C=C1)(F)=O,OCC1CCCCN1CCCC2=CC=CC=C2,31
158,BTPP,3-NO2,s8,CC(N=P(N1CCCC1)(N2CCCC2)N3CCCC3)(C)C,O=S(C1=CC=C([N+]([O-])=O)C=C1)(F)=O,OCC1CCCCN1CCCC2=CC=CC=C2,28
159,BTPP,PBSF,s8,CC(N=P(N1CCCC1)(N2CCCC2)N3CCCC3)(C)C,FC(C(F)(S(=O)(F)=O)F)(F)C(F)(F)C(F)(F)F,OCC1CCCCN1CCCC2=CC=CC=C2,36
180,DBU,3-Cl,s10,N12CCCN=C1CCCCC2,ClC1=CC=C(S(=O)(F)=O)C=C1,O=C(OC)[C@H]1N(C(OC(C)(C)C)=O)C[C@H](O)C1,23
181,DBU,PyFluor,s10,N12CCCN=C1CCCCC2,O=S(C1=CC=CC=N1)(F)=O,O=C(OC)[C@H]1N(C(OC(C)(C)C)=O)C[C@H](O)C1,40
182,DBU,3-CF3,s10,N12CCCN=C1CCCCC2,O=S(C1=CC=C(C(F)(F)F)C=C1)(F)=O,O=C(OC)[C@H]1N(C(OC(C)(C)C)=O)C[C@H](O)C1,47
183,DBU,3-NO2,s10,N12CCCN=C1CCCCC2,O=S(C1=CC=C([N+]([O-])=O)C=C1)(F)=O,O=C(OC)[C@H]1N(C(OC(C)(C)C)=O)C[C@H](O)C1,55
184,DBU,PBSF,s10,N12CCCN=C1CCCCC2,FC(C(F)(S(=O)(F)=O)F)(F)C(F)(F)C(F)(F)F,O=C(OC)[C@H]1N(C(OC(C)(C)C)=O)C[C@H](O)C1,76
185,MTBD,3-Cl,s10,CN1CCCN2CCCN=C21,ClC1=CC=C(S(=O)(F)=O)C=C1,O=C(OC)[C@H]1N(C(OC(C)(C)C)=O)C[C@H](O)C1,34
186,MTBD,PyFluor,s10,CN1CCCN2CCCN=C21,O=S(C1=CC=CC=N1)(F)=O,O=C(OC)[C@H]1N(C(OC(C)(C)C)=O)C[C@H](O)C1,41
187,MTBD,3-CF3,s10,CN1CCCN2CCCN=C21,O=S(C1=CC=C(C(F)(F)F)C=C1)(F)=O,O=C(OC)[C@H]1N(C(OC(C)(C)C)=O)C[C@H](O)C1,60
188,MTBD,3-NO2,s10,CN1CCCN2CCCN=C21,O=S(C1=CC=C([N+]([O-])=O)C=C1)(F)=O,O=C(OC)[C@H]1N(C(OC(C)(C)C)=O)C[C@H](O)C1,65
189,MTBD,PBSF,s10,CN1CCCN2CCCN=C21,FC(C(F)(S(=O)(F)=O)F)(F)C(F)(F)C(F)(F)F,O=C(OC)[C@H]1N(C(OC(C)(C)C)=O)C[C@H](O)C1,88
190,BTMG,3-Cl,s10,CN(C)/C(N(C)C)=N/C(C)(C)C,ClC1=CC=C(S(=O)(F)=O)C=C1,O=C(OC)[C@H]1N(C(OC(C)(C)C)=O)C[C@H](O)C1,30
191,BTMG,PyFluor,s10,CN(C)/C(N(C)C)=N/C(C)(C)C,O=S(C1=CC=CC=N1)(F)=O,O=C(OC)[C@H]1N(C(OC(C)(C)C)=O)C[C@H](O)C1,39
192,BTMG,3-CF3,s10,CN(C)/C(N(C)C)=N/C(C)(C)C,O=S(C1=CC=C(C(F)(F)F)C=C1)(F)=O,O=C(OC)[C@H]1N(C(OC(C)(C)C)=O)C[C@H](O)C1,47
193,BTMG,3-NO2,s10,CN(C)/C(N(C)C)=N/C(C)(C)C,O=S(C1=CC=C([N+]([O-])=O)C=C1)(F)=O,O=C(OC)[C@H]1N(C(OC(C)(C)C)=O)C[C@H](O)C1,55
194,BTMG,PBSF,s10,CN(C)/C(N(C)C)=N/C(C)(C)C,FC(C(F)(S(=O)(F)=O)F)(F)C(F)(F)C(F)(F)F,O=C(OC)[C@H]1N(C(OC(C)(C)C)=O)C[C@H](O)C1,79
195,BTPP,3-Cl,s10,CC(N=P(N1CCCC1)(N2CCCC2)N3CCCC3)(C)C,ClC1=CC=C(S(=O)(F)=O)C=C1,O=C(OC)[C@H]1N(C(OC(C)(C)C)=O)C[C@H](O)C1,46
196,BTPP,PyFluor,s10,CC(N=P(N1CCCC1)(N2CCCC2)N3CCCC3)(C)C,O=S(C1=CC=CC=N1)(F)=O,O=C(OC)[C@H]1N(C(OC(C)(C)C)=O)C[C@H](O)C1,49
197,BTPP,3-CF3,s10,CC(N=P(N1CCCC1)(N2CCCC2)N3CCCC3)(C)C,O=S(C1=CC=C(C(F)(F)F)C=C1)(F)=O,O=C(OC)[C@H]1N(C(OC(C)(C)C)=O)C[C@H](O)C1,58
198,BTPP,3-NO2,s10,CC(N=P(N1CCCC1)(N2CCCC2)N3CCCC3)(C)C,O=S(C1=CC=C([N+]([O-])=O)C=C1)(F)=O,O=C(OC)[C@H]1N(C(OC(C)(C)C)=O)C[C@H](O)C1,56
199,BTPP,PBSF,s10,CC(N=P(N1CCCC1)(N2CCCC2)N3CCCC3)(C)C,FC(C(F)(S(=O)(F)=O)F)(F)C(F)(F)C(F)(F)F,O=C(OC)[C@H]1N(C(OC(C)(C)C)=O)C[C@H](O)C1,82
220,DBU,3-Cl,s12,N12CCCN=C1CCCCC2,ClC1=CC=C(S(=O)(F)=O)C=C1,O[C@H]1[C@@H](O2)[C@@H](OC2(C)C)O[C@@H]1[C@@H](CO3)OC3(C)C,0
221,DBU,PyFluor,s12,N12CCCN=C1CCCCC2,O=S(C1=CC=CC=N1)(F)=O,O[C@H]1[C@@H](O2)[C@@H](OC2(C)C)O[C@@H]1[C@@H](CO3)OC3(C)C,0
222,DBU,3-CF3,s12,N12CCCN=C1CCCCC2,O=S(C1=CC=C(C(F)(F)F)C=C1)(F)=O,O[C@H]1[C@@H](O2)[C@@H](OC2(C)C)O[C@@H]1[C@@H](CO3)OC3(C)C,0
223,DBU,3-NO2,s12,N12CCCN=C1CCCCC2,O=S(C1=CC=C([N+]([O-])=O)C=C1)(F)=O,O[C@H]1[C@@H](O2)[C@@H](OC2(C)C)O[C@@H]1[C@@H](CO3)OC3(C)C,0
224,DBU,PBSF,s12,N12CCCN=C1CCCCC2,FC(C(F)(S(=O)(F)=O)F)(F)C(F)(F)C(F)(F)F,O[C@H]1[C@@H](O2)[C@@H](OC2(C)C)O[C@@H]1[C@@H](CO3)OC3(C)C,65
225,MTBD,3-Cl,s12,CN1CCCN2CCCN=C21,ClC1=CC=C(S(=O)(F)=O)C=C1,O[C@H]1[C@@H](O2)[C@@H](OC2(C)C)O[C@@H]1[C@@H](CO3)OC3(C)C,0
226,MTBD,PyFluor,s12,CN1CCCN2CCCN=C21,O=S(C1=CC=CC=N1)(F)=O,O[C@H]1[C@@H](O2)[C@@H](OC2(C)C)O[C@@H]1[C@@H](CO3)OC3(C)C,0
227,MTBD,3-CF3,s12,CN1CCCN2CCCN=C21,O=S(C1=CC=C(C(F)(F)F)C=C1)(F)=O,O[C@H]1[C@@H](O2)[C@@H](OC2(C)C)O[C@@H]1[C@@H](CO3)OC3(C)C,0
228,MTBD,3-NO2,s12,CN1CCCN2CCCN=C21,O=S(C1=CC=C([N+]([O-])=O)C=C1)(F)=O,O[C@H]1[C@@H](O2)[C@@H](OC2(C)C)O[C@@H]1[C@@H](CO3)OC3(C)C,0
229,MTBD,PBSF,s12,CN1CCCN2CCCN=C21,FC(C(F)(S(=O)(F)=O)F)(F)C(F)(F)C(F)(F)F,O[C@H]1[C@@H](O2)[C@@H](OC2(C)C)O[C@@H]1[C@@H](CO3)OC3(C)C,80
230,BTMG,3-Cl,s12,CN(C)/C(N(C)C)=N/C(C)(C)C,ClC1=CC=C(S(=O)(F)=O)C=C1,O[C@H]1[C@@H](O2)[C@@H](OC2(C)C)O[C@@H]1[C@@H](CO3)OC3(C)C,0
231,BTMG,PyFluor,s12,CN(C)/C(N(C)C)=N/C(C)(C)C,O=S(C1=CC=CC=N1)(F)=O,O[C@H]1[C@@H](O2)[C@@H](OC2(C)C)O[C@@H]1[C@@H](CO3)OC3(C)C,0
232,BTMG,3-CF3,s12,CN(C)/C(N(C)C)=N/C(C)(C)C,O=S(C1=CC=C(C(F)(F)F)C=C1)(F)=O,O[C@H]1[C@@H](O2)[C@@H](OC2(C)C)O[C@@H]1[C@@H](CO3)OC3(C)C,0
233,BTMG,3-NO2,s12,CN(C)/C(N(C)C)=N/C(C)(C)C,O=S(C1=CC=C([N+]([O-])=O)C=C1)(F)=O,O[C@H]1[C@@H](O2)[C@@H](OC2(C)C)O[C@@H]1[C@@H](CO3)OC3(C)C,0
234,BTMG,PBSF,s12,CN(C)/C(N(C)C)=N/C(C)(C)C,FC(C(F)(S(=O)(F)=O)F)(F)C(F)(F)C(F)(F)F,O[C@H]1[C@@H](O2)[C@@H](OC2(C)C)O[C@@H]1[C@@H](CO3)OC3(C)C,70
235,BTPP,3-Cl,s12,CC(N=P(N1CCCC1)(N2CCCC2)N3CCCC3)(C)C,ClC1=CC=C(S(=O)(F)=O)C=C1,O[C@H]1[C@@H](O2)[C@@H](OC2(C)C)O[C@@H]1[C@@H](CO3)OC3(C)C,0
236,BTPP,PyFluor,s12,CC(N=P(N1CCCC1)(N2CCCC2)N3CCCC3)(C)C,O=S(C1=CC=CC=N1)(F)=O,O[C@H]1[C@@H](O2)[C@@H](OC2(C)C)O[C@@H]1[C@@H](CO3)OC3(C)C,0
237,BTPP,3-CF3,s12,CC(N=P(N1CCCC1)(N2CCCC2)N3CCCC3)(C)C,O=S(C1=CC=C(C(F)(F)F)C=C1)(F)=O,O[C@H]1[C@@H](O2)[C@@H](OC2(C)C)O[C@@H]1[C@@H](CO3)OC3(C)C,0
238,BTPP,3-NO2,s12,CC(N=P(N1CCCC1)(N2CCCC2)N3CCCC3)(C)C,O=S(C1=CC=C([N+]([O-])=O)C=C1)(F)=O,O[C@H]1[C@@H](O2)[C@@H](OC2(C)C)O[C@@H]1[C@@H](CO3)OC3(C)C,0
239,BTPP,PBSF,s12,CC(N=P(N1CCCC1)(N2CCCC2)N3CCCC3)(C)C,FC(C(F)(S(=O)(F)=O)F)(F)C(F)(F)C(F)(F)F,O[C@H]1[C@@H](O2)[C@@H](OC2(C)C)O[C@@H]1[C@@H](CO3)OC3(C)C,70
300,DBU,3-Cl,s16,N12CCCN=C1CCCCC2,ClC1=CC=C(S(=O)(F)=O)C=C1,[H][C@](C1)(O)C[C@H]2CC[C@@H]1N2C(OC(C)(C)C)=O,17
301,DBU,PyFluor,s16,N12CCCN=C1CCCCC2,O=S(C1=CC=CC=N1)(F)=O,[H][C@](C1)(O)C[C@H]2CC[C@@H]1N2C(OC(C)(C)C)=O,35
302,DBU,3-CF3,s16,N12CCCN=C1CCCCC2,O=S(C1=CC=C(C(F)(F)F)C=C1)(F)=O,[H][C@](C1)(O)C[C@H]2CC[C@@H]1N2C(OC(C)(C)C)=O,38
303,DBU,3-NO2,s16,N12CCCN=C1CCCCC2,O=S(C1=CC=C([N+]([O-])=O)C=C1)(F)=O,[H][C@](C1)(O)C[C@H]2CC[C@@H]1N2C(OC(C)(C)C)=O,40
304,DBU,PBSF,s16,N12CCCN=C1CCCCC2,FC(C(F)(S(=O)(F)=O)F)(F)C(F)(F)C(F)(F)F,[H][C@](C1)(O)C[C@H]2CC[C@@H]1N2C(OC(C)(C)C)=O,23
305,MTBD,3-Cl,s16,CN1CCCN2CCCN=C21,ClC1=CC=C(S(=O)(F)=O)C=C1,[H][C@](C1)(O)C[C@H]2CC[C@@H]1N2C(OC(C)(C)C)=O,18
306,MTBD,PyFluor,s16,CN1CCCN2CCCN=C21,O=S(C1=CC=CC=N1)(F)=O,[H][C@](C1)(O)C[C@H]2CC[C@@H]1N2C(OC(C)(C)C)=O,26
307,MTBD,3-CF3,s16,CN1CCCN2CCCN=C21,O=S(C1=CC=C(C(F)(F)F)C=C1)(F)=O,[H][C@](C1)(O)C[C@H]2CC[C@@H]1N2C(OC(C)(C)C)=O,39
308,MTBD,3-NO2,s16,CN1CCCN2CCCN=C21,O=S(C1=CC=C([N+]([O-])=O)C=C1)(F)=O,[H][C@](C1)(O)C[C@H]2CC[C@@H]1N2C(OC(C)(C)C)=O,41
309,MTBD,PBSF,s16,CN1CCCN2CCCN=C21,FC(C(F)(S(=O)(F)=O)F)(F)C(F)(F)C(F)(F)F,[H][C@](C1)(O)C[C@H]2CC[C@@H]1N2C(OC(C)(C)C)=O,44
310,BTMG,3-Cl,s16,CN(C)/C(N(C)C)=N/C(C)(C)C,ClC1=CC=C(S(=O)(F)=O)C=C1,[H][C@](C1)(O)C[C@H]2CC[C@@H]1N2C(OC(C)(C)C)=O,1
311,BTMG,PyFluor,s16,CN(C)/C(N(C)C)=N/C(C)(C)C,O=S(C1=CC=CC=N1)(F)=O,[H][C@](C1)(O)C[C@H]2CC[C@@H]1N2C(OC(C)(C)C)=O,20
312,BTMG,3-CF3,s16,CN(C)/C(N(C)C)=N/C(C)(C)C,O=S(C1=CC=C(C(F)(F)F)C=C1)(F)=O,[H][C@](C1)(O)C[C@H]2CC[C@@H]1N2C(OC(C)(C)C)=O,26
313,BTMG,3-NO2,s16,CN(C)/C(N(C)C)=N/C(C)(C)C,O=S(C1=CC=C([N+]([O-])=O)C=C1)(F)=O,[H][C@](C1)(O)C[C@H]2CC[C@@H]1N2C(OC(C)(C)C)=O,38
314,BTMG,PBSF,s16,CN(C)/C(N(C)C)=N/C(C)(C)C,FC(C(F)(S(=O)(F)=O)F)(F)C(F)(F)C(F)(F)F,[H][C@](C1)(O)C[C@H]2CC[C@@H]1N2C(OC(C)(C)C)=O,52
315,BTPP,3-Cl,s16,CC(N=P(N1CCCC1)(N2CCCC2)N3CCCC3)(C)C,ClC1=CC=C(S(=O)(F)=O)C=C1,[H][C@](C1)(O)C[C@H]2CC[C@@H]1N2C(OC(C)(C)C)=O,11
316,BTPP,PyFluor,s16,CC(N=P(N1CCCC1)(N2CCCC2)N3CCCC3)(C)C,O=S(C1=CC=CC=N1)(F)=O,[H][C@](C1)(O)C[C@H]2CC[C@@H]1N2C(OC(C)(C)C)=O,24
317,BTPP,3-CF3,s16,CC(N=P(N1CCCC1)(N2CCCC2)N3CCCC3)(C)C,O=S(C1=CC=C(C(F)(F)F)C=C1)(F)=O,[H][C@](C1)(O)C[C@H]2CC[C@@H]1N2C(OC(C)(C)C)=O,32
318,BTPP,3-NO2,s16,CC(N=P(N1CCCC1)(N2CCCC2)N3CCCC3)(C)C,O=S(C1=CC=C([N+]([O-])=O)C=C1)(F)=O,[H][C@](C1)(O)C[C@H]2CC[C@@H]1N2C(OC(C)(C)C)=O,28
319,BTPP,PBSF,s16,CC(N=P(N1CCCC1)(N2CCCC2)N3CCCC3)(C)C,FC(C(F)(S(=O)(F)=O)F)(F)C(F)(F)C(F)(F)F,[H][C@](C1)(O)C[C@H]2CC[C@@H]1N2C(OC(C)(C)C)=O,50
320,DBU,3-Cl,s17,N12CCCN=C1CCCCC2,ClC1=CC=C(S(=O)(F)=O)C=C1,OCC1=CC=C(C2=CC=CC=C2)C=C1,11
321,DBU,PyFluor,s17,N12CCCN=C1CCCCC2,O=S(C1=CC=CC=N1)(F)=O,OCC1=CC=C(C2=CC=CC=C2)C=C1,12
322,DBU,3-CF3,s17,N12CCCN=C1CCCCC2,O=S(C1=CC=C(C(F)(F)F)C=C1)(F)=O,OCC1=CC=C(C2=CC=CC=C2)C=C1,17
323,DBU,3-NO2,s17,N12CCCN=C1CCCCC2,O=S(C1=CC=C([N+]([O-])=O)C=C1)(F)=O,OCC1=CC=C(C2=CC=CC=C2)C=C1,21
324,DBU,PBSF,s17,N12CCCN=C1CCCCC2,FC(C(F)(S(=O)(F)=O)F)(F)C(F)(F)C(F)(F)F,OCC1=CC=C(C2=CC=CC=C2)C=C1,23
325,MTBD,3-Cl,s17,CN1CCCN2CCCN=C21,ClC1=CC=C(S(=O)(F)=O)C=C1,OCC1=CC=C(C2=CC=CC=C2)C=C1,36
326,MTBD,PyFluor,s17,CN1CCCN2CCCN=C21,O=S(C1=CC=CC=N1)(F)=O,OCC1=CC=C(C2=CC=CC=C2)C=C1,26
327,MTBD,3-CF3,s17,CN1CCCN2CCCN=C21,O=S(C1=CC=C(C(F)(F)F)C=C1)(F)=O,OCC1=CC=C(C2=CC=CC=C2)C=C1,36
328,MTBD,3-NO2,s17,CN1CCCN2CCCN=C21,O=S(C1=CC=C([N+]([O-])=O)C=C1)(F)=O,OCC1=CC=C(C2=CC=CC=C2)C=C1,41
329,MTBD,PBSF,s17,CN1CCCN2CCCN=C21,FC(C(F)(S(=O)(F)=O)F)(F)C(F)(F)C(F)(F)F,OCC1=CC=C(C2=CC=CC=C2)C=C1,37
330,BTMG,3-Cl,s17,CN(C)/C(N(C)C)=N/C(C)(C)C,ClC1=CC=C(S(=O)(F)=O)C=C1,OCC1=CC=C(C2=CC=CC=C2)C=C1,83
331,BTMG,PyFluor,s17,CN(C)/C(N(C)C)=N/C(C)(C)C,O=S(C1=CC=CC=N1)(F)=O,OCC1=CC=C(C2=CC=CC=C2)C=C1,57
332,BTMG,3-CF3,s17,CN(C)/C(N(C)C)=N/C(C)(C)C,O=S(C1=CC=C(C(F)(F)F)C=C1)(F)=O,OCC1=CC=C(C2=CC=CC=C2)C=C1,83
333,BTMG,3-NO2,s17,CN(C)/C(N(C)C)=N/C(C)(C)C,O=S(C1=CC=C([N+]([O-])=O)C=C1)(F)=O,OCC1=CC=C(C2=CC=CC=C2)C=C1,83
334,BTMG,PBSF,s17,CN(C)/C(N(C)C)=N/C(C)(C)C,FC(C(F)(S(=O)(F)=O)F)(F)C(F)(F)C(F)(F)F,OCC1=CC=C(C2=CC=CC=C2)C=C1,48
335,BTPP,3-Cl,s17,CC(N=P(N1CCCC1)(N2CCCC2)N3CCCC3)(C)C,ClC1=CC=C(S(=O)(F)=O)C=C1,OCC1=CC=C(C2=CC=CC=C2)C=C1,92
336,BTPP,PyFluor,s17,CC(N=P(N1CCCC1)(N2CCCC2)N3CCCC3)(C)C,O=S(C1=CC=CC=N1)(F)=O,OCC1=CC=C(C2=CC=CC=C2)C=C1,77
337,BTPP,3-CF3,s17,CC(N=P(N1CCCC1)(N2CCCC2)N3CCCC3)(C)C,O=S(C1=CC=C(C(F)(F)F)C=C1)(F)=O,OCC1=CC=C(C2=CC=CC=C2)C=C1,99
338,BTPP,3-NO2,s17,CC(N=P(N1CCCC1)(N2CCCC2)N3CCCC3)(C)C,O=S(C1=CC=C([N+]([O-])=O)C=C1)(F)=O,OCC1=CC=C(C2=CC=CC=C2)C=C1,91
339,BTPP,PBSF,s17,CC(N=P(N1CCCC1)(N2CCCC2)N3CCCC3)(C)C,FC(C(F)(S(=O)(F)=O)F)(F)C(F)(F)C(F)(F)F,OCC1=CC=C(C2=CC=CC=C2)C=C1,68
380,DBU,3-Cl,s20,N12CCCN=C1CCCCC2,ClC1=CC=C(S(=O)(F)=O)C=C1,OCN1C(C)=CC(C)=N1,38
381,DBU,PyFluor,s20,N12CCCN=C1CCCCC2,O=S(C1=CC=CC=N1)(F)=O,OCN1C(C)=CC(C)=N1,30
382,DBU,3-CF3,s20,N12CCCN=C1CCCCC2,O=S(C1=CC=C(C(F)(F)F)C=C1)(F)=O,OCN1C(C)=CC(C)=N1,43
383,DBU,3-NO2,s20,N12CCCN=C1CCCCC2,O=S(C1=CC=C([N+]([O-])=O)C=C1)(F)=O,OCN1C(C)=CC(C)=N1,46
384,DBU,PBSF,s20,N12CCCN=C1CCCCC2,FC(C(F)(S(=O)(F)=O)F)(F)C(F)(F)C(F)(F)F,OCN1C(C)=CC(C)=N1,47
385,MTBD,3-Cl,s20,CN1CCCN2CCCN=C21,ClC1=CC=C(S(=O)(F)=O)C=C1,OCN1C(C)=CC(C)=N1,59
386,MTBD,PyFluor,s20,CN1CCCN2CCCN=C21,O=S(C1=CC=CC=N1)(F)=O,OCN1C(C)=CC(C)=N1,41
387,MTBD,3-CF3,s20,CN1CCCN2CCCN=C21,O=S(C1=CC=C(C(F)(F)F)C=C1)(F)=O,OCN1C(C)=CC(C)=N1,58
388,MTBD,3-NO2,s20,CN1CCCN2CCCN=C21,O=S(C1=CC=C([N+]([O-])=O)C=C1)(F)=O,OCN1C(C)=CC(C)=N1,55
389,MTBD,PBSF,s20,CN1CCCN2CCCN=C21,FC(C(F)(S(=O)(F)=O)F)(F)C(F)(F)C(F)(F)F,OCN1C(C)=CC(C)=N1,55
390,BTMG,3-Cl,s20,CN(C)/C(N(C)C)=N/C(C)(C)C,ClC1=CC=C(S(=O)(F)=O)C=C1,OCN1C(C)=CC(C)=N1,62
391,BTMG,PyFluor,s20,CN(C)/C(N(C)C)=N/C(C)(C)C,O=S(C1=CC=CC=N1)(F)=O,OCN1C(C)=CC(C)=N1,37
392,BTMG,3-CF3,s20,CN(C)/C(N(C)C)=N/C(C)(C)C,O=S(C1=CC=C(C(F)(F)F)C=C1)(F)=O,OCN1C(C)=CC(C)=N1,59
393,BTMG,3-NO2,s20,CN(C)/C(N(C)C)=N/C(C)(C)C,O=S(C1=CC=C([N+]([O-])=O)C=C1)(F)=O,OCN1C(C)=CC(C)=N1,59
394,BTMG,PBSF,s20,CN(C)/C(N(C)C)=N/C(C)(C)C,FC(C(F)(S(=O)(F)=O)F)(F)C(F)(F)C(F)(F)F,OCN1C(C)=CC(C)=N1,52
395,BTPP,3-Cl,s20,CC(N=P(N1CCCC1)(N2CCCC2)N3CCCC3)(C)C,ClC1=CC=C(S(=O)(F)=O)C=C1,OCN1C(C)=CC(C)=N1,66
396,BTPP,PyFluor,s20,CC(N=P(N1CCCC1)(N2CCCC2)N3CCCC3)(C)C,O=S(C1=CC=CC=N1)(F)=O,OCN1C(C)=CC(C)=N1,34
397,BTPP,3-CF3,s20,CC(N=P(N1CCCC1)(N2CCCC2)N3CCCC3)(C)C,O=S(C1=CC=C(C(F)(F)F)C=C1)(F)=O,OCN1C(C)=CC(C)=N1,65
398,BTPP,3-NO2,s20,CC(N=P(N1CCCC1)(N2CCCC2)N3CCCC3)(C)C,O=S(C1=CC=C([N+]([O-])=O)C=C1)(F)=O,OCN1C(C)=CC(C)=N1,60
399,BTPP,PBSF,s20,CC(N=P(N1CCCC1)(N2CCCC2)N3CCCC3)(C)C,FC(C(F)(S(=O)(F)=O)F)(F)C(F)(F)C(F)(F)F,OCN1C(C)=CC(C)=N1,57
440,DBU,3-Cl,s23,N12CCCN=C1CCCCC2,ClC1=CC=C(S(=O)(F)=O)C=C1,OC/C=C(CC/C=C(CC/C=C(C)\C)\C)\C,6
441,DBU,PyFluor,s23,N12CCCN=C1CCCCC2,O=S(C1=CC=CC=N1)(F)=O,OC/C=C(CC/C=C(CC/C=C(C)\C)\C)\C,6
442,DBU,3-CF3,s23,N12CCCN=C1CCCCC2,O=S(C1=CC=C(C(F)(F)F)C=C1)(F)=O,OC/C=C(CC/C=C(CC/C=C(C)\C)\C)\C,8
443,DBU,3-NO2,s23,N12CCCN=C1CCCCC2,O=S(C1=CC=C([N+]([O-])=O)C=C1)(F)=O,OC/C=C(CC/C=C(CC/C=C(C)\C)\C)\C,11
444,DBU,PBSF,s23,N12CCCN=C1CCCCC2,FC(C(F)(S(=O)(F)=O)F)(F)C(F)(F)C(F)(F)F,OC/C=C(CC/C=C(CC/C=C(C)\C)\C)\C,15
445,MTBD,3-Cl,s23,CN1CCCN2CCCN=C21,ClC1=CC=C(S(=O)(F)=O)C=C1,OC/C=C(CC/C=C(CC/C=C(C)\C)\C)\C,21
446,MTBD,PyFluor,s23,CN1CCCN2CCCN=C21,O=S(C1=CC=CC=N1)(F)=O,OC/C=C(CC/C=C(CC/C=C(C)\C)\C)\C,16
447,MTBD,3-CF3,s23,CN1CCCN2CCCN=C21,O=S(C1=CC=C(C(F)(F)F)C=C1)(F)=O,OC/C=C(CC/C=C(CC/C=C(C)\C)\C)\C,23
448,MTBD,3-NO2,s23,CN1CCCN2CCCN=C21,O=S(C1=CC=C([N+]([O-])=O)C=C1)(F)=O,OC/C=C(CC/C=C(CC/C=C(C)\C)\C)\C,22
449,MTBD,PBSF,s23,CN1CCCN2CCCN=C21,FC(C(F)(S(=O)(F)=O)F)(F)C(F)(F)C(F)(F)F,OC/C=C(CC/C=C(CC/C=C(C)\C)\C)\C,25
450,BTMG,3-Cl,s23,CN(C)/C(N(C)C)=N/C(C)(C)C,ClC1=CC=C(S(=O)(F)=O)C=C1,OC/C=C(CC/C=C(CC/C=C(C)\C)\C)\C,33
451,BTMG,PyFluor,s23,CN(C)/C(N(C)C)=N/C(C)(C)C,O=S(C1=CC=CC=N1)(F)=O,OC/C=C(CC/C=C(CC/C=C(C)\C)\C)\C,24
452,BTMG,3-CF3,s23,CN(C)/C(N(C)C)=N/C(C)(C)C,O=S(C1=CC=C(C(F)(F)F)C=C1)(F)=O,OC/C=C(CC/C=C(CC/C=C(C)\C)\C)\C,34
453,BTMG,3-NO2,s23,CN(C)/C(N(C)C)=N/C(C)(C)C,O=S(C1=CC=C([N+]([O-])=O)C=C1)(F)=O,OC/C=C(CC/C=C(CC/C=C(C)\C)\C)\C,28
454,BTMG,PBSF,s23,CN(C)/C(N(C)C)=N/C(C)(C)C,FC(C(F)(S(=O)(F)=O)F)(F)C(F)(F)C(F)(F)F,OC/C=C(CC/C=C(CC/C=C(C)\C)\C)\C,25
455,BTPP,3-Cl,s23,CC(N=P(N1CCCC1)(N2CCCC2)N3CCCC3)(C)C,ClC1=CC=C(S(=O)(F)=O)C=C1,OC/C=C(CC/C=C(CC/C=C(C)\C)\C)\C,52
456,BTPP,PyFluor,s23,CC(N=P(N1CCCC1)(N2CCCC2)N3CCCC3)(C)C,O=S(C1=CC=CC=N1)(F)=O,OC/C=C(CC/C=C(CC/C=C(C)\C)\C)\C,36
457,BTPP,3-CF3,s23,CC(N=P(N1CCCC1)(N2CCCC2)N3CCCC3)(C)C,O=S(C1=CC=C(C(F)(F)F)C=C1)(F)=O,OC/C=C(CC/C=C(CC/C=C(C)\C)\C)\C,52
458,BTPP,3-NO2,s23,CC(N=P(N1CCCC1)(N2CCCC2)N3CCCC3)(C)C,O=S(C1=CC=C([N+]([O-])=O)C=C1)(F)=O,OC/C=C(CC/C=C(CC/C=C(C)\C)\C)\C,39
459,BTPP,PBSF,s23,CC(N=P(N1CCCC1)(N2CCCC2)N3CCCC3)(C)C,FC(C(F)(S(=O)(F)=O)F)(F)C(F)(F)C(F)(F)F,OC/C=C(CC/C=C(CC/C=C(C)\C)\C)\C,32
460,DBU,3-Cl,s24,N12CCCN=C1CCCCC2,ClC1=CC=C(S(=O)(F)=O)C=C1,C=CC(O)CCCCCCC,22
461,DBU,PyFluor,s24,N12CCCN=C1CCCCC2,O=S(C1=CC=CC=N1)(F)=O,C=CC(O)CCCCCCC,12
462,DBU,3-CF3,s24,N12CCCN=C1CCCCC2,O=S(C1=CC=C(C(F)(F)F)C=C1)(F)=O,C=CC(O)CCCCCCC,23
463,DBU,3-NO2,s24,N12CCCN=C1CCCCC2,O=S(C1=CC=C([N+]([O-])=O)C=C1)(F)=O,C=CC(O)CCCCCCC,22
464,DBU,PBSF,s24,N12CCCN=C1CCCCC2,FC(C(F)(S(=O)(F)=O)F)(F)C(F)(F)C(F)(F)F,C=CC(O)CCCCCCC,13
465,MTBD,3-Cl,s24,CN1CCCN2CCCN=C21,ClC1=CC=C(S(=O)(F)=O)C=C1,C=CC(O)CCCCCCC,30
466,MTBD,PyFluor,s24,CN1CCCN2CCCN=C21,O=S(C1=CC=CC=N1)(F)=O,C=CC(O)CCCCCCC,13
467,MTBD,3-CF3,s24,CN1CCCN2CCCN=C21,O=S(C1=CC=C(C(F)(F)F)C=C1)(F)=O,C=CC(O)CCCCCCC,32
468,MTBD,3-NO2,s24,CN1CCCN2CCCN=C21,O=S(C1=CC=C([N+]([O-])=O)C=C1)(F)=O,C=CC(O)CCCCCCC,27
469,MTBD,PBSF,s24,CN1CCCN2CCCN=C21,FC(C(F)(S(=O)(F)=O)F)(F)C(F)(F)C(F)(F)F,C=CC(O)CCCCCCC,15
470,BTMG,3-Cl,s24,CN(C)/C(N(C)C)=N/C(C)(C)C,ClC1=CC=C(S(=O)(F)=O)C=C1,C=CC(O)CCCCCCC,30
471,BTMG,PyFluor,s24,CN(C)/C(N(C)C)=N/C(C)(C)C,O=S(C1=CC=CC=N1)(F)=O,C=CC(O)CCCCCCC,9
472,BTMG,3-CF3,s24,CN(C)/C(N(C)C)=N/C(C)(C)C,O=S(C1=CC=C(C(F)(F)F)C=C1)(F)=O,C=CC(O)CCCCCCC,32
473,BTMG,3-NO2,s24,CN(C)/C(N(C)C)=N/C(C)(C)C,O=S(C1=CC=C([N+]([O-])=O)C=C1)(F)=O,C=CC(O)CCCCCCC,28
474,BTMG,PBSF,s24,CN(C)/C(N(C)C)=N/C(C)(C)C,FC(C(F)(S(=O)(F)=O)F)(F)C(F)(F)C(F)(F)F,C=CC(O)CCCCCCC,13
475,BTPP,3-Cl,s24,CC(N=P(N1CCCC1)(N2CCCC2)N3CCCC3)(C)C,ClC1=CC=C(S(=O)(F)=O)C=C1,C=CC(O)CCCCCCC,28
476,BTPP,PyFluor,s24,CC(N=P(N1CCCC1)(N2CCCC2)N3CCCC3)(C)C,O=S(C1=CC=CC=N1)(F)=O,C=CC(O)CCCCCCC,9
477,BTPP,3-CF3,s24,CC(N=P(N1CCCC1)(N2CCCC2)N3CCCC3)(C)C,O=S(C1=CC=C(C(F)(F)F)C=C1)(F)=O,C=CC(O)CCCCCCC,36
478,BTPP,3-NO2,s24,CC(N=P(N1CCCC1)(N2CCCC2)N3CCCC3)(C)C,O=S(C1=CC=C([N+]([O-])=O)C=C1)(F)=O,C=CC(O)CCCCCCC,30
479,BTPP,PBSF,s24,CC(N=P(N1CCCC1)(N2CCCC2)N3CCCC3)(C)C,FC(C(F)(S(=O)(F)=O)F)(F)C(F)(F)C(F)(F)F,C=CC(O)CCCCCCC,16
540,DBU,3-Cl,s28,N12CCCN=C1CCCCC2,ClC1=CC=C(S(=O)(F)=O)C=C1,[H][C@]12CC[C@]3(C)C(C4=CC=CN=C4)=CC[C@@]3([H])[C@@]1(CC=C5C[C@@H](O)CC[C@]25C)[H],0
541,DBU,PyFluor,s28,N12CCCN=C1CCCCC2,O=S(C1=CC=CC=N1)(F)=O,[H][C@]12CC[C@]3(C)C(C4=CC=CN=C4)=CC[C@@]3([H])[C@@]1(CC=C5C[C@@H](O)CC[C@]25C)[H],0
542,DBU,3-CF3,s28,N12CCCN=C1CCCCC2,O=S(C1=CC=C(C(F)(F)F)C=C1)(F)=O,[H][C@]12CC[C@]3(C)C(C4=CC=CN=C4)=CC[C@@]3([H])[C@@]1(CC=C5C[C@@H](O)CC[C@]25C)[H],2
543,DBU,3-NO2,s28,N12CCCN=C1CCCCC2,O=S(C1=CC=C([N+]([O-])=O)C=C1)(F)=O,[H][C@]12CC[C@]3(C)C(C4=CC=CN=C4)=CC[C@@]3([H])[C@@]1(CC=C5C[C@@H](O)CC[C@]25C)[H],5
544,DBU,PBSF,s28,N12CCCN=C1CCCCC2,FC(C(F)(S(=O)(F)=O)F)(F)C(F)(F)C(F)(F)F,[H][C@]12CC[C@]3(C)C(C4=CC=CN=C4)=CC[C@@]3([H])[C@@]1(CC=C5C[C@@H](O)CC[C@]25C)[H],13
545,MTBD,3-Cl,s28,CN1CCCN2CCCN=C21,ClC1=CC=C(S(=O)(F)=O)C=C1,[H][C@]12CC[C@]3(C)C(C4=CC=CN=C4)=CC[C@@]3([H])[C@@]1(CC=C5C[C@@H](O)CC[C@]25C)[H],0
546,MTBD,PyFluor,s28,CN1CCCN2CCCN=C21,O=S(C1=CC=CC=N1)(F)=O,[H][C@]12CC[C@]3(C)C(C4=CC=CN=C4)=CC[C@@]3([H])[C@@]1(CC=C5C[C@@H](O)CC[C@]25C)[H],0
547,MTBD,3-CF3,s28,CN1CCCN2CCCN=C21,O=S(C1=CC=C(C(F)(F)F)C=C1)(F)=O,[H][C@]12CC[C@]3(C)C(C4=CC=CN=C4)=CC[C@@]3([H])[C@@]1(CC=C5C[C@@H](O)CC[C@]25C)[H],1
548,MTBD,3-NO2,s28,CN1CCCN2CCCN=C21,O=S(C1=CC=C([N+]([O-])=O)C=C1)(F)=O,[H][C@]12CC[C@]3(C)C(C4=CC=CN=C4)=CC[C@@]3([H])[C@@]1(CC=C5C[C@@H](O)CC[C@]25C)[H],5
549,MTBD,PBSF,s28,CN1CCCN2CCCN=C21,FC(C(F)(S(=O)(F)=O)F)(F)C(F)(F)C(F)(F)F,[H][C@]12CC[C@]3(C)C(C4=CC=CN=C4)=CC[C@@]3([H])[C@@]1(CC=C5C[C@@H](O)CC[C@]25C)[H],13
550,BTMG,3-Cl,s28,CN(C)/C(N(C)C)=N/C(C)(C)C,ClC1=CC=C(S(=O)(F)=O)C=C1,[H][C@]12CC[C@]3(C)C(C4=CC=CN=C4)=CC[C@@]3([H])[C@@]1(CC=C5C[C@@H](O)CC[C@]25C)[H],0
551,BTMG,PyFluor,s28,CN(C)/C(N(C)C)=N/C(C)(C)C,O=S(C1=CC=CC=N1)(F)=O,[H][C@]12CC[C@]3(C)C(C4=CC=CN=C4)=CC[C@@]3([H])[C@@]1(CC=C5C[C@@H](O)CC[C@]25C)[H],0
552,BTMG,3-CF3,s28,CN(C)/C(N(C)C)=N/C(C)(C)C,O=S(C1=CC=C(C(F)(F)F)C=C1)(F)=O,[H][C@]12CC[C@]3(C)C(C4=CC=CN=C4)=CC[C@@]3([H])[C@@]1(CC=C5C[C@@H](O)CC[C@]25C)[H],1
553,BTMG,3-NO2,s28,CN(C)/C(N(C)C)=N/C(C)(C)C,O=S(C1=CC=C([N+]([O-])=O)C=C1)(F)=O,[H][C@]12CC[C@]3(C)C(C4=CC=CN=C4)=CC[C@@]3([H])[C@@]1(CC=C5C[C@@H](O)CC[C@]25C)[H],3
554,BTMG,PBSF,s28,CN(C)/C(N(C)C)=N/C(C)(C)C,FC(C(F)(S(=O)(F)=O)F)(F)C(F)(F)C(F)(F)F,[H][C@]12CC[C@]3(C)C(C4=CC=CN=C4)=CC[C@@]3([H])[C@@]1(CC=C5C[C@@H](O)CC[C@]25C)[H],9
555,BTPP,3-Cl,s28,CC(N=P(N1CCCC1)(N2CCCC2)N3CCCC3)(C)C,ClC1=CC=C(S(=O)(F)=O)C=C1,[H][C@]12CC[C@]3(C)C(C4=CC=CN=C4)=CC[C@@]3([H])[C@@]1(CC=C5C[C@@H](O)CC[C@]25C)[H],0
556,BTPP,PyFluor,s28,CC(N=P(N1CCCC1)(N2CCCC2)N3CCCC3)(C)C,O=S(C1=CC=CC=N1)(F)=O,[H][C@]12CC[C@]3(C)C(C4=CC=CN=C4)=CC[C@@]3([H])[C@@]1(CC=C5C[C@@H](O)CC[C@]25C)[H],0
557,BTPP,3-CF3,s28,CC(N=P(N1CCCC1)(N2CCCC2)N3CCCC3)(C)C,O=S(C1=CC=C(C(F)(F)F)C=C1)(F)=O,[H][C@]12CC[C@]3(C)C(C4=CC=CN=C4)=CC[C@@]3([H])[C@@]1(CC=C5C[C@@H](O)CC[C@]25C)[H],0
558,BTPP,3-NO2,s28,CC(N=P(N1CCCC1)(N2CCCC2)N3CCCC3)(C)C,O=S(C1=CC=C([N+]([O-])=O)C=C1)(F)=O,[H][C@]12CC[C@]3(C)C(C4=CC=CN=C4)=CC[C@@]3([H])[C@@]1(CC=C5C[C@@H](O)CC[C@]25C)[H],2
559,BTPP,PBSF,s28,CC(N=P(N1CCCC1)(N2CCCC2)N3CCCC3)(C)C,FC(C(F)(S(=O)(F)=O)F)(F)C(F)(F)C(F)(F)F,[H][C@]12CC[C@]3(C)C(C4=CC=CN=C4)=CC[C@@]3([H])[C@@]1(CC=C5C[C@@H](O)CC[C@]25C)[H],7
600,DBU,3-Cl,s31,N12CCCN=C1CCCCC2,ClC1=CC=C(S(=O)(F)=O)C=C1,O=C([C@@H](NC(C1=CC=CC=C1)(C2=CC=CC=C2)C3=CC=CC=C3)CO)OC,2
601,DBU,PyFluor,s31,N12CCCN=C1CCCCC2,O=S(C1=CC=CC=N1)(F)=O,O=C([C@@H](NC(C1=CC=CC=C1)(C2=CC=CC=C2)C3=CC=CC=C3)CO)OC,3
602,DBU,3-CF3,s31,N12CCCN=C1CCCCC2,O=S(C1=CC=C(C(F)(F)F)C=C1)(F)=O,O=C([C@@H](NC(C1=CC=CC=C1)(C2=CC=CC=C2)C3=CC=CC=C3)CO)OC,3
603,DBU,3-NO2,s31,N12CCCN=C1CCCCC2,O=S(C1=CC=C([N+]([O-])=O)C=C1)(F)=O,O=C([C@@H](NC(C1=CC=CC=C1)(C2=CC=CC=C2)C3=CC=CC=C3)CO)OC,3
604,DBU,PBSF,s31,N12CCCN=C1CCCCC2,FC(C(F)(S(=O)(F)=O)F)(F)C(F)(F)C(F)(F)F,O=C([C@@H](NC(C1=CC=CC=C1)(C2=CC=CC=C2)C3=CC=CC=C3)CO)OC,3
605,MTBD,3-Cl,s31,CN1CCCN2CCCN=C21,ClC1=CC=C(S(=O)(F)=O)C=C1,O=C([C@@H](NC(C1=CC=CC=C1)(C2=CC=CC=C2)C3=CC=CC=C3)CO)OC,5
606,MTBD,PyFluor,s31,CN1CCCN2CCCN=C21,O=S(C1=CC=CC=N1)(F)=O,O=C([C@@H](NC(C1=CC=CC=C1)(C2=CC=CC=C2)C3=CC=CC=C3)CO)OC,8
607,MTBD,3-CF3,s31,CN1CCCN2CCCN=C21,O=S(C1=CC=C(C(F)(F)F)C=C1)(F)=O,O=C([C@@H](NC(C1=CC=CC=C1)(C2=CC=CC=C2)C3=CC=CC=C3)CO)OC,8
608,MTBD,3-NO2,s31,CN1CCCN2CCCN=C21,O=S(C1=CC=C([N+]([O-])=O)C=C1)(F)=O,O=C([C@@H](NC(C1=CC=CC=C1)(C2=CC=CC=C2)C3=CC=CC=C3)CO)OC,9
609,MTBD,PBSF,s31,CN1CCCN2CCCN=C21,FC(C(F)(S(=O)(F)=O)F)(F)C(F)(F)C(F)(F)F,O=C([C@@H](NC(C1=CC=CC=C1)(C2=CC=CC=C2)C3=CC=CC=C3)CO)OC,9
610,BTMG,3-Cl,s31,CN(C)/C(N(C)C)=N/C(C)(C)C,ClC1=CC=C(S(=O)(F)=O)C=C1,O=C([C@@H](NC(C1=CC=CC=C1)(C2=CC=CC=C2)C3=CC=CC=C3)CO)OC,5
611,BTMG,PyFluor,s31,CN(C)/C(N(C)C)=N/C(C)(C)C,O=S(C1=CC=CC=N1)(F)=O,O=C([C@@H](NC(C1=CC=CC=C1)(C2=CC=CC=C2)C3=CC=CC=C3)CO)OC,5
612,BTMG,3-CF3,s31,CN(C)/C(N(C)C)=N/C(C)(C)C,O=S(C1=CC=C(C(F)(F)F)C=C1)(F)=O,O=C([C@@H](NC(C1=CC=CC=C1)(C2=CC=CC=C2)C3=CC=CC=C3)CO)OC,7
613,BTMG,3-NO2,s31,CN(C)/C(N(C)C)=N/C(C)(C)C,O=S(C1=CC=C([N+]([O-])=O)C=C1)(F)=O,O=C([C@@H](NC(C1=CC=CC=C1)(C2=CC=CC=C2)C3=CC=CC=C3)CO)OC,10
614,BTMG,PBSF,s31,CN(C)/C(N(C)C)=N/C(C)(C)C,FC(C(F)(S(=O)(F)=O)F)(F)C(F)(F)C(F)(F)F,O=C([C@@H](NC(C1=CC=CC=C1)(C2=CC=CC=C2)C3=CC=CC=C3)CO)OC,9
615,BTPP,3-Cl,s31,CC(N=P(N1CCCC1)(N2CCCC2)N3CCCC3)(C)C,ClC1=CC=C(S(=O)(F)=O)C=C1,O=C([C@@H](NC(C1=CC=CC=C1)(C2=CC=CC=C2)C3=CC=CC=C3)CO)OC,7
616,BTPP,PyFluor,s31,CC(N=P(N1CCCC1)(N2CCCC2)N3CCCC3)(C)C,O=S(C1=CC=CC=N1)(F)=O,O=C([C@@H](NC(C1=CC=CC=C1)(C2=CC=CC=C2)C3=CC=CC=C3)CO)OC,5
617,BTPP,3-CF3,s31,CC(N=P(N1CCCC1)(N2CCCC2)N3CCCC3)(C)C,O=S(C1=CC=C(C(F)(F)F)C=C1)(F)=O,O=C([C@@H](NC(C1=CC=CC=C1)(C2=CC=CC=C2)C3=CC=CC=C3)CO)OC,9
618,BTPP,3-NO2,s31,CC(N=P(N1CCCC1)(N2CCCC2)N3CCCC3)(C)C,O=S(C1=CC=C([N+]([O-])=O)C=C1)(F)=O,O=C([C@@H](NC(C1=CC=CC=C1)(C2=CC=CC=C2)C3=CC=CC=C3)CO)OC,11
619,BTPP,PBSF,s31,CC(N=P(N1CCCC1)(N2CCCC2)N3CCCC3)(C)C,FC(C(F)(S(=O)(F)=O)F)(F)C(F)(F)C(F)(F)F,O=C([C@@H](NC(C1=CC=CC=C1)(C2=CC=CC=C2)C3=CC=CC=C3)CO)OC,28
720,DBU,3-Cl,s37,N12CCCN=C1CCCCC2,ClC1=CC=C(S(=O)(F)=O)C=C1,ClC(C=C1)=CC=C1/C=C2C3=C(C(C(CN(CCCC)CCCC)O)=CC(Cl)=C3)C4=CC=C(Cl)C=C4\2,39
721,DBU,PyFluor,s37,N12CCCN=C1CCCCC2,O=S(C1=CC=CC=N1)(F)=O,ClC(C=C1)=CC=C1/C=C2C3=C(C(C(CN(CCCC)CCCC)O)=CC(Cl)=C3)C4=CC=C(Cl)C=C4\2,56
722,DBU,3-CF3,s37,N12CCCN=C1CCCCC2,O=S(C1=CC=C(C(F)(F)F)C=C1)(F)=O,ClC(C=C1)=CC=C1/C=C2C3=C(C(C(CN(CCCC)CCCC)O)=CC(Cl)=C3)C4=CC=C(Cl)C=C4\2,45
723,DBU,3-NO2,s37,N12CCCN=C1CCCCC2,O=S(C1=CC=C([N+]([O-])=O)C=C1)(F)=O,ClC(C=C1)=CC=C1/C=C2C3=C(C(C(CN(CCCC)CCCC)O)=CC(Cl)=C3)C4=CC=C(Cl)C=C4\2,49
724,DBU,PBSF,s37,N12CCCN=C1CCCCC2,FC(C(F)(S(=O)(F)=O)F)(F)C(F)(F)C(F)(F)F,ClC(C=C1)=CC=C1/C=C2C3=C(C(C(CN(CCCC)CCCC)O)=CC(Cl)=C3)C4=CC=C(Cl)C=C4\2,57
725,MTBD,3-Cl,s37,CN1CCCN2CCCN=C21,ClC1=CC=C(S(=O)(F)=O)C=C1,ClC(C=C1)=CC=C1/C=C2C3=C(C(C(CN(CCCC)CCCC)O)=CC(Cl)=C3)C4=CC=C(Cl)C=C4\2,81
726,MTBD,PyFluor,s37,CN1CCCN2CCCN=C21,O=S(C1=CC=CC=N1)(F)=O,ClC(C=C1)=CC=C1/C=C2C3=C(C(C(CN(CCCC)CCCC)O)=CC(Cl)=C3)C4=CC=C(Cl)C=C4\2,73
727,MTBD,3-CF3,s37,CN1CCCN2CCCN=C21,O=S(C1=CC=C(C(F)(F)F)C=C1)(F)=O,ClC(C=C1)=CC=C1/C=C2C3=C(C(C(CN(CCCC)CCCC)O)=CC(Cl)=C3)C4=CC=C(Cl)C=C4\2,81
728,MTBD,3-NO2,s37,CN1CCCN2CCCN=C21,O=S(C1=CC=C([N+]([O-])=O)C=C1)(F)=O,ClC(C=C1)=CC=C1/C=C2C3=C(C(C(CN(CCCC)CCCC)O)=CC(Cl)=C3)C4=CC=C(Cl)C=C4\2,82
729,MTBD,PBSF,s37,CN1CCCN2CCCN=C21,FC(C(F)(S(=O)(F)=O)F)(F)C(F)(F)C(F)(F)F,ClC(C=C1)=CC=C1/C=C2C3=C(C(C(CN(CCCC)CCCC)O)=CC(Cl)=C3)C4=CC=C(Cl)C=C4\2,84
730,BTMG,3-Cl,s37,CN(C)/C(N(C)C)=N/C(C)(C)C,ClC1=CC=C(S(=O)(F)=O)C=C1,ClC(C=C1)=CC=C1/C=C2C3=C(C(C(CN(CCCC)CCCC)O)=CC(Cl)=C3)C4=CC=C(Cl)C=C4\2,64
731,BTMG,PyFluor,s37,CN(C)/C(N(C)C)=N/C(C)(C)C,O=S(C1=CC=CC=N1)(F)=O,ClC(C=C1)=CC=C1/C=C2C3=C(C(C(CN(CCCC)CCCC)O)=CC(Cl)=C3)C4=CC=C(Cl)C=C4\2,59
732,BTMG,3-CF3,s37,CN(C)/C(N(C)C)=N/C(C)(C)C,O=S(C1=CC=C(C(F)(F)F)C=C1)(F)=O,ClC(C=C1)=CC=C1/C=C2C3=C(C(C(CN(CCCC)CCCC)O)=CC(Cl)=C3)C4=CC=C(Cl)C=C4\2,78
733,BTMG,3-NO2,s37,CN(C)/C(N(C)C)=N/C(C)(C)C,O=S(C1=CC=C([N+]([O-])=O)C=C1)(F)=O,ClC(C=C1)=CC=C1/C=C2C3=C(C(C(CN(CCCC)CCCC)O)=CC(Cl)=C3)C4=CC=C(Cl)C=C4\2,86
734,BTMG,PBSF,s37,CN(C)/C(N(C)C)=N/C(C)(C)C,FC(C(F)(S(=O)(F)=O)F)(F)C(F)(F)C(F)(F)F,ClC(C=C1)=CC=C1/C=C2C3=C(C(C(CN(CCCC)CCCC)O)=CC(Cl)=C3)C4=CC=C(Cl)C=C4\2,84
735,BTPP,3-Cl,s37,CC(N=P(N1CCCC1)(N2CCCC2)N3CCCC3)(C)C,ClC1=CC=C(S(=O)(F)=O)C=C1,ClC(C=C1)=CC=C1/C=C2C3=C(C(C(CN(CCCC)CCCC)O)=CC(Cl)=C3)C4=CC=C(Cl)C=C4\2,78
736,BTPP,PyFluor,s37,CC(N=P(N1CCCC1)(N2CCCC2)N3CCCC3)(C)C,O=S(C1=CC=CC=N1)(F)=O,ClC(C=C1)=CC=C1/C=C2C3=C(C(C(CN(CCCC)CCCC)O)=CC(Cl)=C3)C4=CC=C(Cl)C=C4\2,66
737,BTPP,3-CF3,s37,CC(N=P(N1CCCC1)(N2CCCC2)N3CCCC3)(C)C,O=S(C1=CC=C(C(F)(F)F)C=C1)(F)=O,ClC(C=C1)=CC=C1/C=C2C3=C(C(C(CN(CCCC)CCCC)O)=CC(Cl)=C3)C4=CC=C(Cl)C=C4\2,78
738,BTPP,3-NO2,s37,CC(N=P(N1CCCC1)(N2CCCC2)N3CCCC3)(C)C,O=S(C1=CC=C([N+]([O-])=O)C=C1)(F)=O,ClC(C=C1)=CC=C1/C=C2C3=C(C(C(CN(CCCC)CCCC)O)=CC(Cl)=C3)C4=CC=C(Cl)C=C4\2,76
739,BTPP,PBSF,s37,CC(N=P(N1CCCC1)(N2CCCC2)N3CCCC3)(C)C,FC(C(F)(S(=O)(F)=O)F)(F)C(F)(F)C(F)(F)F,ClC(C=C1)=CC=C1/C=C2C3=C(C(C(CN(CCCC)CCCC)O)=CC(Cl)=C3)C4=CC=C(Cl)C=C4\2,82
