,electrophile,nucleophile,catalyst,base,miser_area_count
0,e2,n9,Xphos Pd G3 36,DBU 24,243.0
1,e2,n9,Xphos Pd G3 36,MTBD 25,246.0
2,e2,n9,Xphos Pd G3 36,BTMG 26,290.0
3,e2,n9,Xphos Pd G3 36,BEMP 27,320.0
4,e2,n9,Xphos Pd G3 36,BTTP 28,303.0
5,e2,n9,Xphos Pd G3 36,P1-t-octyl S17,230.0
6,e2,n9,Xphos Pd G3 36,P2Et 29,242.0
7,e2,n9,Xphos Pd G3 36,P2-t-Bu S18,282.0
8,e2,n9,tBuXPHOS Pd G3 42,DBU 24,300.0
9,e2,n9,tBuXPHOS Pd G3 42,MTBD 25,4168.0
10,e2,n9,tBuXPHOS Pd G3 42,BTMG 26,3498.0
11,e2,n9,tBuXPHOS Pd G3 42,BEMP 27,797.0
12,e2,n9,tBuXPHOS Pd G3 42,BTTP 28,1308.0
13,e2,n9,tBuXPHOS Pd G3 42,P1-t-octyl S17,471.0
14,e2,n9,tBuXPHOS Pd G3 42,P2Et 29,415.0
15,e2,n9,tBuXPHOS Pd G3 42,P2-t-Bu S18,1830.0
16,e2,n9,tBuBrettPhos Pd G3 43,DBU 24,435.0
17,e2,n9,tBuBrettPhos Pd G3 43,MTBD 25,496.0
18,e2,n9,tBuBrettPhos Pd G3 43,BTMG 26,413.0
19,e2,n9,tBuBrettPhos Pd G3 43,BEMP 27,510.0
20,e2,n9,tBuBrettPhos Pd G3 43,BTTP 28,380.0
21,e2,n9,tBuBrettPhos Pd G3 43,P1-t-octyl S17,415.0
22,e2,n9,tBuBrettPhos Pd G3 43,P2Et 29,289.0
23,e2,n9,tBuBrettPhos Pd G3 43,P2-t-Bu S18,259.0
24,e2,n9,RockPhos Pd G3 44,DBU 24,250.0
25,e2,n9,RockPhos Pd G3 44,MTBD 25,232.0
26,e2,n9,RockPhos Pd G3 44,BTMG 26,247.0
27,e2,n9,RockPhos Pd G3 44,BEMP 27,267.0
28,e2,n9,RockPhos Pd G3 44,BTTP 28,247.0
29,e2,n9,RockPhos Pd G3 44,P1-t-octyl S17,246.0
30,e2,n9,RockPhos Pd G3 44,P2Et 29,252.0
31,e2,n9,RockPhos Pd G3 44,P2-t-Bu S18,246.0
32,e2,n9,AdBrettPhos Pd G3 45,DBU 24,244.0
33,e2,n9,AdBrettPhos Pd G3 45,MTBD 25,267.0
34,e2,n9,AdBrettPhos Pd G3 45,BTMG 26,258.0
35,e2,n9,AdBrettPhos Pd G3 45,BEMP 27,254.0
36,e2,n9,AdBrettPhos Pd G3 45,BTTP 28,238.0
37,e2,n9,AdBrettPhos Pd G3 45,P1-t-octyl S17,255.0
38,e2,n9,AdBrettPhos Pd G3 45,P2Et 29,239.0
39,e2,n9,AdBrettPhos Pd G3 45,P2-t-Bu S18,251.0
40,e2,n9,DTBPF Pd G3 38,DBU 24,238.0
41,e2,n9,DTBPF Pd G3 38,MTBD 25,268.0
42,e2,n9,DTBPF Pd G3 38,BTMG 26,262.0
43,e2,n9,DTBPF Pd G3 38,BEMP 27,255.0
44,e2,n9,DTBPF Pd G3 38,BTTP 28,248.0
45,e2,n9,DTBPF Pd G3 38,P1-t-octyl S17,254.0
46,e2,n9,DTBPF Pd G3 38,P2Et 29,241.0
47,e2,n9,DTBPF Pd G3 38,P2-t-Bu S18,255.0
48,e2,n13,Xphos Pd G3 36,DBU 24,286.0
49,e2,n13,Xphos Pd G3 36,MTBD 25,304.0
50,e2,n13,Xphos Pd G3 36,BTMG 26,333.0
51,e2,n13,Xphos Pd G3 36,BEMP 27,328.0
52,e2,n13,Xphos Pd G3 36,BTTP 28,344.0
53,e2,n13,Xphos Pd G3 36,P1-t-octyl S17,343.0
54,e2,n13,Xphos Pd G3 36,P2Et 29,352.0
55,e2,n13,Xphos Pd G3 36,P2-t-Bu S18,345.0
56,e2,n13,tBuXPHOS Pd G3 42,DBU 24,338.0
57,e2,n13,tBuXPHOS Pd G3 42,MTBD 25,334.0
58,e2,n13,tBuXPHOS Pd G3 42,BTMG 26,334.0
59,e2,n13,tBuXPHOS Pd G3 42,BEMP 27,336.0
60,e2,n13,tBuXPHOS Pd G3 42,BTTP 28,336.0
61,e2,n13,tBuXPHOS Pd G3 42,P1-t-octyl S17,334.0
62,e2,n13,tBuXPHOS Pd G3 42,P2Et 29,1428.0
63,e2,n13,tBuXPHOS Pd G3 42,P2-t-Bu S18,354.0
64,e2,n13,tBuBrettPhos Pd G3 43,DBU 24,347.0
65,e2,n13,tBuBrettPhos Pd G3 43,MTBD 25,339.0
66,e2,n13,tBuBrettPhos Pd G3 43,BTMG 26,340.0
67,e2,n13,tBuBrettPhos Pd G3 43,BEMP 27,345.0
68,e2,n13,tBuBrettPhos Pd G3 43,BTTP 28,354.0
69,e2,n13,tBuBrettPhos Pd G3 43,P1-t-octyl S17,336.0
70,e2,n13,tBuBrettPhos Pd G3 43,P2Et 29,698.0
71,e2,n13,tBuBrettPhos Pd G3 43,P2-t-Bu S18,335.0
72,e2,n13,RockPhos Pd G3 44,DBU 24,337.0
73,e2,n13,RockPhos Pd G3 44,MTBD 25,346.0
74,e2,n13,RockPhos Pd G3 44,BTMG 26,336.0
75,e2,n13,RockPhos Pd G3 44,BEMP 27,347.0
76,e2,n13,RockPhos Pd G3 44,BTTP 28,341.0
77,e2,n13,RockPhos Pd G3 44,P1-t-octyl S17,341.0
78,e2,n13,RockPhos Pd G3 44,P2Et 29,833.0
79,e2,n13,RockPhos Pd G3 44,P2-t-Bu S18,343.0
80,e2,n13,AdBrettPhos Pd G3 45,DBU 24,334.0
81,e2,n13,AdBrettPhos Pd G3 45,MTBD 25,338.0
82,e2,n13,AdBrettPhos Pd G3 45,BTMG 26,348.0
83,e2,n13,AdBrettPhos Pd G3 45,BEMP 27,335.0
84,e2,n13,AdBrettPhos Pd G3 45,BTTP 28,349.0
85,e2,n13,AdBrettPhos Pd G3 45,P1-t-octyl S17,339.0
86,e2,n13,AdBrettPhos Pd G3 45,P2Et 29,798.0
87,e2,n13,AdBrettPhos Pd G3 45,P2-t-Bu S18,349.0
88,e2,n13,DTBPF Pd G3 38,DBU 24,349.0
89,e2,n13,DTBPF Pd G3 38,MTBD 25,340.0
90,e2,n13,DTBPF Pd G3 38,BTMG 26,333.0
91,e2,n13,DTBPF Pd G3 38,BEMP 27,337.0
92,e2,n13,DTBPF Pd G3 38,BTTP 28,328.0
93,e2,n13,DTBPF Pd G3 38,P1-t-octyl S17,343.0
94,e2,n13,DTBPF Pd G3 38,P2Et 29,329.0
95,e2,n13,DTBPF Pd G3 38,P2-t-Bu S18,334.0
96,e2,n16,Xphos Pd G3 36,DBU 24,223.0
97,e2,n16,Xphos Pd G3 36,MTBD 25,225.0
98,e2,n16,Xphos Pd G3 36,BTMG 26,226.0
99,e2,n16,Xphos Pd G3 36,BEMP 27,226.0
100,e2,n16,Xphos Pd G3 36,BTTP 28,236.0
101,e2,n16,Xphos Pd G3 36,P1-t-octyl S17,234.0
102,e2,n16,Xphos Pd G3 36,P2Et 29,234.0
103,e2,n16,Xphos Pd G3 36,P2-t-Bu S18,234.0
104,e2,n16,tBuXPHOS Pd G3 42,DBU 24,231.0
105,e2,n16,tBuXPHOS Pd G3 42,MTBD 25,290.0
106,e2,n16,tBuXPHOS Pd G3 42,BTMG 26,269.0
107,e2,n16,tBuXPHOS Pd G3 42,BEMP 27,255.0
108,e2,n16,tBuXPHOS Pd G3 42,BTTP 28,253.0
109,e2,n16,tBuXPHOS Pd G3 42,P1-t-octyl S17,270.0
110,e2,n16,tBuXPHOS Pd G3 42,P2Et 29,236.0
111,e2,n16,tBuXPHOS Pd G3 42,P2-t-Bu S18,253.0
112,e2,n16,tBuBrettPhos Pd G3 43,DBU 24,230.0
113,e2,n16,tBuBrettPhos Pd G3 43,MTBD 25,329.0
114,e2,n16,tBuBrettPhos Pd G3 43,BTMG 26,349.0
115,e2,n16,tBuBrettPhos Pd G3 43,BEMP 27,278.0
116,e2,n16,tBuBrettPhos Pd G3 43,BTTP 28,267.0
117,e2,n16,tBuBrettPhos Pd G3 43,P1-t-octyl S17,227.0
118,e2,n16,tBuBrettPhos Pd G3 43,P2Et 29,223.0
119,e2,n16,tBuBrettPhos Pd G3 43,P2-t-Bu S18,581.0
120,e2,n16,RockPhos Pd G3 44,DBU 24,224.0
121,e2,n16,RockPhos Pd G3 44,MTBD 25,312.0
122,e2,n16,RockPhos Pd G3 44,BTMG 26,335.0
123,e2,n16,RockPhos Pd G3 44,BEMP 27,273.0
124,e2,n16,RockPhos Pd G3 44,BTTP 28,288.0
125,e2,n16,RockPhos Pd G3 44,P1-t-octyl S17,230.0
126,e2,n16,RockPhos Pd G3 44,P2Et 29,225.0
127,e2,n16,RockPhos Pd G3 44,P2-t-Bu S18,448.0
128,e2,n16,AdBrettPhos Pd G3 45,DBU 24,232.0
129,e2,n16,AdBrettPhos Pd G3 45,MTBD 25,503.0
130,e2,n16,AdBrettPhos Pd G3 45,BTMG 26,391.0
131,e2,n16,AdBrettPhos Pd G3 45,BEMP 27,295.0
132,e2,n16,AdBrettPhos Pd G3 45,BTTP 28,265.0
133,e2,n16,AdBrettPhos Pd G3 45,P1-t-octyl S17,226.0
134,e2,n16,AdBrettPhos Pd G3 45,P2Et 29,224.0
135,e2,n16,AdBrettPhos Pd G3 45,P2-t-Bu S18,435.0
136,e2,n16,DTBPF Pd G3 38,DBU 24,222.0
137,e2,n16,DTBPF Pd G3 38,MTBD 25,235.0
138,e2,n16,DTBPF Pd G3 38,BTMG 26,224.0
139,e2,n16,DTBPF Pd G3 38,BEMP 27,233.0
140,e2,n16,DTBPF Pd G3 38,BTTP 28,234.0
141,e2,n16,DTBPF Pd G3 38,P1-t-octyl S17,223.0
142,e2,n16,DTBPF Pd G3 38,P2Et 29,223.0
143,e2,n16,DTBPF Pd G3 38,P2-t-Bu S18,224.0
144,e2,n17,Xphos Pd G3 36,DBU 24,274.0
145,e2,n17,Xphos Pd G3 36,MTBD 25,280.0
146,e2,n17,Xphos Pd G3 36,BTMG 26,275.0
147,e2,n17,Xphos Pd G3 36,BEMP 27,271.0
148,e2,n17,Xphos Pd G3 36,BTTP 28,273.0
149,e2,n17,Xphos Pd G3 36,P1-t-octyl S17,273.0
150,e2,n17,Xphos Pd G3 36,P2Et 29,273.0
151,e2,n17,Xphos Pd G3 36,P2-t-Bu S18,281.0
152,e2,n17,tBuXPHOS Pd G3 42,DBU 24,271.0
153,e2,n17,tBuXPHOS Pd G3 42,MTBD 25,407.0
154,e2,n17,tBuXPHOS Pd G3 42,BTMG 26,317.0
155,e2,n17,tBuXPHOS Pd G3 42,BEMP 27,436.0
156,e2,n17,tBuXPHOS Pd G3 42,BTTP 28,419.0
157,e2,n17,tBuXPHOS Pd G3 42,P1-t-octyl S17,309.0
158,e2,n17,tBuXPHOS Pd G3 42,P2Et 29,275.0
159,e2,n17,tBuXPHOS Pd G3 42,P2-t-Bu S18,302.0
160,e2,n17,tBuBrettPhos Pd G3 43,DBU 24,267.0
161,e2,n17,tBuBrettPhos Pd G3 43,MTBD 25,273.0
162,e2,n17,tBuBrettPhos Pd G3 43,BTMG 26,432.0
163,e2,n17,tBuBrettPhos Pd G3 43,BEMP 27,358.0
164,e2,n17,tBuBrettPhos Pd G3 43,BTTP 28,363.0
165,e2,n17,tBuBrettPhos Pd G3 43,P1-t-octyl S17,278.0
166,e2,n17,tBuBrettPhos Pd G3 43,P2Et 29,262.0
167,e2,n17,tBuBrettPhos Pd G3 43,P2-t-Bu S18,558.0
168,e2,n17,RockPhos Pd G3 44,DBU 24,259.0
169,e2,n17,RockPhos Pd G3 44,MTBD 25,442.0
170,e2,n17,RockPhos Pd G3 44,BTMG 26,364.0
171,e2,n17,RockPhos Pd G3 44,BEMP 27,391.0
172,e2,n17,RockPhos Pd G3 44,BTTP 28,351.0
173,e2,n17,RockPhos Pd G3 44,P1-t-octyl S17,267.0
174,e2,n17,RockPhos Pd G3 44,P2Et 29,252.0
175,e2,n17,RockPhos Pd G3 44,P2-t-Bu S18,539.0
176,e2,n17,AdBrettPhos Pd G3 45,DBU 24,267.0
177,e2,n17,AdBrettPhos Pd G3 45,MTBD 25,579.0
178,e2,n17,AdBrettPhos Pd G3 45,BTMG 26,428.0
179,e2,n17,AdBrettPhos Pd G3 45,BEMP 27,445.0
180,e2,n17,AdBrettPhos Pd G3 45,BTTP 28,297.0
181,e2,n17,AdBrettPhos Pd G3 45,P1-t-octyl S17,262.0
182,e2,n17,AdBrettPhos Pd G3 45,P2Et 29,257.0
183,e2,n17,AdBrettPhos Pd G3 45,P2-t-Bu S18,516.0
184,e2,n17,DTBPF Pd G3 38,DBU 24,239.0
185,e2,n17,DTBPF Pd G3 38,MTBD 25,281.0
186,e2,n17,DTBPF Pd G3 38,BTMG 26,258.0
187,e2,n17,DTBPF Pd G3 38,BEMP 27,278.0
188,e2,n17,DTBPF Pd G3 38,BTTP 28,271.0
189,e2,n17,DTBPF Pd G3 38,P1-t-octyl S17,237.0
190,e2,n17,DTBPF Pd G3 38,P2Et 29,238.0
191,e2,n17,DTBPF Pd G3 38,P2-t-Bu S18,261.0
192,e4,n14,Xphos Pd G3 36,DBU 24,222.0
193,e4,n14,Xphos Pd G3 36,MTBD 25,565.0
194,e4,n14,Xphos Pd G3 36,BTMG 26,676.0
195,e4,n14,Xphos Pd G3 36,BEMP 27,721.0
196,e4,n14,Xphos Pd G3 36,BTTP 28,711.0
197,e4,n14,Xphos Pd G3 36,P1-t-octyl S17,453.0
198,e4,n14,Xphos Pd G3 36,P2Et 29,439.0
199,e4,n14,Xphos Pd G3 36,P2-t-Bu S18,512.0
200,e4,n14,tBuXPHOS Pd G3 42,DBU 24,10238.0
201,e4,n14,tBuXPHOS Pd G3 42,MTBD 25,5497.0
202,e4,n14,tBuXPHOS Pd G3 42,BTMG 26,6478.0
203,e4,n14,tBuXPHOS Pd G3 42,BEMP 27,5837.0
204,e4,n14,tBuXPHOS Pd G3 42,BTTP 28,4883.0
205,e4,n14,tBuXPHOS Pd G3 42,P1-t-octyl S17,3177.0
206,e4,n14,tBuXPHOS Pd G3 42,P2Et 29,793.0
207,e4,n14,tBuXPHOS Pd G3 42,P2-t-Bu S18,8706.0
208,e4,n14,tBuBrettPhos Pd G3 43,DBU 24,7781.0
209,e4,n14,tBuBrettPhos Pd G3 43,MTBD 25,6737.0
210,e4,n14,tBuBrettPhos Pd G3 43,BTMG 26,4573.0
211,e4,n14,tBuBrettPhos Pd G3 43,BEMP 27,3059.0
212,e4,n14,tBuBrettPhos Pd G3 43,BTTP 28,2055.0
213,e4,n14,tBuBrettPhos Pd G3 43,P1-t-octyl S17,872.0
214,e4,n14,tBuBrettPhos Pd G3 43,P2Et 29,1794.0
215,e4,n14,tBuBrettPhos Pd G3 43,P2-t-Bu S18,6028.0
216,e4,n14,RockPhos Pd G3 44,DBU 24,5716.0
217,e4,n14,RockPhos Pd G3 44,MTBD 25,2632.0
218,e4,n14,RockPhos Pd G3 44,BTMG 26,532.0
219,e4,n14,RockPhos Pd G3 44,BEMP 27,428.0
220,e4,n14,RockPhos Pd G3 44,BTTP 28,349.0
221,e4,n14,RockPhos Pd G3 44,P1-t-octyl S17,294.0
222,e4,n14,RockPhos Pd G3 44,P2Et 29,551.0
223,e4,n14,RockPhos Pd G3 44,P2-t-Bu S18,651.0
224,e4,n14,AdBrettPhos Pd G3 45,DBU 24,1185.0
225,e4,n14,AdBrettPhos Pd G3 45,MTBD 25,2052.0
226,e4,n14,AdBrettPhos Pd G3 45,BTMG 26,1975.0
227,e4,n14,AdBrettPhos Pd G3 45,BEMP 27,492.0
228,e4,n14,AdBrettPhos Pd G3 45,BTTP 28,388.0
229,e4,n14,AdBrettPhos Pd G3 45,P1-t-octyl S17,273.0
230,e4,n14,AdBrettPhos Pd G3 45,P2Et 29,802.0
231,e4,n14,AdBrettPhos Pd G3 45,P2-t-Bu S18,1130.0
232,e4,n14,DTBPF Pd G3 38,DBU 24,338.0
233,e4,n14,DTBPF Pd G3 38,MTBD 25,366.0
234,e4,n14,DTBPF Pd G3 38,BTMG 26,339.0
235,e4,n14,DTBPF Pd G3 38,BEMP 27,315.0
236,e4,n14,DTBPF Pd G3 38,BTTP 28,262.0
237,e4,n14,DTBPF Pd G3 38,P1-t-octyl S17,271.0
238,e4,n14,DTBPF Pd G3 38,P2Et 29,267.0
239,e4,n14,DTBPF Pd G3 38,P2-t-Bu S18,344.0
240,e5,n10,Xphos Pd G3 36,DBU 24,217.0
241,e5,n10,Xphos Pd G3 36,MTBD 25,217.0
242,e5,n10,Xphos Pd G3 36,BTMG 26,217.0
243,e5,n10,Xphos Pd G3 36,BEMP 27,215.0
244,e5,n10,Xphos Pd G3 36,BTTP 28,215.0
245,e5,n10,Xphos Pd G3 36,P1-t-octyl S17,214.0
246,e5,n10,Xphos Pd G3 36,P2Et 29,216.0
247,e5,n10,Xphos Pd G3 36,P2-t-Bu S18,214.0
248,e5,n10,tBuXPHOS Pd G3 42,DBU 24,215.0
249,e5,n10,tBuXPHOS Pd G3 42,MTBD 25,221.0
250,e5,n10,tBuXPHOS Pd G3 42,BTMG 26,217.0
251,e5,n10,tBuXPHOS Pd G3 42,BEMP 27,210.0
252,e5,n10,tBuXPHOS Pd G3 42,BTTP 28,234.0
253,e5,n10,tBuXPHOS Pd G3 42,P1-t-octyl S17,211.0
254,e5,n10,tBuXPHOS Pd G3 42,P2Et 29,3946.0
255,e5,n10,tBuXPHOS Pd G3 42,P2-t-Bu S18,219.0
256,e5,n10,tBuBrettPhos Pd G3 43,DBU 24,304.0
257,e5,n10,tBuBrettPhos Pd G3 43,MTBD 25,309.0
258,e5,n10,tBuBrettPhos Pd G3 43,BTMG 26,319.0
259,e5,n10,tBuBrettPhos Pd G3 43,BEMP 27,251.0
260,e5,n10,tBuBrettPhos Pd G3 43,BTTP 28,252.0
261,e5,n10,tBuBrettPhos Pd G3 43,P1-t-octyl S17,229.0
262,e5,n10,tBuBrettPhos Pd G3 43,P2Et 29,4225.0
263,e5,n10,tBuBrettPhos Pd G3 43,P2-t-Bu S18,222.0
264,e5,n10,RockPhos Pd G3 44,DBU 24,212.0
265,e5,n10,RockPhos Pd G3 44,MTBD 25,226.0
266,e5,n10,RockPhos Pd G3 44,BTMG 26,214.0
267,e5,n10,RockPhos Pd G3 44,BEMP 27,211.0
268,e5,n10,RockPhos Pd G3 44,BTTP 28,211.0
269,e5,n10,RockPhos Pd G3 44,P1-t-octyl S17,210.0
270,e5,n10,RockPhos Pd G3 44,P2Et 29,4680.0
271,e5,n10,RockPhos Pd G3 44,P2-t-Bu S18,221.0
272,e5,n10,AdBrettPhos Pd G3 45,DBU 24,223.0
273,e5,n10,AdBrettPhos Pd G3 45,MTBD 25,250.0
274,e5,n10,AdBrettPhos Pd G3 45,BTMG 26,245.0
275,e5,n10,AdBrettPhos Pd G3 45,BEMP 27,232.0
276,e5,n10,AdBrettPhos Pd G3 45,BTTP 28,240.0
277,e5,n10,AdBrettPhos Pd G3 45,P1-t-octyl S17,218.0
278,e5,n10,AdBrettPhos Pd G3 45,P2Et 29,4935.0
279,e5,n10,AdBrettPhos Pd G3 45,P2-t-Bu S18,229.0
280,e5,n10,DTBPF Pd G3 38,DBU 24,341.0
281,e5,n10,DTBPF Pd G3 38,MTBD 25,326.0
282,e5,n10,DTBPF Pd G3 38,BTMG 26,263.0
283,e5,n10,DTBPF Pd G3 38,BEMP 27,277.0
284,e5,n10,DTBPF Pd G3 38,BTTP 28,301.0
285,e5,n10,DTBPF Pd G3 38,P1-t-octyl S17,264.0
286,e5,n10,DTBPF Pd G3 38,P2Et 29,407.0
287,e5,n10,DTBPF Pd G3 38,P2-t-Bu S18,337.0
288,e5,n11,Xphos Pd G3 36,DBU 24,224.0
289,e5,n11,Xphos Pd G3 36,MTBD 25,225.0
290,e5,n11,Xphos Pd G3 36,BTMG 26,234.0
291,e5,n11,Xphos Pd G3 36,BEMP 27,238.0
292,e5,n11,Xphos Pd G3 36,BTTP 28,235.0
293,e5,n11,Xphos Pd G3 36,P1-t-octyl S17,237.0
294,e5,n11,Xphos Pd G3 36,P2Et 29,232.0
295,e5,n11,Xphos Pd G3 36,P2-t-Bu S18,240.0
296,e5,n11,tBuXPHOS Pd G3 42,DBU 24,263.0
297,e5,n11,tBuXPHOS Pd G3 42,MTBD 25,324.0
298,e5,n11,tBuXPHOS Pd G3 42,BTMG 26,282.0
299,e5,n11,tBuXPHOS Pd G3 42,BEMP 27,291.0
300,e5,n11,tBuXPHOS Pd G3 42,BTTP 28,309.0
301,e5,n11,tBuXPHOS Pd G3 42,P1-t-octyl S17,402.0
302,e5,n11,tBuXPHOS Pd G3 42,P2Et 29,4882.0
303,e5,n11,tBuXPHOS Pd G3 42,P2-t-Bu S18,428.0
304,e5,n11,tBuBrettPhos Pd G3 43,DBU 24,342.0
305,e5,n11,tBuBrettPhos Pd G3 43,MTBD 25,4811.0
306,e5,n11,tBuBrettPhos Pd G3 43,BTMG 26,1104.0
307,e5,n11,tBuBrettPhos Pd G3 43,BEMP 27,723.0
308,e5,n11,tBuBrettPhos Pd G3 43,BTTP 28,627.0
309,e5,n11,tBuBrettPhos Pd G3 43,P1-t-octyl S17,745.0
310,e5,n11,tBuBrettPhos Pd G3 43,P2Et 29,1363.0
311,e5,n11,tBuBrettPhos Pd G3 43,P2-t-Bu S18,2431.0
312,e5,n11,RockPhos Pd G3 44,DBU 24,414.0
313,e5,n11,RockPhos Pd G3 44,MTBD 25,2826.0
314,e5,n11,RockPhos Pd G3 44,BTMG 26,751.0
315,e5,n11,RockPhos Pd G3 44,BEMP 27,687.0
316,e5,n11,RockPhos Pd G3 44,BTTP 28,693.0
317,e5,n11,RockPhos Pd G3 44,P1-t-octyl S17,588.0
318,e5,n11,RockPhos Pd G3 44,P2Et 29,715.0
319,e5,n11,RockPhos Pd G3 44,P2-t-Bu S18,844.0
320,e5,n11,AdBrettPhos Pd G3 45,DBU 24,438.0
321,e5,n11,AdBrettPhos Pd G3 45,MTBD 25,4413.0
322,e5,n11,AdBrettPhos Pd G3 45,BTMG 26,784.0
323,e5,n11,AdBrettPhos Pd G3 45,BEMP 27,1041.0
324,e5,n11,AdBrettPhos Pd G3 45,BTTP 28,856.0
325,e5,n11,AdBrettPhos Pd G3 45,P1-t-octyl S17,710.0
326,e5,n11,AdBrettPhos Pd G3 45,P2Et 29,1331.0
327,e5,n11,AdBrettPhos Pd G3 45,P2-t-Bu S18,978.0
328,e5,n11,DTBPF Pd G3 38,DBU 24,453.0
329,e5,n11,DTBPF Pd G3 38,MTBD 25,501.0
330,e5,n11,DTBPF Pd G3 38,BTMG 26,393.0
331,e5,n11,DTBPF Pd G3 38,BEMP 27,360.0
332,e5,n11,DTBPF Pd G3 38,BTTP 28,376.0
333,e5,n11,DTBPF Pd G3 38,P1-t-octyl S17,335.0
334,e5,n11,DTBPF Pd G3 38,P2Et 29,394.0
335,e5,n11,DTBPF Pd G3 38,P2-t-Bu S18,317.0
336,e5,n12,Xphos Pd G3 36,DBU 24,208.0
337,e5,n12,Xphos Pd G3 36,MTBD 25,207.0
338,e5,n12,Xphos Pd G3 36,BTMG 26,207.0
339,e5,n12,Xphos Pd G3 36,BEMP 27,206.0
340,e5,n12,Xphos Pd G3 36,BTTP 28,205.0
341,e5,n12,Xphos Pd G3 36,P1-t-octyl S17,206.0
342,e5,n12,Xphos Pd G3 36,P2Et 29,207.0
343,e5,n12,Xphos Pd G3 36,P2-t-Bu S18,210.0
344,e5,n12,tBuXPHOS Pd G3 42,DBU 24,284.0
345,e5,n12,tBuXPHOS Pd G3 42,MTBD 25,1899.0
346,e5,n12,tBuXPHOS Pd G3 42,BTMG 26,919.0
347,e5,n12,tBuXPHOS Pd G3 42,BEMP 27,665.0
348,e5,n12,tBuXPHOS Pd G3 42,BTTP 28,955.0
349,e5,n12,tBuXPHOS Pd G3 42,P1-t-octyl S17,440.0
350,e5,n12,tBuXPHOS Pd G3 42,P2Et 29,1638.0
351,e5,n12,tBuXPHOS Pd G3 42,P2-t-Bu S18,825.0
352,e5,n12,tBuBrettPhos Pd G3 43,DBU 24,428.0
353,e5,n12,tBuBrettPhos Pd G3 43,MTBD 25,6096.0
354,e5,n12,tBuBrettPhos Pd G3 43,BTMG 26,2178.0
355,e5,n12,tBuBrettPhos Pd G3 43,BEMP 27,597.0
356,e5,n12,tBuBrettPhos Pd G3 43,BTTP 28,726.0
357,e5,n12,tBuBrettPhos Pd G3 43,P1-t-octyl S17,392.0
358,e5,n12,tBuBrettPhos Pd G3 43,P2Et 29,2067.0
359,e5,n12,tBuBrettPhos Pd G3 43,P2-t-Bu S18,2415.0
360,e5,n12,RockPhos Pd G3 44,DBU 24,609.0
361,e5,n12,RockPhos Pd G3 44,MTBD 25,4206.0
362,e5,n12,RockPhos Pd G3 44,BTMG 26,2054.0
363,e5,n12,RockPhos Pd G3 44,BEMP 27,606.0
364,e5,n12,RockPhos Pd G3 44,BTTP 28,534.0
365,e5,n12,RockPhos Pd G3 44,P1-t-octyl S17,390.0
366,e5,n12,RockPhos Pd G3 44,P2Et 29,1689.0
367,e5,n12,RockPhos Pd G3 44,P2-t-Bu S18,885.0
368,e5,n12,AdBrettPhos Pd G3 45,DBU 24,517.0
369,e5,n12,AdBrettPhos Pd G3 45,MTBD 25,4299.0
370,e5,n12,AdBrettPhos Pd G3 45,BTMG 26,2019.0
371,e5,n12,AdBrettPhos Pd G3 45,BEMP 27,772.0
372,e5,n12,AdBrettPhos Pd G3 45,BTTP 28,885.0
373,e5,n12,AdBrettPhos Pd G3 45,P1-t-octyl S17,446.0
374,e5,n12,AdBrettPhos Pd G3 45,P2Et 29,2180.0
375,e5,n12,AdBrettPhos Pd G3 45,P2-t-Bu S18,696.0
376,e5,n12,DTBPF Pd G3 38,DBU 24,266.0
377,e5,n12,DTBPF Pd G3 38,MTBD 25,987.0
378,e5,n12,DTBPF Pd G3 38,BTMG 26,478.0
379,e5,n12,DTBPF Pd G3 38,BEMP 27,453.0
380,e5,n12,DTBPF Pd G3 38,BTTP 28,376.0
381,e5,n12,DTBPF Pd G3 38,P1-t-octyl S17,281.0
382,e5,n12,DTBPF Pd G3 38,P2Et 29,273.0
383,e5,n12,DTBPF Pd G3 38,P2-t-Bu S18,488.0
384,e5,n13,Xphos Pd G3 36,DBU 24,0.0
385,e5,n13,Xphos Pd G3 36,MTBD 25,0.0
386,e5,n13,Xphos Pd G3 36,BTMG 26,0.0
387,e5,n13,Xphos Pd G3 36,BEMP 27,0.0
388,e5,n13,Xphos Pd G3 36,BTTP 28,0.0
389,e5,n13,Xphos Pd G3 36,P1-t-octyl S17,0.0
390,e5,n13,Xphos Pd G3 36,P2Et 29,0.0
391,e5,n13,Xphos Pd G3 36,P2-t-Bu S18,0.0
392,e5,n13,tBuXPHOS Pd G3 42,DBU 24,0.0
393,e5,n13,tBuXPHOS Pd G3 42,MTBD 25,0.0
394,e5,n13,tBuXPHOS Pd G3 42,BTMG 26,0.0
395,e5,n13,tBuXPHOS Pd G3 42,BEMP 27,0.0
396,e5,n13,tBuXPHOS Pd G3 42,BTTP 28,0.0
397,e5,n13,tBuXPHOS Pd G3 42,P1-t-octyl S17,0.0
398,e5,n13,tBuXPHOS Pd G3 42,P2Et 29,0.0
399,e5,n13,tBuXPHOS Pd G3 42,P2-t-Bu S18,0.0
400,e5,n13,tBuBrettPhos Pd G3 43,DBU 24,0.0
401,e5,n13,tBuBrettPhos Pd G3 43,MTBD 25,0.0
402,e5,n13,tBuBrettPhos Pd G3 43,BTMG 26,0.0
403,e5,n13,tBuBrettPhos Pd G3 43,BEMP 27,0.0
404,e5,n13,tBuBrettPhos Pd G3 43,BTTP 28,0.0
405,e5,n13,tBuBrettPhos Pd G3 43,P1-t-octyl S17,0.0
406,e5,n13,tBuBrettPhos Pd G3 43,P2Et 29,0.0
407,e5,n13,tBuBrettPhos Pd G3 43,P2-t-Bu S18,0.0
408,e5,n13,RockPhos Pd G3 44,DBU 24,0.0
409,e5,n13,RockPhos Pd G3 44,MTBD 25,0.0
410,e5,n13,RockPhos Pd G3 44,BTMG 26,0.0
411,e5,n13,RockPhos Pd G3 44,BEMP 27,0.0
412,e5,n13,RockPhos Pd G3 44,BTTP 28,0.0
413,e5,n13,RockPhos Pd G3 44,P1-t-octyl S17,0.0
414,e5,n13,RockPhos Pd G3 44,P2Et 29,0.0
415,e5,n13,RockPhos Pd G3 44,P2-t-Bu S18,0.0
416,e5,n13,AdBrettPhos Pd G3 45,DBU 24,0.0
417,e5,n13,AdBrettPhos Pd G3 45,MTBD 25,0.0
418,e5,n13,AdBrettPhos Pd G3 45,BTMG 26,0.0
419,e5,n13,AdBrettPhos Pd G3 45,BEMP 27,0.0
420,e5,n13,AdBrettPhos Pd G3 45,BTTP 28,0.0
421,e5,n13,AdBrettPhos Pd G3 45,P1-t-octyl S17,0.0
422,e5,n13,AdBrettPhos Pd G3 45,P2Et 29,0.0
423,e5,n13,AdBrettPhos Pd G3 45,P2-t-Bu S18,0.0
424,e5,n13,DTBPF Pd G3 38,DBU 24,0.0
425,e5,n13,DTBPF Pd G3 38,MTBD 25,0.0
426,e5,n13,DTBPF Pd G3 38,BTMG 26,0.0
427,e5,n13,DTBPF Pd G3 38,BEMP 27,0.0
428,e5,n13,DTBPF Pd G3 38,BTTP 28,0.0
429,e5,n13,DTBPF Pd G3 38,P1-t-octyl S17,0.0
430,e5,n13,DTBPF Pd G3 38,P2Et 29,0.0
431,e5,n13,DTBPF Pd G3 38,P2-t-Bu S18,0.0
432,e5,n14,Xphos Pd G3 36,DBU 24,258.0
433,e5,n14,Xphos Pd G3 36,MTBD 25,256.0
434,e5,n14,Xphos Pd G3 36,BTMG 26,315.0
435,e5,n14,Xphos Pd G3 36,BEMP 27,332.0
436,e5,n14,Xphos Pd G3 36,BTTP 28,331.0
437,e5,n14,Xphos Pd G3 36,P1-t-octyl S17,295.0
438,e5,n14,Xphos Pd G3 36,P2Et 29,337.0
439,e5,n14,Xphos Pd G3 36,P2-t-Bu S18,323.0
440,e5,n14,tBuXPHOS Pd G3 42,DBU 24,273.0
441,e5,n14,tBuXPHOS Pd G3 42,MTBD 25,317.0
442,e5,n14,tBuXPHOS Pd G3 42,BTMG 26,299.0
443,e5,n14,tBuXPHOS Pd G3 42,BEMP 27,301.0
444,e5,n14,tBuXPHOS Pd G3 42,BTTP 28,333.0
445,e5,n14,tBuXPHOS Pd G3 42,P1-t-octyl S17,324.0
446,e5,n14,tBuXPHOS Pd G3 42,P2Et 29,449.0
447,e5,n14,tBuXPHOS Pd G3 42,P2-t-Bu S18,325.0
448,e5,n14,tBuBrettPhos Pd G3 43,DBU 24,286.0
449,e5,n14,tBuBrettPhos Pd G3 43,MTBD 25,453.0
450,e5,n14,tBuBrettPhos Pd G3 43,BTMG 26,572.0
451,e5,n14,tBuBrettPhos Pd G3 43,BEMP 27,362.0
452,e5,n14,tBuBrettPhos Pd G3 43,BTTP 28,334.0
453,e5,n14,tBuBrettPhos Pd G3 43,P1-t-octyl S17,321.0
454,e5,n14,tBuBrettPhos Pd G3 43,P2Et 29,1819.0
455,e5,n14,tBuBrettPhos Pd G3 43,P2-t-Bu S18,462.0
456,e5,n14,RockPhos Pd G3 44,DBU 24,354.0
457,e5,n14,RockPhos Pd G3 44,MTBD 25,1106.0
458,e5,n14,RockPhos Pd G3 44,BTMG 26,842.0
459,e5,n14,RockPhos Pd G3 44,BEMP 27,338.0
460,e5,n14,RockPhos Pd G3 44,BTTP 28,343.0
461,e5,n14,RockPhos Pd G3 44,P1-t-octyl S17,336.0
462,e5,n14,RockPhos Pd G3 44,P2Et 29,901.0
463,e5,n14,RockPhos Pd G3 44,P2-t-Bu S18,463.0
464,e5,n14,AdBrettPhos Pd G3 45,DBU 24,296.0
465,e5,n14,AdBrettPhos Pd G3 45,MTBD 25,429.0
466,e5,n14,AdBrettPhos Pd G3 45,BTMG 26,495.0
467,e5,n14,AdBrettPhos Pd G3 45,BEMP 27,322.0
468,e5,n14,AdBrettPhos Pd G3 45,BTTP 28,352.0
469,e5,n14,AdBrettPhos Pd G3 45,P1-t-octyl S17,371.0
470,e5,n14,AdBrettPhos Pd G3 45,P2Et 29,1246.0
471,e5,n14,AdBrettPhos Pd G3 45,P2-t-Bu S18,374.0
472,e5,n14,DTBPF Pd G3 38,DBU 24,275.0
473,e5,n14,DTBPF Pd G3 38,MTBD 25,282.0
474,e5,n14,DTBPF Pd G3 38,BTMG 26,336.0
475,e5,n14,DTBPF Pd G3 38,BEMP 27,317.0
476,e5,n14,DTBPF Pd G3 38,BTTP 28,301.0
477,e5,n14,DTBPF Pd G3 38,P1-t-octyl S17,306.0
478,e5,n14,DTBPF Pd G3 38,P2Et 29,342.0
479,e5,n14,DTBPF Pd G3 38,P2-t-Bu S18,331.0
480,e5,n15,Xphos Pd G3 36,DBU 24,236.0
481,e5,n15,Xphos Pd G3 36,MTBD 25,223.0
482,e5,n15,Xphos Pd G3 36,BTMG 26,230.0
483,e5,n15,Xphos Pd G3 36,BEMP 27,257.0
484,e5,n15,Xphos Pd G3 36,BTTP 28,263.0
485,e5,n15,Xphos Pd G3 36,P1-t-octyl S17,255.0
486,e5,n15,Xphos Pd G3 36,P2Et 29,239.0
487,e5,n15,Xphos Pd G3 36,P2-t-Bu S18,261.0
488,e5,n15,tBuXPHOS Pd G3 42,DBU 24,264.0
489,e5,n15,tBuXPHOS Pd G3 42,MTBD 25,225.0
490,e5,n15,tBuXPHOS Pd G3 42,BTMG 26,233.0
491,e5,n15,tBuXPHOS Pd G3 42,BEMP 27,233.0
492,e5,n15,tBuXPHOS Pd G3 42,BTTP 28,234.0
493,e5,n15,tBuXPHOS Pd G3 42,P1-t-octyl S17,236.0
494,e5,n15,tBuXPHOS Pd G3 42,P2Et 29,699.0
495,e5,n15,tBuXPHOS Pd G3 42,P2-t-Bu S18,235.0
496,e5,n15,tBuBrettPhos Pd G3 43,DBU 24,248.0
497,e5,n15,tBuBrettPhos Pd G3 43,MTBD 25,218.0
498,e5,n15,tBuBrettPhos Pd G3 43,BTMG 26,248.0
499,e5,n15,tBuBrettPhos Pd G3 43,BEMP 27,291.0
500,e5,n15,tBuBrettPhos Pd G3 43,BTTP 28,270.0
501,e5,n15,tBuBrettPhos Pd G3 43,P1-t-octyl S17,265.0
502,e5,n15,tBuBrettPhos Pd G3 43,P2Et 29,19040.0
503,e5,n15,tBuBrettPhos Pd G3 43,P2-t-Bu S18,322.0
504,e5,n15,RockPhos Pd G3 44,DBU 24,274.0
505,e5,n15,RockPhos Pd G3 44,MTBD 25,228.0
506,e5,n15,RockPhos Pd G3 44,BTMG 26,242.0
507,e5,n15,RockPhos Pd G3 44,BEMP 27,268.0
508,e5,n15,RockPhos Pd G3 44,BTTP 28,244.0
509,e5,n15,RockPhos Pd G3 44,P1-t-octyl S17,251.0
510,e5,n15,RockPhos Pd G3 44,P2Et 29,6084.0
511,e5,n15,RockPhos Pd G3 44,P2-t-Bu S18,264.0
512,e5,n15,AdBrettPhos Pd G3 45,DBU 24,267.0
513,e5,n15,AdBrettPhos Pd G3 45,MTBD 25,245.0
514,e5,n15,AdBrettPhos Pd G3 45,BTMG 26,247.0
515,e5,n15,AdBrettPhos Pd G3 45,BEMP 27,270.0
516,e5,n15,AdBrettPhos Pd G3 45,BTTP 28,282.0
517,e5,n15,AdBrettPhos Pd G3 45,P1-t-octyl S17,295.0
518,e5,n15,AdBrettPhos Pd G3 45,P2Et 29,5050.0
519,e5,n15,AdBrettPhos Pd G3 45,P2-t-Bu S18,301.0
520,e5,n15,DTBPF Pd G3 38,DBU 24,289.0
521,e5,n15,DTBPF Pd G3 38,MTBD 25,257.0
522,e5,n15,DTBPF Pd G3 38,BTMG 26,243.0
523,e5,n15,DTBPF Pd G3 38,BEMP 27,246.0
524,e5,n15,DTBPF Pd G3 38,BTTP 28,237.0
525,e5,n15,DTBPF Pd G3 38,P1-t-octyl S17,245.0
526,e5,n15,DTBPF Pd G3 38,P2Et 29,283.0
527,e5,n15,DTBPF Pd G3 38,P2-t-Bu S18,264.0
528,e5,n16,Xphos Pd G3 36,DBU 24,334.0
529,e5,n16,Xphos Pd G3 36,MTBD 25,230.0
530,e5,n16,Xphos Pd G3 36,BTMG 26,230.0
531,e5,n16,Xphos Pd G3 36,BEMP 27,229.0
532,e5,n16,Xphos Pd G3 36,BTTP 28,228.0
533,e5,n16,Xphos Pd G3 36,P1-t-octyl S17,230.0
534,e5,n16,Xphos Pd G3 36,P2Et 29,226.0
535,e5,n16,Xphos Pd G3 36,P2-t-Bu S18,231.0
536,e5,n16,tBuXPHOS Pd G3 42,DBU 24,230.0
537,e5,n16,tBuXPHOS Pd G3 42,MTBD 25,228.0
538,e5,n16,tBuXPHOS Pd G3 42,BTMG 26,227.0
539,e5,n16,tBuXPHOS Pd G3 42,BEMP 27,227.0
540,e5,n16,tBuXPHOS Pd G3 42,BTTP 28,227.0
541,e5,n16,tBuXPHOS Pd G3 42,P1-t-octyl S17,228.0
542,e5,n16,tBuXPHOS Pd G3 42,P2Et 29,234.0
543,e5,n16,tBuXPHOS Pd G3 42,P2-t-Bu S18,225.0
544,e5,n16,tBuBrettPhos Pd G3 43,DBU 24,223.0
545,e5,n16,tBuBrettPhos Pd G3 43,MTBD 25,226.0
546,e5,n16,tBuBrettPhos Pd G3 43,BTMG 26,241.0
547,e5,n16,tBuBrettPhos Pd G3 43,BEMP 27,229.0
548,e5,n16,tBuBrettPhos Pd G3 43,BTTP 28,227.0
549,e5,n16,tBuBrettPhos Pd G3 43,P1-t-octyl S17,225.0
550,e5,n16,tBuBrettPhos Pd G3 43,P2Et 29,794.0
551,e5,n16,tBuBrettPhos Pd G3 43,P2-t-Bu S18,260.0
552,e5,n16,RockPhos Pd G3 44,DBU 24,322.0
553,e5,n16,RockPhos Pd G3 44,MTBD 25,236.0
554,e5,n16,RockPhos Pd G3 44,BTMG 26,230.0
555,e5,n16,RockPhos Pd G3 44,BEMP 27,231.0
556,e5,n16,RockPhos Pd G3 44,BTTP 28,229.0
557,e5,n16,RockPhos Pd G3 44,P1-t-octyl S17,231.0
558,e5,n16,RockPhos Pd G3 44,P2Et 29,381.0
559,e5,n16,RockPhos Pd G3 44,P2-t-Bu S18,225.0
560,e5,n16,AdBrettPhos Pd G3 45,DBU 24,224.0
561,e5,n16,AdBrettPhos Pd G3 45,MTBD 25,227.0
562,e5,n16,AdBrettPhos Pd G3 45,BTMG 26,227.0
563,e5,n16,AdBrettPhos Pd G3 45,BEMP 27,228.0
564,e5,n16,AdBrettPhos Pd G3 45,BTTP 28,226.0
565,e5,n16,AdBrettPhos Pd G3 45,P1-t-octyl S17,225.0
566,e5,n16,AdBrettPhos Pd G3 45,P2Et 29,536.0
567,e5,n16,AdBrettPhos Pd G3 45,P2-t-Bu S18,229.0
568,e5,n16,DTBPF Pd G3 38,DBU 24,223.0
569,e5,n16,DTBPF Pd G3 38,MTBD 25,224.0
570,e5,n16,DTBPF Pd G3 38,BTMG 26,227.0
571,e5,n16,DTBPF Pd G3 38,BEMP 27,226.0
572,e5,n16,DTBPF Pd G3 38,BTTP 28,224.0
573,e5,n16,DTBPF Pd G3 38,P1-t-octyl S17,223.0
574,e5,n16,DTBPF Pd G3 38,P2Et 29,227.0
575,e5,n16,DTBPF Pd G3 38,P2-t-Bu S18,225.0
576,e6,n10,Xphos Pd G3 36,DBU 24,223.0
577,e6,n10,Xphos Pd G3 36,MTBD 25,223.0
578,e6,n10,Xphos Pd G3 36,BTMG 26,226.0
579,e6,n10,Xphos Pd G3 36,BEMP 27,227.0
580,e6,n10,Xphos Pd G3 36,BTTP 28,224.0
581,e6,n10,Xphos Pd G3 36,P1-t-octyl S17,227.0
582,e6,n10,Xphos Pd G3 36,P2Et 29,228.0
583,e6,n10,Xphos Pd G3 36,P2-t-Bu S18,228.0
584,e6,n10,tBuXPHOS Pd G3 42,DBU 24,225.0
585,e6,n10,tBuXPHOS Pd G3 42,MTBD 25,229.0
586,e6,n10,tBuXPHOS Pd G3 42,BTMG 26,228.0
587,e6,n10,tBuXPHOS Pd G3 42,BEMP 27,229.0
588,e6,n10,tBuXPHOS Pd G3 42,BTTP 28,254.0
589,e6,n10,tBuXPHOS Pd G3 42,P1-t-octyl S17,232.0
590,e6,n10,tBuXPHOS Pd G3 42,P2Et 29,4680.0
591,e6,n10,tBuXPHOS Pd G3 42,P2-t-Bu S18,316.0
592,e6,n10,tBuBrettPhos Pd G3 43,DBU 24,403.0
593,e6,n10,tBuBrettPhos Pd G3 43,MTBD 25,287.0
594,e6,n10,tBuBrettPhos Pd G3 43,BTMG 26,349.0
595,e6,n10,tBuBrettPhos Pd G3 43,BEMP 27,248.0
596,e6,n10,tBuBrettPhos Pd G3 43,BTTP 28,257.0
597,e6,n10,tBuBrettPhos Pd G3 43,P1-t-octyl S17,255.0
598,e6,n10,tBuBrettPhos Pd G3 43,P2Et 29,1433.0
599,e6,n10,tBuBrettPhos Pd G3 43,P2-t-Bu S18,296.0
600,e6,n10,RockPhos Pd G3 44,DBU 24,304.0
601,e6,n10,RockPhos Pd G3 44,MTBD 25,555.0
602,e6,n10,RockPhos Pd G3 44,BTMG 26,281.0
603,e6,n10,RockPhos Pd G3 44,BEMP 27,239.0
604,e6,n10,RockPhos Pd G3 44,BTTP 28,235.0
605,e6,n10,RockPhos Pd G3 44,P1-t-octyl S17,235.0
606,e6,n10,RockPhos Pd G3 44,P2Et 29,705.0
607,e6,n10,RockPhos Pd G3 44,P2-t-Bu S18,247.0
608,e6,n10,AdBrettPhos Pd G3 45,DBU 24,245.0
609,e6,n10,AdBrettPhos Pd G3 45,MTBD 25,404.0
610,e6,n10,AdBrettPhos Pd G3 45,BTMG 26,249.0
611,e6,n10,AdBrettPhos Pd G3 45,BEMP 27,235.0
612,e6,n10,AdBrettPhos Pd G3 45,BTTP 28,238.0
613,e6,n10,AdBrettPhos Pd G3 45,P1-t-octyl S17,236.0
614,e6,n10,AdBrettPhos Pd G3 45,P2Et 29,912.0
615,e6,n10,AdBrettPhos Pd G3 45,P2-t-Bu S18,262.0
616,e6,n10,DTBPF Pd G3 38,DBU 24,248.0
617,e6,n10,DTBPF Pd G3 38,MTBD 25,253.0
618,e6,n10,DTBPF Pd G3 38,BTMG 26,242.0
619,e6,n10,DTBPF Pd G3 38,BEMP 27,256.0
620,e6,n10,DTBPF Pd G3 38,BTTP 28,265.0
621,e6,n10,DTBPF Pd G3 38,P1-t-octyl S17,260.0
622,e6,n10,DTBPF Pd G3 38,P2Et 29,277.0
623,e6,n10,DTBPF Pd G3 38,P2-t-Bu S18,294.0
624,e6,n11,Xphos Pd G3 36,DBU 24,211.0
625,e6,n11,Xphos Pd G3 36,MTBD 25,216.0
626,e6,n11,Xphos Pd G3 36,BTMG 26,217.0
627,e6,n11,Xphos Pd G3 36,BEMP 27,218.0
628,e6,n11,Xphos Pd G3 36,BTTP 28,214.0
629,e6,n11,Xphos Pd G3 36,P1-t-octyl S17,216.0
630,e6,n11,Xphos Pd G3 36,P2Et 29,215.0
631,e6,n11,Xphos Pd G3 36,P2-t-Bu S18,219.0
632,e6,n11,tBuXPHOS Pd G3 42,DBU 24,241.0
633,e6,n11,tBuXPHOS Pd G3 42,MTBD 25,254.0
634,e6,n11,tBuXPHOS Pd G3 42,BTMG 26,292.0
635,e6,n11,tBuXPHOS Pd G3 42,BEMP 27,230.0
636,e6,n11,tBuXPHOS Pd G3 42,BTTP 28,248.0
637,e6,n11,tBuXPHOS Pd G3 42,P1-t-octyl S17,235.0
638,e6,n11,tBuXPHOS Pd G3 42,P2Et 29,2204.0
639,e6,n11,tBuXPHOS Pd G3 42,P2-t-Bu S18,261.0
640,e6,n11,tBuBrettPhos Pd G3 43,DBU 24,304.0
641,e6,n11,tBuBrettPhos Pd G3 43,MTBD 25,355.0
642,e6,n11,tBuBrettPhos Pd G3 43,BTMG 26,336.0
643,e6,n11,tBuBrettPhos Pd G3 43,BEMP 27,268.0
644,e6,n11,tBuBrettPhos Pd G3 43,BTTP 28,419.0
645,e6,n11,tBuBrettPhos Pd G3 43,P1-t-octyl S17,313.0
646,e6,n11,tBuBrettPhos Pd G3 43,P2Et 29,315.0
647,e6,n11,tBuBrettPhos Pd G3 43,P2-t-Bu S18,258.0
648,e6,n11,RockPhos Pd G3 44,DBU 24,230.0
649,e6,n11,RockPhos Pd G3 44,MTBD 25,258.0
650,e6,n11,RockPhos Pd G3 44,BTMG 26,259.0
651,e6,n11,RockPhos Pd G3 44,BEMP 27,246.0
652,e6,n11,RockPhos Pd G3 44,BTTP 28,251.0
653,e6,n11,RockPhos Pd G3 44,P1-t-octyl S17,247.0
654,e6,n11,RockPhos Pd G3 44,P2Et 29,232.0
655,e6,n11,RockPhos Pd G3 44,P2-t-Bu S18,237.0
656,e6,n11,AdBrettPhos Pd G3 45,DBU 24,225.0
657,e6,n11,AdBrettPhos Pd G3 45,MTBD 25,242.0
658,e6,n11,AdBrettPhos Pd G3 45,BTMG 26,260.0
659,e6,n11,AdBrettPhos Pd G3 45,BEMP 27,241.0
660,e6,n11,AdBrettPhos Pd G3 45,BTTP 28,221.0
661,e6,n11,AdBrettPhos Pd G3 45,P1-t-octyl S17,246.0
662,e6,n11,AdBrettPhos Pd G3 45,P2Et 29,265.0
663,e6,n11,AdBrettPhos Pd G3 45,P2-t-Bu S18,247.0
664,e6,n11,DTBPF Pd G3 38,DBU 24,217.0
665,e6,n11,DTBPF Pd G3 38,MTBD 25,215.0
666,e6,n11,DTBPF Pd G3 38,BTMG 26,214.0
667,e6,n11,DTBPF Pd G3 38,BEMP 27,215.0
668,e6,n11,DTBPF Pd G3 38,BTTP 28,217.0
669,e6,n11,DTBPF Pd G3 38,P1-t-octyl S17,216.0
670,e6,n11,DTBPF Pd G3 38,P2Et 29,216.0
671,e6,n11,DTBPF Pd G3 38,P2-t-Bu S18,216.0
672,e6,n12,Xphos Pd G3 36,DBU 24,256.0
673,e6,n12,Xphos Pd G3 36,MTBD 25,254.0
674,e6,n12,Xphos Pd G3 36,BTMG 26,251.0
675,e6,n12,Xphos Pd G3 36,BEMP 27,257.0
676,e6,n12,Xphos Pd G3 36,BTTP 28,231.0
677,e6,n12,Xphos Pd G3 36,P1-t-octyl S17,253.0
678,e6,n12,Xphos Pd G3 36,P2Et 29,244.0
679,e6,n12,Xphos Pd G3 36,P2-t-Bu S18,248.0
680,e6,n12,tBuXPHOS Pd G3 42,DBU 24,711.0
681,e6,n12,tBuXPHOS Pd G3 42,MTBD 25,972.0
682,e6,n12,tBuXPHOS Pd G3 42,BTMG 26,628.0
683,e6,n12,tBuXPHOS Pd G3 42,BEMP 27,967.0
684,e6,n12,tBuXPHOS Pd G3 42,BTTP 28,677.0
685,e6,n12,tBuXPHOS Pd G3 42,P1-t-octyl S17,856.0
686,e6,n12,tBuXPHOS Pd G3 42,P2Et 29,4083.0
687,e6,n12,tBuXPHOS Pd G3 42,P2-t-Bu S18,1521.0
688,e6,n12,tBuBrettPhos Pd G3 43,DBU 24,3295.0
689,e6,n12,tBuBrettPhos Pd G3 43,MTBD 25,4396.0
690,e6,n12,tBuBrettPhos Pd G3 43,BTMG 26,4343.0
691,e6,n12,tBuBrettPhos Pd G3 43,BEMP 27,2408.0
692,e6,n12,tBuBrettPhos Pd G3 43,BTTP 28,2438.0
693,e6,n12,tBuBrettPhos Pd G3 43,P1-t-octyl S17,1908.0
694,e6,n12,tBuBrettPhos Pd G3 43,P2Et 29,473.0
695,e6,n12,tBuBrettPhos Pd G3 43,P2-t-Bu S18,3301.0
696,e6,n12,RockPhos Pd G3 44,DBU 24,989.0
697,e6,n12,RockPhos Pd G3 44,MTBD 25,2204.0
698,e6,n12,RockPhos Pd G3 44,BTMG 26,1042.0
699,e6,n12,RockPhos Pd G3 44,BEMP 27,578.0
700,e6,n12,RockPhos Pd G3 44,BTTP 28,573.0
701,e6,n12,RockPhos Pd G3 44,P1-t-octyl S17,335.0
702,e6,n12,RockPhos Pd G3 44,P2Et 29,293.0
703,e6,n12,RockPhos Pd G3 44,P2-t-Bu S18,471.0
704,e6,n12,AdBrettPhos Pd G3 45,DBU 24,565.0
705,e6,n12,AdBrettPhos Pd G3 45,MTBD 25,840.0
706,e6,n12,AdBrettPhos Pd G3 45,BTMG 26,962.0
707,e6,n12,AdBrettPhos Pd G3 45,BEMP 27,524.0
708,e6,n12,AdBrettPhos Pd G3 45,BTTP 28,500.0
709,e6,n12,AdBrettPhos Pd G3 45,P1-t-octyl S17,347.0
710,e6,n12,AdBrettPhos Pd G3 45,P2Et 29,260.0
711,e6,n12,AdBrettPhos Pd G3 45,P2-t-Bu S18,598.0
712,e6,n12,DTBPF Pd G3 38,DBU 24,284.0
713,e6,n12,DTBPF Pd G3 38,MTBD 25,295.0
714,e6,n12,DTBPF Pd G3 38,BTMG 26,258.0
715,e6,n12,DTBPF Pd G3 38,BEMP 27,253.0
716,e6,n12,DTBPF Pd G3 38,BTTP 28,259.0
717,e6,n12,DTBPF Pd G3 38,P1-t-octyl S17,274.0
718,e6,n12,DTBPF Pd G3 38,P2Et 29,266.0
719,e6,n12,DTBPF Pd G3 38,P2-t-Bu S18,288.0
720,e6,n13,Xphos Pd G3 36,DBU 24,223.0
721,e6,n13,Xphos Pd G3 36,MTBD 25,229.0
722,e6,n13,Xphos Pd G3 36,BTMG 26,319.0
723,e6,n13,Xphos Pd G3 36,BEMP 27,327.0
724,e6,n13,Xphos Pd G3 36,BTTP 28,255.0
725,e6,n13,Xphos Pd G3 36,P1-t-octyl S17,220.0
726,e6,n13,Xphos Pd G3 36,P2Et 29,218.0
727,e6,n13,Xphos Pd G3 36,P2-t-Bu S18,217.0
728,e6,n13,tBuXPHOS Pd G3 42,DBU 24,219.0
729,e6,n13,tBuXPHOS Pd G3 42,MTBD 25,235.0
730,e6,n13,tBuXPHOS Pd G3 42,BTMG 26,276.0
731,e6,n13,tBuXPHOS Pd G3 42,BEMP 27,226.0
732,e6,n13,tBuXPHOS Pd G3 42,BTTP 28,241.0
733,e6,n13,tBuXPHOS Pd G3 42,P1-t-octyl S17,247.0
734,e6,n13,tBuXPHOS Pd G3 42,P2Et 29,952.0
735,e6,n13,tBuXPHOS Pd G3 42,P2-t-Bu S18,304.0
736,e6,n13,tBuBrettPhos Pd G3 43,DBU 24,299.0
737,e6,n13,tBuBrettPhos Pd G3 43,MTBD 25,399.0
738,e6,n13,tBuBrettPhos Pd G3 43,BTMG 26,243.0
739,e6,n13,tBuBrettPhos Pd G3 43,BEMP 27,234.0
740,e6,n13,tBuBrettPhos Pd G3 43,BTTP 28,230.0
741,e6,n13,tBuBrettPhos Pd G3 43,P1-t-octyl S17,227.0
742,e6,n13,tBuBrettPhos Pd G3 43,P2Et 29,796.0
743,e6,n13,tBuBrettPhos Pd G3 43,P2-t-Bu S18,272.0
744,e6,n13,RockPhos Pd G3 44,DBU 24,218.0
745,e6,n13,RockPhos Pd G3 44,MTBD 25,251.0
746,e6,n13,RockPhos Pd G3 44,BTMG 26,233.0
747,e6,n13,RockPhos Pd G3 44,BEMP 27,224.0
748,e6,n13,RockPhos Pd G3 44,BTTP 28,222.0
749,e6,n13,RockPhos Pd G3 44,P1-t-octyl S17,219.0
750,e6,n13,RockPhos Pd G3 44,P2Et 29,807.0
751,e6,n13,RockPhos Pd G3 44,P2-t-Bu S18,226.0
752,e6,n13,AdBrettPhos Pd G3 45,DBU 24,220.0
753,e6,n13,AdBrettPhos Pd G3 45,MTBD 25,245.0
754,e6,n13,AdBrettPhos Pd G3 45,BTMG 26,244.0
755,e6,n13,AdBrettPhos Pd G3 45,BEMP 27,219.0
756,e6,n13,AdBrettPhos Pd G3 45,BTTP 28,223.0
757,e6,n13,AdBrettPhos Pd G3 45,P1-t-octyl S17,219.0
758,e6,n13,AdBrettPhos Pd G3 45,P2Et 29,440.0
759,e6,n13,AdBrettPhos Pd G3 45,P2-t-Bu S18,221.0
760,e6,n13,DTBPF Pd G3 38,DBU 24,217.0
761,e6,n13,DTBPF Pd G3 38,MTBD 25,220.0
762,e6,n13,DTBPF Pd G3 38,BTMG 26,215.0
763,e6,n13,DTBPF Pd G3 38,BEMP 27,213.0
764,e6,n13,DTBPF Pd G3 38,BTTP 28,214.0
765,e6,n13,DTBPF Pd G3 38,P1-t-octyl S17,215.0
766,e6,n13,DTBPF Pd G3 38,P2Et 29,217.0
767,e6,n13,DTBPF Pd G3 38,P2-t-Bu S18,216.0
768,e6,n15,Xphos Pd G3 36,DBU 24,242.0
769,e6,n15,Xphos Pd G3 36,MTBD 25,245.0
770,e6,n15,Xphos Pd G3 36,BTMG 26,246.0
771,e6,n15,Xphos Pd G3 36,BEMP 27,250.0
772,e6,n15,Xphos Pd G3 36,BTTP 28,248.0
773,e6,n15,Xphos Pd G3 36,P1-t-octyl S17,274.0
774,e6,n15,Xphos Pd G3 36,P2Et 29,275.0
775,e6,n15,Xphos Pd G3 36,P2-t-Bu S18,258.0
776,e6,n15,tBuXPHOS Pd G3 42,DBU 24,237.0
777,e6,n15,tBuXPHOS Pd G3 42,MTBD 25,235.0
778,e6,n15,tBuXPHOS Pd G3 42,BTMG 26,248.0
779,e6,n15,tBuXPHOS Pd G3 42,BEMP 27,283.0
780,e6,n15,tBuXPHOS Pd G3 42,BTTP 28,305.0
781,e6,n15,tBuXPHOS Pd G3 42,P1-t-octyl S17,303.0
782,e6,n15,tBuXPHOS Pd G3 42,P2Et 29,729.0
783,e6,n15,tBuXPHOS Pd G3 42,P2-t-Bu S18,677.0
784,e6,n15,tBuBrettPhos Pd G3 43,DBU 24,401.0
785,e6,n15,tBuBrettPhos Pd G3 43,MTBD 25,372.0
786,e6,n15,tBuBrettPhos Pd G3 43,BTMG 26,379.0
787,e6,n15,tBuBrettPhos Pd G3 43,BEMP 27,379.0
788,e6,n15,tBuBrettPhos Pd G3 43,BTTP 28,395.0
789,e6,n15,tBuBrettPhos Pd G3 43,P1-t-octyl S17,348.0
790,e6,n15,tBuBrettPhos Pd G3 43,P2Et 29,1502.0
791,e6,n15,tBuBrettPhos Pd G3 43,P2-t-Bu S18,1306.0
792,e6,n15,RockPhos Pd G3 44,DBU 24,480.0
793,e6,n15,RockPhos Pd G3 44,MTBD 25,440.0
794,e6,n15,RockPhos Pd G3 44,BTMG 26,402.0
795,e6,n15,RockPhos Pd G3 44,BEMP 27,376.0
796,e6,n15,RockPhos Pd G3 44,BTTP 28,362.0
797,e6,n15,RockPhos Pd G3 44,P1-t-octyl S17,348.0
798,e6,n15,RockPhos Pd G3 44,P2Et 29,1340.0
799,e6,n15,RockPhos Pd G3 44,P2-t-Bu S18,1196.0
800,e6,n15,AdBrettPhos Pd G3 45,DBU 24,569.0
801,e6,n15,AdBrettPhos Pd G3 45,MTBD 25,488.0
802,e6,n15,AdBrettPhos Pd G3 45,BTMG 26,500.0
803,e6,n15,AdBrettPhos Pd G3 45,BEMP 27,490.0
804,e6,n15,AdBrettPhos Pd G3 45,BTTP 28,407.0
805,e6,n15,AdBrettPhos Pd G3 45,P1-t-octyl S17,368.0
806,e6,n15,AdBrettPhos Pd G3 45,P2Et 29,1541.0
807,e6,n15,AdBrettPhos Pd G3 45,P2-t-Bu S18,1301.0
808,e6,n15,DTBPF Pd G3 38,DBU 24,621.0
809,e6,n15,DTBPF Pd G3 38,MTBD 25,498.0
810,e6,n15,DTBPF Pd G3 38,BTMG 26,437.0
811,e6,n15,DTBPF Pd G3 38,BEMP 27,399.0
812,e6,n15,DTBPF Pd G3 38,BTTP 28,381.0
813,e6,n15,DTBPF Pd G3 38,P1-t-octyl S17,344.0
814,e6,n15,DTBPF Pd G3 38,P2Et 29,351.0
815,e6,n15,DTBPF Pd G3 38,P2-t-Bu S18,339.0
816,e6,n16,Xphos Pd G3 36,DBU 24,218.0
817,e6,n16,Xphos Pd G3 36,MTBD 25,217.0
818,e6,n16,Xphos Pd G3 36,BTMG 26,217.0
819,e6,n16,Xphos Pd G3 36,BEMP 27,217.0
820,e6,n16,Xphos Pd G3 36,BTTP 28,217.0
821,e6,n16,Xphos Pd G3 36,P1-t-octyl S17,218.0
822,e6,n16,Xphos Pd G3 36,P2Et 29,219.0
823,e6,n16,Xphos Pd G3 36,P2-t-Bu S18,217.0
824,e6,n16,tBuXPHOS Pd G3 42,DBU 24,217.0
825,e6,n16,tBuXPHOS Pd G3 42,MTBD 25,216.0
826,e6,n16,tBuXPHOS Pd G3 42,BTMG 26,216.0
827,e6,n16,tBuXPHOS Pd G3 42,BEMP 27,217.0
828,e6,n16,tBuXPHOS Pd G3 42,BTTP 28,222.0
829,e6,n16,tBuXPHOS Pd G3 42,P1-t-octyl S17,219.0
830,e6,n16,tBuXPHOS Pd G3 42,P2Et 29,262.0
831,e6,n16,tBuXPHOS Pd G3 42,P2-t-Bu S18,217.0
832,e6,n16,tBuBrettPhos Pd G3 43,DBU 24,217.0
833,e6,n16,tBuBrettPhos Pd G3 43,MTBD 25,218.0
834,e6,n16,tBuBrettPhos Pd G3 43,BTMG 26,222.0
835,e6,n16,tBuBrettPhos Pd G3 43,BEMP 27,219.0
836,e6,n16,tBuBrettPhos Pd G3 43,BTTP 28,220.0
837,e6,n16,tBuBrettPhos Pd G3 43,P1-t-octyl S17,221.0
838,e6,n16,tBuBrettPhos Pd G3 43,P2Et 29,261.0
839,e6,n16,tBuBrettPhos Pd G3 43,P2-t-Bu S18,230.0
840,e6,n16,RockPhos Pd G3 44,DBU 24,217.0
841,e6,n16,RockPhos Pd G3 44,MTBD 25,217.0
842,e6,n16,RockPhos Pd G3 44,BTMG 26,216.0
843,e6,n16,RockPhos Pd G3 44,BEMP 27,216.0
844,e6,n16,RockPhos Pd G3 44,BTTP 28,215.0
845,e6,n16,RockPhos Pd G3 44,P1-t-octyl S17,215.0
846,e6,n16,RockPhos Pd G3 44,P2Et 29,314.0
847,e6,n16,RockPhos Pd G3 44,P2-t-Bu S18,217.0
848,e6,n16,AdBrettPhos Pd G3 45,DBU 24,215.0
849,e6,n16,AdBrettPhos Pd G3 45,MTBD 25,216.0
850,e6,n16,AdBrettPhos Pd G3 45,BTMG 26,216.0
851,e6,n16,AdBrettPhos Pd G3 45,BEMP 27,216.0
852,e6,n16,AdBrettPhos Pd G3 45,BTTP 28,215.0
853,e6,n16,AdBrettPhos Pd G3 45,P1-t-octyl S17,216.0
854,e6,n16,AdBrettPhos Pd G3 45,P2Et 29,216.0
855,e6,n16,AdBrettPhos Pd G3 45,P2-t-Bu S18,217.0
856,e6,n16,DTBPF Pd G3 38,DBU 24,217.0
857,e6,n16,DTBPF Pd G3 38,MTBD 25,216.0
858,e6,n16,DTBPF Pd G3 38,BTMG 26,216.0
859,e6,n16,DTBPF Pd G3 38,BEMP 27,218.0
860,e6,n16,DTBPF Pd G3 38,BTTP 28,218.0
861,e6,n16,DTBPF Pd G3 38,P1-t-octyl S17,219.0
862,e6,n16,DTBPF Pd G3 38,P2Et 29,219.0
863,e6,n16,DTBPF Pd G3 38,P2-t-Bu S18,222.0
864,e6,n20,Xphos Pd G3 36,DBU 24,230.0
865,e6,n20,Xphos Pd G3 36,MTBD 25,234.0
866,e6,n20,Xphos Pd G3 36,BTMG 26,235.0
867,e6,n20,Xphos Pd G3 36,BEMP 27,234.0
868,e6,n20,Xphos Pd G3 36,BTTP 28,227.0
869,e6,n20,Xphos Pd G3 36,P1-t-octyl S17,243.0
870,e6,n20,Xphos Pd G3 36,P2Et 29,228.0
871,e6,n20,Xphos Pd G3 36,P2-t-Bu S18,227.0
872,e6,n20,tBuXPHOS Pd G3 42,DBU 24,371.0
873,e6,n20,tBuXPHOS Pd G3 42,MTBD 25,384.0
874,e6,n20,tBuXPHOS Pd G3 42,BTMG 26,357.0
875,e6,n20,tBuXPHOS Pd G3 42,BEMP 27,489.0
876,e6,n20,tBuXPHOS Pd G3 42,BTTP 28,492.0
877,e6,n20,tBuXPHOS Pd G3 42,P1-t-octyl S17,498.0
878,e6,n20,tBuXPHOS Pd G3 42,P2Et 29,376.0
879,e6,n20,tBuXPHOS Pd G3 42,P2-t-Bu S18,461.0
880,e6,n20,tBuBrettPhos Pd G3 43,DBU 24,258.0
881,e6,n20,tBuBrettPhos Pd G3 43,MTBD 25,235.0
882,e6,n20,tBuBrettPhos Pd G3 43,BTMG 26,298.0
883,e6,n20,tBuBrettPhos Pd G3 43,BEMP 27,301.0
884,e6,n20,tBuBrettPhos Pd G3 43,BTTP 28,299.0
885,e6,n20,tBuBrettPhos Pd G3 43,P1-t-octyl S17,293.0
886,e6,n20,tBuBrettPhos Pd G3 43,P2Et 29,290.0
887,e6,n20,tBuBrettPhos Pd G3 43,P2-t-Bu S18,293.0
888,e6,n20,RockPhos Pd G3 44,DBU 24,300.0
889,e6,n20,RockPhos Pd G3 44,MTBD 25,223.0
890,e6,n20,RockPhos Pd G3 44,BTMG 26,224.0
891,e6,n20,RockPhos Pd G3 44,BEMP 27,227.0
892,e6,n20,RockPhos Pd G3 44,BTTP 28,229.0
893,e6,n20,RockPhos Pd G3 44,P1-t-octyl S17,231.0
894,e6,n20,RockPhos Pd G3 44,P2Et 29,373.0
895,e6,n20,RockPhos Pd G3 44,P2-t-Bu S18,250.0
896,e6,n20,AdBrettPhos Pd G3 45,DBU 24,229.0
897,e6,n20,AdBrettPhos Pd G3 45,MTBD 25,214.0
898,e6,n20,AdBrettPhos Pd G3 45,BTMG 26,209.0
899,e6,n20,AdBrettPhos Pd G3 45,BEMP 27,209.0
900,e6,n20,AdBrettPhos Pd G3 45,BTTP 28,210.0
901,e6,n20,AdBrettPhos Pd G3 45,P1-t-octyl S17,214.0
902,e6,n20,AdBrettPhos Pd G3 45,P2Et 29,250.0
903,e6,n20,AdBrettPhos Pd G3 45,P2-t-Bu S18,221.0
904,e6,n20,DTBPF Pd G3 38,DBU 24,216.0
905,e6,n20,DTBPF Pd G3 38,MTBD 25,215.0
906,e6,n20,DTBPF Pd G3 38,BTMG 26,215.0
907,e6,n20,DTBPF Pd G3 38,BEMP 27,214.0
908,e6,n20,DTBPF Pd G3 38,BTTP 28,217.0
909,e6,n20,DTBPF Pd G3 38,P1-t-octyl S17,210.0
910,e6,n20,DTBPF Pd G3 38,P2Et 29,220.0
911,e6,n20,DTBPF Pd G3 38,P2-t-Bu S18,219.0
912,e6,n19,Xphos Pd G3 36,DBU 24,264.0
913,e6,n19,Xphos Pd G3 36,MTBD 25,465.0
914,e6,n19,Xphos Pd G3 36,BTMG 26,298.0
915,e6,n19,Xphos Pd G3 36,BEMP 27,228.0
916,e6,n19,Xphos Pd G3 36,BTTP 28,228.0
917,e6,n19,Xphos Pd G3 36,P1-t-octyl S17,223.0
918,e6,n19,Xphos Pd G3 36,P2Et 29,343.0
919,e6,n19,Xphos Pd G3 36,P2-t-Bu S18,231.0
920,e6,n19,tBuXPHOS Pd G3 42,DBU 24,246.0
921,e6,n19,tBuXPHOS Pd G3 42,MTBD 25,284.0
922,e6,n19,tBuXPHOS Pd G3 42,BTMG 26,366.0
923,e6,n19,tBuXPHOS Pd G3 42,BEMP 27,319.0
924,e6,n19,tBuXPHOS Pd G3 42,BTTP 28,287.0
925,e6,n19,tBuXPHOS Pd G3 42,P1-t-octyl S17,270.0
926,e6,n19,tBuXPHOS Pd G3 42,P2Et 29,349.0
927,e6,n19,tBuXPHOS Pd G3 42,P2-t-Bu S18,294.0
928,e6,n19,tBuBrettPhos Pd G3 43,DBU 24,236.0
929,e6,n19,tBuBrettPhos Pd G3 43,MTBD 25,269.0
930,e6,n19,tBuBrettPhos Pd G3 43,BTMG 26,268.0
931,e6,n19,tBuBrettPhos Pd G3 43,BEMP 27,242.0
932,e6,n19,tBuBrettPhos Pd G3 43,BTTP 28,253.0
933,e6,n19,tBuBrettPhos Pd G3 43,P1-t-octyl S17,250.0
934,e6,n19,tBuBrettPhos Pd G3 43,P2Et 29,251.0
935,e6,n19,tBuBrettPhos Pd G3 43,P2-t-Bu S18,351.0
936,e6,n19,RockPhos Pd G3 44,DBU 24,246.0
937,e6,n19,RockPhos Pd G3 44,MTBD 25,276.0
938,e6,n19,RockPhos Pd G3 44,BTMG 26,248.0
939,e6,n19,RockPhos Pd G3 44,BEMP 27,235.0
940,e6,n19,RockPhos Pd G3 44,BTTP 28,238.0
941,e6,n19,RockPhos Pd G3 44,P1-t-octyl S17,231.0
942,e6,n19,RockPhos Pd G3 44,P2Et 29,279.0
943,e6,n19,RockPhos Pd G3 44,P2-t-Bu S18,236.0
944,e6,n19,AdBrettPhos Pd G3 45,DBU 24,227.0
945,e6,n19,AdBrettPhos Pd G3 45,MTBD 25,235.0
946,e6,n19,AdBrettPhos Pd G3 45,BTMG 26,238.0
947,e6,n19,AdBrettPhos Pd G3 45,BEMP 27,234.0
948,e6,n19,AdBrettPhos Pd G3 45,BTTP 28,234.0
949,e6,n19,AdBrettPhos Pd G3 45,P1-t-octyl S17,230.0
950,e6,n19,AdBrettPhos Pd G3 45,P2Et 29,223.0
951,e6,n19,AdBrettPhos Pd G3 45,P2-t-Bu S18,234.0
952,e6,n19,DTBPF Pd G3 38,DBU 24,220.0
953,e6,n19,DTBPF Pd G3 38,MTBD 25,219.0
954,e6,n19,DTBPF Pd G3 38,BTMG 26,223.0
955,e6,n19,DTBPF Pd G3 38,BEMP 27,220.0
956,e6,n19,DTBPF Pd G3 38,BTTP 28,223.0
957,e6,n19,DTBPF Pd G3 38,P1-t-octyl S17,220.0
958,e6,n19,DTBPF Pd G3 38,P2Et 29,222.0
959,e6,n19,DTBPF Pd G3 38,P2-t-Bu S18,225.0
960,e7,n9,Xphos Pd G3 36,DBU 24,260.0
961,e7,n9,Xphos Pd G3 36,MTBD 25,328.0
962,e7,n9,Xphos Pd G3 36,BTMG 26,313.0
963,e7,n9,Xphos Pd G3 36,BEMP 27,300.0
964,e7,n9,Xphos Pd G3 36,BTTP 28,300.0
965,e7,n9,Xphos Pd G3 36,P1-t-octyl S17,284.0
966,e7,n9,Xphos Pd G3 36,P2Et 29,241.0
967,e7,n9,Xphos Pd G3 36,P2-t-Bu S18,274.0
968,e7,n9,tBuXPHOS Pd G3 42,DBU 24,331.0
969,e7,n9,tBuXPHOS Pd G3 42,MTBD 25,549.0
970,e7,n9,tBuXPHOS Pd G3 42,BTMG 26,1211.0
971,e7,n9,tBuXPHOS Pd G3 42,BEMP 27,483.0
972,e7,n9,tBuXPHOS Pd G3 42,BTTP 28,427.0
973,e7,n9,tBuXPHOS Pd G3 42,P1-t-octyl S17,312.0
974,e7,n9,tBuXPHOS Pd G3 42,P2Et 29,254.0
975,e7,n9,tBuXPHOS Pd G3 42,P2-t-Bu S18,331.0
976,e7,n9,tBuBrettPhos Pd G3 43,DBU 24,278.0
977,e7,n9,tBuBrettPhos Pd G3 43,MTBD 25,293.0
978,e7,n9,tBuBrettPhos Pd G3 43,BTMG 26,299.0
979,e7,n9,tBuBrettPhos Pd G3 43,BEMP 27,288.0
980,e7,n9,tBuBrettPhos Pd G3 43,BTTP 28,307.0
981,e7,n9,tBuBrettPhos Pd G3 43,P1-t-octyl S17,332.0
982,e7,n9,tBuBrettPhos Pd G3 43,P2Et 29,292.0
983,e7,n9,tBuBrettPhos Pd G3 43,P2-t-Bu S18,264.0
984,e7,n9,RockPhos Pd G3 44,DBU 24,283.0
985,e7,n9,RockPhos Pd G3 44,MTBD 25,278.0
986,e7,n9,RockPhos Pd G3 44,BTMG 26,262.0
987,e7,n9,RockPhos Pd G3 44,BEMP 27,244.0
988,e7,n9,RockPhos Pd G3 44,BTTP 28,248.0
989,e7,n9,RockPhos Pd G3 44,P1-t-octyl S17,265.0
990,e7,n9,RockPhos Pd G3 44,P2Et 29,237.0
991,e7,n9,RockPhos Pd G3 44,P2-t-Bu S18,246.0
992,e7,n9,AdBrettPhos Pd G3 45,DBU 24,256.0
993,e7,n9,AdBrettPhos Pd G3 45,MTBD 25,282.0
994,e7,n9,AdBrettPhos Pd G3 45,BTMG 26,264.0
995,e7,n9,AdBrettPhos Pd G3 45,BEMP 27,261.0
996,e7,n9,AdBrettPhos Pd G3 45,BTTP 28,241.0
997,e7,n9,AdBrettPhos Pd G3 45,P1-t-octyl S17,257.0
998,e7,n9,AdBrettPhos Pd G3 45,P2Et 29,228.0
999,e7,n9,AdBrettPhos Pd G3 45,P2-t-Bu S18,247.0
1000,e7,n9,DTBPF Pd G3 38,DBU 24,249.0
1001,e7,n9,DTBPF Pd G3 38,MTBD 25,274.0
1002,e7,n9,DTBPF Pd G3 38,BTMG 26,246.0
1003,e7,n9,DTBPF Pd G3 38,BEMP 27,252.0
1004,e7,n9,DTBPF Pd G3 38,BTTP 28,259.0
1005,e7,n9,DTBPF Pd G3 38,P1-t-octyl S17,242.0
1006,e7,n9,DTBPF Pd G3 38,P2Et 29,256.0
1007,e7,n9,DTBPF Pd G3 38,P2-t-Bu S18,332.0
1008,e7,n10,Xphos Pd G3 36,DBU 24,220.0
1009,e7,n10,Xphos Pd G3 36,MTBD 25,221.0
1010,e7,n10,Xphos Pd G3 36,BTMG 26,219.0
1011,e7,n10,Xphos Pd G3 36,BEMP 27,219.0
1012,e7,n10,Xphos Pd G3 36,BTTP 28,218.0
1013,e7,n10,Xphos Pd G3 36,P1-t-octyl S17,218.0
1014,e7,n10,Xphos Pd G3 36,P2Et 29,218.0
1015,e7,n10,Xphos Pd G3 36,P2-t-Bu S18,218.0
1016,e7,n10,tBuXPHOS Pd G3 42,DBU 24,230.0
1017,e7,n10,tBuXPHOS Pd G3 42,MTBD 25,257.0
1018,e7,n10,tBuXPHOS Pd G3 42,BTMG 26,283.0
1019,e7,n10,tBuXPHOS Pd G3 42,BEMP 27,218.0
1020,e7,n10,tBuXPHOS Pd G3 42,BTTP 28,225.0
1021,e7,n10,tBuXPHOS Pd G3 42,P1-t-octyl S17,219.0
1022,e7,n10,tBuXPHOS Pd G3 42,P2Et 29,222.0
1023,e7,n10,tBuXPHOS Pd G3 42,P2-t-Bu S18,227.0
1024,e7,n10,tBuBrettPhos Pd G3 43,DBU 24,252.0
1025,e7,n10,tBuBrettPhos Pd G3 43,MTBD 25,415.0
1026,e7,n10,tBuBrettPhos Pd G3 43,BTMG 26,339.0
1027,e7,n10,tBuBrettPhos Pd G3 43,BEMP 27,223.0
1028,e7,n10,tBuBrettPhos Pd G3 43,BTTP 28,225.0
1029,e7,n10,tBuBrettPhos Pd G3 43,P1-t-octyl S17,222.0
1030,e7,n10,tBuBrettPhos Pd G3 43,P2Et 29,223.0
1031,e7,n10,tBuBrettPhos Pd G3 43,P2-t-Bu S18,219.0
1032,e7,n10,RockPhos Pd G3 44,DBU 24,309.0
1033,e7,n10,RockPhos Pd G3 44,MTBD 25,674.0
1034,e7,n10,RockPhos Pd G3 44,BTMG 26,285.0
1035,e7,n10,RockPhos Pd G3 44,BEMP 27,219.0
1036,e7,n10,RockPhos Pd G3 44,BTTP 28,219.0
1037,e7,n10,RockPhos Pd G3 44,P1-t-octyl S17,219.0
1038,e7,n10,RockPhos Pd G3 44,P2Et 29,219.0
1039,e7,n10,RockPhos Pd G3 44,P2-t-Bu S18,218.0
1040,e7,n10,AdBrettPhos Pd G3 45,DBU 24,228.0
1041,e7,n10,AdBrettPhos Pd G3 45,MTBD 25,270.0
1042,e7,n10,AdBrettPhos Pd G3 45,BTMG 26,241.0
1043,e7,n10,AdBrettPhos Pd G3 45,BEMP 27,219.0
1044,e7,n10,AdBrettPhos Pd G3 45,BTTP 28,218.0
1045,e7,n10,AdBrettPhos Pd G3 45,P1-t-octyl S17,218.0
1046,e7,n10,AdBrettPhos Pd G3 45,P2Et 29,218.0
1047,e7,n10,AdBrettPhos Pd G3 45,P2-t-Bu S18,218.0
1048,e7,n10,DTBPF Pd G3 38,DBU 24,217.0
1049,e7,n10,DTBPF Pd G3 38,MTBD 25,218.0
1050,e7,n10,DTBPF Pd G3 38,BTMG 26,217.0
1051,e7,n10,DTBPF Pd G3 38,BEMP 27,216.0
1052,e7,n10,DTBPF Pd G3 38,BTTP 28,217.0
1053,e7,n10,DTBPF Pd G3 38,P1-t-octyl S17,217.0
1054,e7,n10,DTBPF Pd G3 38,P2Et 29,217.0
1055,e7,n10,DTBPF Pd G3 38,P2-t-Bu S18,216.0
1056,e7,n13,Xphos Pd G3 36,DBU 24,228.0
1057,e7,n13,Xphos Pd G3 36,MTBD 25,260.0
1058,e7,n13,Xphos Pd G3 36,BTMG 26,241.0
1059,e7,n13,Xphos Pd G3 36,BEMP 27,253.0
1060,e7,n13,Xphos Pd G3 36,BTTP 28,250.0
1061,e7,n13,Xphos Pd G3 36,P1-t-octyl S17,250.0
1062,e7,n13,Xphos Pd G3 36,P2Et 29,255.0
1063,e7,n13,Xphos Pd G3 36,P2-t-Bu S18,237.0
1064,e7,n13,tBuXPHOS Pd G3 42,DBU 24,259.0
1065,e7,n13,tBuXPHOS Pd G3 42,MTBD 25,393.0
1066,e7,n13,tBuXPHOS Pd G3 42,BTMG 26,449.0
1067,e7,n13,tBuXPHOS Pd G3 42,BEMP 27,306.0
1068,e7,n13,tBuXPHOS Pd G3 42,BTTP 28,408.0
1069,e7,n13,tBuXPHOS Pd G3 42,P1-t-octyl S17,262.0
1070,e7,n13,tBuXPHOS Pd G3 42,P2Et 29,1043.0
1071,e7,n13,tBuXPHOS Pd G3 42,P2-t-Bu S18,297.0
1072,e7,n13,tBuBrettPhos Pd G3 43,DBU 24,446.0
1073,e7,n13,tBuBrettPhos Pd G3 43,MTBD 25,475.0
1074,e7,n13,tBuBrettPhos Pd G3 43,BTMG 26,463.0
1075,e7,n13,tBuBrettPhos Pd G3 43,BEMP 27,417.0
1076,e7,n13,tBuBrettPhos Pd G3 43,BTTP 28,393.0
1077,e7,n13,tBuBrettPhos Pd G3 43,P1-t-octyl S17,265.0
1078,e7,n13,tBuBrettPhos Pd G3 43,P2Et 29,245.0
1079,e7,n13,tBuBrettPhos Pd G3 43,P2-t-Bu S18,358.0
1080,e7,n13,RockPhos Pd G3 44,DBU 24,333.0
1081,e7,n13,RockPhos Pd G3 44,MTBD 25,349.0
1082,e7,n13,RockPhos Pd G3 44,BTMG 26,276.0
1083,e7,n13,RockPhos Pd G3 44,BEMP 27,228.0
1084,e7,n13,RockPhos Pd G3 44,BTTP 28,242.0
1085,e7,n13,RockPhos Pd G3 44,P1-t-octyl S17,229.0
1086,e7,n13,RockPhos Pd G3 44,P2Et 29,228.0
1087,e7,n13,RockPhos Pd G3 44,P2-t-Bu S18,249.0
1088,e7,n13,AdBrettPhos Pd G3 45,DBU 24,249.0
1089,e7,n13,AdBrettPhos Pd G3 45,MTBD 25,289.0
1090,e7,n13,AdBrettPhos Pd G3 45,BTMG 26,242.0
1091,e7,n13,AdBrettPhos Pd G3 45,BEMP 27,229.0
1092,e7,n13,AdBrettPhos Pd G3 45,BTTP 28,224.0
1093,e7,n13,AdBrettPhos Pd G3 45,P1-t-octyl S17,224.0
1094,e7,n13,AdBrettPhos Pd G3 45,P2Et 29,224.0
1095,e7,n13,AdBrettPhos Pd G3 45,P2-t-Bu S18,233.0
1096,e7,n13,DTBPF Pd G3 38,DBU 24,226.0
1097,e7,n13,DTBPF Pd G3 38,MTBD 25,226.0
1098,e7,n13,DTBPF Pd G3 38,BTMG 26,228.0
1099,e7,n13,DTBPF Pd G3 38,BEMP 27,229.0
1100,e7,n13,DTBPF Pd G3 38,BTTP 28,230.0
1101,e7,n13,DTBPF Pd G3 38,P1-t-octyl S17,231.0
1102,e7,n13,DTBPF Pd G3 38,P2Et 29,232.0
1103,e7,n13,DTBPF Pd G3 38,P2-t-Bu S18,241.0
1104,e7,n15,Xphos Pd G3 36,DBU 24,268.0
1105,e7,n15,Xphos Pd G3 36,MTBD 25,246.0
1106,e7,n15,Xphos Pd G3 36,BTMG 26,261.0
1107,e7,n15,Xphos Pd G3 36,BEMP 27,278.0
1108,e7,n15,Xphos Pd G3 36,BTTP 28,263.0
1109,e7,n15,Xphos Pd G3 36,P1-t-octyl S17,261.0
1110,e7,n15,Xphos Pd G3 36,P2Et 29,249.0
1111,e7,n15,Xphos Pd G3 36,P2-t-Bu S18,256.0
1112,e7,n15,tBuXPHOS Pd G3 42,DBU 24,307.0
1113,e7,n15,tBuXPHOS Pd G3 42,MTBD 25,273.0
1114,e7,n15,tBuXPHOS Pd G3 42,BTMG 26,283.0
1115,e7,n15,tBuXPHOS Pd G3 42,BEMP 27,321.0
1116,e7,n15,tBuXPHOS Pd G3 42,BTTP 28,266.0
1117,e7,n15,tBuXPHOS Pd G3 42,P1-t-octyl S17,282.0
1118,e7,n15,tBuXPHOS Pd G3 42,P2Et 29,260.0
1119,e7,n15,tBuXPHOS Pd G3 42,P2-t-Bu S18,286.0
1120,e7,n15,tBuBrettPhos Pd G3 43,DBU 24,270.0
1121,e7,n15,tBuBrettPhos Pd G3 43,MTBD 25,300.0
1122,e7,n15,tBuBrettPhos Pd G3 43,BTMG 26,358.0
1123,e7,n15,tBuBrettPhos Pd G3 43,BEMP 27,337.0
1124,e7,n15,tBuBrettPhos Pd G3 43,BTTP 28,539.0
1125,e7,n15,tBuBrettPhos Pd G3 43,P1-t-octyl S17,474.0
1126,e7,n15,tBuBrettPhos Pd G3 43,P2Et 29,688.0
1127,e7,n15,tBuBrettPhos Pd G3 43,P2-t-Bu S18,700.0
1128,e7,n15,RockPhos Pd G3 44,DBU 24,276.0
1129,e7,n15,RockPhos Pd G3 44,MTBD 25,362.0
1130,e7,n15,RockPhos Pd G3 44,BTMG 26,312.0
1131,e7,n15,RockPhos Pd G3 44,BEMP 27,310.0
1132,e7,n15,RockPhos Pd G3 44,BTTP 28,248.0
1133,e7,n15,RockPhos Pd G3 44,P1-t-octyl S17,251.0
1134,e7,n15,RockPhos Pd G3 44,P2Et 29,255.0
1135,e7,n15,RockPhos Pd G3 44,P2-t-Bu S18,245.0
1136,e7,n15,AdBrettPhos Pd G3 45,DBU 24,262.0
1137,e7,n15,AdBrettPhos Pd G3 45,MTBD 25,296.0
1138,e7,n15,AdBrettPhos Pd G3 45,BTMG 26,292.0
1139,e7,n15,AdBrettPhos Pd G3 45,BEMP 27,292.0
1140,e7,n15,AdBrettPhos Pd G3 45,BTTP 28,261.0
1141,e7,n15,AdBrettPhos Pd G3 45,P1-t-octyl S17,258.0
1142,e7,n15,AdBrettPhos Pd G3 45,P2Et 29,261.0
1143,e7,n15,AdBrettPhos Pd G3 45,P2-t-Bu S18,288.0
1144,e7,n15,DTBPF Pd G3 38,DBU 24,257.0
1145,e7,n15,DTBPF Pd G3 38,MTBD 25,288.0
1146,e7,n15,DTBPF Pd G3 38,BTMG 26,298.0
1147,e7,n15,DTBPF Pd G3 38,BEMP 27,301.0
1148,e7,n15,DTBPF Pd G3 38,BTTP 28,391.0
1149,e7,n15,DTBPF Pd G3 38,P1-t-octyl S17,374.0
1150,e7,n15,DTBPF Pd G3 38,P2Et 29,446.0
1151,e7,n15,DTBPF Pd G3 38,P2-t-Bu S18,319.0
1152,e7,n16,Xphos Pd G3 36,DBU 24,311.0
1153,e7,n16,Xphos Pd G3 36,MTBD 25,307.0
1154,e7,n16,Xphos Pd G3 36,BTMG 26,326.0
1155,e7,n16,Xphos Pd G3 36,BEMP 27,348.0
1156,e7,n16,Xphos Pd G3 36,BTTP 28,309.0
1157,e7,n16,Xphos Pd G3 36,P1-t-octyl S17,358.0
1158,e7,n16,Xphos Pd G3 36,P2Et 29,404.0
1159,e7,n16,Xphos Pd G3 36,P2-t-Bu S18,319.0
1160,e7,n16,tBuXPHOS Pd G3 42,DBU 24,263.0
1161,e7,n16,tBuXPHOS Pd G3 42,MTBD 25,320.0
1162,e7,n16,tBuXPHOS Pd G3 42,BTMG 26,381.0
1163,e7,n16,tBuXPHOS Pd G3 42,BEMP 27,317.0
1164,e7,n16,tBuXPHOS Pd G3 42,BTTP 28,395.0
1165,e7,n16,tBuXPHOS Pd G3 42,P1-t-octyl S17,272.0
1166,e7,n16,tBuXPHOS Pd G3 42,P2Et 29,240.0
1167,e7,n16,tBuXPHOS Pd G3 42,P2-t-Bu S18,261.0
1168,e7,n16,tBuBrettPhos Pd G3 43,DBU 24,278.0
1169,e7,n16,tBuBrettPhos Pd G3 43,MTBD 25,924.0
1170,e7,n16,tBuBrettPhos Pd G3 43,BTMG 26,1156.0
1171,e7,n16,tBuBrettPhos Pd G3 43,BEMP 27,271.0
1172,e7,n16,tBuBrettPhos Pd G3 43,BTTP 28,2002.0
1173,e7,n16,tBuBrettPhos Pd G3 43,P1-t-octyl S17,270.0
1174,e7,n16,tBuBrettPhos Pd G3 43,P2Et 29,264.0
1175,e7,n16,tBuBrettPhos Pd G3 43,P2-t-Bu S18,470.0
1176,e7,n16,RockPhos Pd G3 44,DBU 24,287.0
1177,e7,n16,RockPhos Pd G3 44,MTBD 25,534.0
1178,e7,n16,RockPhos Pd G3 44,BTMG 26,385.0
1179,e7,n16,RockPhos Pd G3 44,BEMP 27,272.0
1180,e7,n16,RockPhos Pd G3 44,BTTP 28,269.0
1181,e7,n16,RockPhos Pd G3 44,P1-t-octyl S17,239.0
1182,e7,n16,RockPhos Pd G3 44,P2Et 29,243.0
1183,e7,n16,RockPhos Pd G3 44,P2-t-Bu S18,267.0
1184,e7,n16,AdBrettPhos Pd G3 45,DBU 24,248.0
1185,e7,n16,AdBrettPhos Pd G3 45,MTBD 25,328.0
1186,e7,n16,AdBrettPhos Pd G3 45,BTMG 26,411.0
1187,e7,n16,AdBrettPhos Pd G3 45,BEMP 27,233.0
1188,e7,n16,AdBrettPhos Pd G3 45,BTTP 28,753.0
1189,e7,n16,AdBrettPhos Pd G3 45,P1-t-octyl S17,240.0
1190,e7,n16,AdBrettPhos Pd G3 45,P2Et 29,246.0
1191,e7,n16,AdBrettPhos Pd G3 45,P2-t-Bu S18,289.0
1192,e7,n16,DTBPF Pd G3 38,DBU 24,247.0
1193,e7,n16,DTBPF Pd G3 38,MTBD 25,246.0
1194,e7,n16,DTBPF Pd G3 38,BTMG 26,251.0
1195,e7,n16,DTBPF Pd G3 38,BEMP 27,255.0
1196,e7,n16,DTBPF Pd G3 38,BTTP 28,263.0
1197,e7,n16,DTBPF Pd G3 38,P1-t-octyl S17,262.0
1198,e7,n16,DTBPF Pd G3 38,P2Et 29,255.0
1199,e7,n16,DTBPF Pd G3 38,P2-t-Bu S18,256.0
1200,e7,n17,Xphos Pd G3 36,DBU 24,431.0
1201,e7,n17,Xphos Pd G3 36,MTBD 25,474.0
1202,e7,n17,Xphos Pd G3 36,BTMG 26,397.0
1203,e7,n17,Xphos Pd G3 36,BEMP 27,383.0
1204,e7,n17,Xphos Pd G3 36,BTTP 28,386.0
1205,e7,n17,Xphos Pd G3 36,P1-t-octyl S17,379.0
1206,e7,n17,Xphos Pd G3 36,P2Et 29,369.0
1207,e7,n17,Xphos Pd G3 36,P2-t-Bu S18,365.0
1208,e7,n17,tBuXPHOS Pd G3 42,DBU 24,359.0
1209,e7,n17,tBuXPHOS Pd G3 42,MTBD 25,365.0
1210,e7,n17,tBuXPHOS Pd G3 42,BTMG 26,506.0
1211,e7,n17,tBuXPHOS Pd G3 42,BEMP 27,416.0
1212,e7,n17,tBuXPHOS Pd G3 42,BTTP 28,379.0
1213,e7,n17,tBuXPHOS Pd G3 42,P1-t-octyl S17,334.0
1214,e7,n17,tBuXPHOS Pd G3 42,P2Et 29,332.0
1215,e7,n17,tBuXPHOS Pd G3 42,P2-t-Bu S18,363.0
1216,e7,n17,tBuBrettPhos Pd G3 43,DBU 24,346.0
1217,e7,n17,tBuBrettPhos Pd G3 43,MTBD 25,535.0
1218,e7,n17,tBuBrettPhos Pd G3 43,BTMG 26,726.0
1219,e7,n17,tBuBrettPhos Pd G3 43,BEMP 27,516.0
1220,e7,n17,tBuBrettPhos Pd G3 43,BTTP 28,307.0
1221,e7,n17,tBuBrettPhos Pd G3 43,P1-t-octyl S17,360.0
1222,e7,n17,tBuBrettPhos Pd G3 43,P2Et 29,307.0
1223,e7,n17,tBuBrettPhos Pd G3 43,P2-t-Bu S18,329.0
1224,e7,n17,RockPhos Pd G3 44,DBU 24,365.0
1225,e7,n17,RockPhos Pd G3 44,MTBD 25,538.0
1226,e7,n17,RockPhos Pd G3 44,BTMG 26,461.0
1227,e7,n17,RockPhos Pd G3 44,BEMP 27,481.0
1228,e7,n17,RockPhos Pd G3 44,BTTP 28,364.0
1229,e7,n17,RockPhos Pd G3 44,P1-t-octyl S17,298.0
1230,e7,n17,RockPhos Pd G3 44,P2Et 29,285.0
1231,e7,n17,RockPhos Pd G3 44,P2-t-Bu S18,301.0
1232,e7,n17,AdBrettPhos Pd G3 45,DBU 24,284.0
1233,e7,n17,AdBrettPhos Pd G3 45,MTBD 25,359.0
1234,e7,n17,AdBrettPhos Pd G3 45,BTMG 26,361.0
1235,e7,n17,AdBrettPhos Pd G3 45,BEMP 27,337.0
1236,e7,n17,AdBrettPhos Pd G3 45,BTTP 28,313.0
1237,e7,n17,AdBrettPhos Pd G3 45,P1-t-octyl S17,282.0
1238,e7,n17,AdBrettPhos Pd G3 45,P2Et 29,275.0
1239,e7,n17,AdBrettPhos Pd G3 45,P2-t-Bu S18,287.0
1240,e7,n17,DTBPF Pd G3 38,DBU 24,274.0
1241,e7,n17,DTBPF Pd G3 38,MTBD 25,278.0
1242,e7,n17,DTBPF Pd G3 38,BTMG 26,276.0
1243,e7,n17,DTBPF Pd G3 38,BEMP 27,273.0
1244,e7,n17,DTBPF Pd G3 38,BTTP 28,273.0
1245,e7,n17,DTBPF Pd G3 38,P1-t-octyl S17,272.0
1246,e7,n17,DTBPF Pd G3 38,P2Et 29,271.0
1247,e7,n17,DTBPF Pd G3 38,P2-t-Bu S18,268.0
1248,e7,n20,Xphos Pd G3 36,DBU 24,757.0
1249,e7,n20,Xphos Pd G3 36,MTBD 25,382.0
1250,e7,n20,Xphos Pd G3 36,BTMG 26,333.0
1251,e7,n20,Xphos Pd G3 36,BEMP 27,313.0
1252,e7,n20,Xphos Pd G3 36,BTTP 28,332.0
1253,e7,n20,Xphos Pd G3 36,P1-t-octyl S17,312.0
1254,e7,n20,Xphos Pd G3 36,P2Et 29,323.0
1255,e7,n20,Xphos Pd G3 36,P2-t-Bu S18,349.0
1256,e7,n20,tBuXPHOS Pd G3 42,DBU 24,484.0
1257,e7,n20,tBuXPHOS Pd G3 42,MTBD 25,391.0
1258,e7,n20,tBuXPHOS Pd G3 42,BTMG 26,468.0
1259,e7,n20,tBuXPHOS Pd G3 42,BEMP 27,448.0
1260,e7,n20,tBuXPHOS Pd G3 42,BTTP 28,411.0
1261,e7,n20,tBuXPHOS Pd G3 42,P1-t-octyl S17,344.0
1262,e7,n20,tBuXPHOS Pd G3 42,P2Et 29,327.0
1263,e7,n20,tBuXPHOS Pd G3 42,P2-t-Bu S18,325.0
1264,e7,n20,tBuBrettPhos Pd G3 43,DBU 24,513.0
1265,e7,n20,tBuBrettPhos Pd G3 43,MTBD 25,551.0
1266,e7,n20,tBuBrettPhos Pd G3 43,BTMG 26,794.0
1267,e7,n20,tBuBrettPhos Pd G3 43,BEMP 27,857.0
1268,e7,n20,tBuBrettPhos Pd G3 43,BTTP 28,353.0
1269,e7,n20,tBuBrettPhos Pd G3 43,P1-t-octyl S17,453.0
1270,e7,n20,tBuBrettPhos Pd G3 43,P2Et 29,321.0
1271,e7,n20,tBuBrettPhos Pd G3 43,P2-t-Bu S18,383.0
1272,e7,n20,RockPhos Pd G3 44,DBU 24,1121.0
1273,e7,n20,RockPhos Pd G3 44,MTBD 25,1026.0
1274,e7,n20,RockPhos Pd G3 44,BTMG 26,677.0
1275,e7,n20,RockPhos Pd G3 44,BEMP 27,765.0
1276,e7,n20,RockPhos Pd G3 44,BTTP 28,533.0
1277,e7,n20,RockPhos Pd G3 44,P1-t-octyl S17,344.0
1278,e7,n20,RockPhos Pd G3 44,P2Et 29,343.0
1279,e7,n20,RockPhos Pd G3 44,P2-t-Bu S18,387.0
1280,e7,n20,AdBrettPhos Pd G3 45,DBU 24,510.0
1281,e7,n20,AdBrettPhos Pd G3 45,MTBD 25,517.0
1282,e7,n20,AdBrettPhos Pd G3 45,BTMG 26,727.0
1283,e7,n20,AdBrettPhos Pd G3 45,BEMP 27,651.0
1284,e7,n20,AdBrettPhos Pd G3 45,BTTP 28,580.0
1285,e7,n20,AdBrettPhos Pd G3 45,P1-t-octyl S17,347.0
1286,e7,n20,AdBrettPhos Pd G3 45,P2Et 29,331.0
1287,e7,n20,AdBrettPhos Pd G3 45,P2-t-Bu S18,402.0
1288,e7,n20,DTBPF Pd G3 38,DBU 24,379.0
1289,e7,n20,DTBPF Pd G3 38,MTBD 25,338.0
1290,e7,n20,DTBPF Pd G3 38,BTMG 26,356.0
1291,e7,n20,DTBPF Pd G3 38,BEMP 27,355.0
1292,e7,n20,DTBPF Pd G3 38,BTTP 28,383.0
1293,e7,n20,DTBPF Pd G3 38,P1-t-octyl S17,337.0
1294,e7,n20,DTBPF Pd G3 38,P2Et 29,333.0
1295,e7,n20,DTBPF Pd G3 38,P2-t-Bu S18,341.0
1296,e7,n19,Xphos Pd G3 36,DBU 24,222.0
1297,e7,n19,Xphos Pd G3 36,MTBD 25,1423.0
1298,e7,n19,Xphos Pd G3 36,BTMG 26,670.0
1299,e7,n19,Xphos Pd G3 36,BEMP 27,455.0
1300,e7,n19,Xphos Pd G3 36,BTTP 28,1039.0
1301,e7,n19,Xphos Pd G3 36,P1-t-octyl S17,465.0
1302,e7,n19,Xphos Pd G3 36,P2Et 29,225.0
1303,e7,n19,Xphos Pd G3 36,P2-t-Bu S18,626.0
1304,e7,n19,tBuXPHOS Pd G3 42,DBU 24,613.0
1305,e7,n19,tBuXPHOS Pd G3 42,MTBD 25,764.0
1306,e7,n19,tBuXPHOS Pd G3 42,BTMG 26,811.0
1307,e7,n19,tBuXPHOS Pd G3 42,BEMP 27,633.0
1308,e7,n19,tBuXPHOS Pd G3 42,BTTP 28,648.0
1309,e7,n19,tBuXPHOS Pd G3 42,P1-t-octyl S17,726.0
1310,e7,n19,tBuXPHOS Pd G3 42,P2Et 29,235.0
1311,e7,n19,tBuXPHOS Pd G3 42,P2-t-Bu S18,396.0
1312,e7,n19,tBuBrettPhos Pd G3 43,DBU 24,237.0
1313,e7,n19,tBuBrettPhos Pd G3 43,MTBD 25,324.0
1314,e7,n19,tBuBrettPhos Pd G3 43,BTMG 26,302.0
1315,e7,n19,tBuBrettPhos Pd G3 43,BEMP 27,288.0
1316,e7,n19,tBuBrettPhos Pd G3 43,BTTP 28,264.0
1317,e7,n19,tBuBrettPhos Pd G3 43,P1-t-octyl S17,396.0
1318,e7,n19,tBuBrettPhos Pd G3 43,P2Et 29,241.0
1319,e7,n19,tBuBrettPhos Pd G3 43,P2-t-Bu S18,540.0
1320,e7,n19,RockPhos Pd G3 44,DBU 24,270.0
1321,e7,n19,RockPhos Pd G3 44,MTBD 25,332.0
1322,e7,n19,RockPhos Pd G3 44,BTMG 26,292.0
1323,e7,n19,RockPhos Pd G3 44,BEMP 27,240.0
1324,e7,n19,RockPhos Pd G3 44,BTTP 28,260.0
1325,e7,n19,RockPhos Pd G3 44,P1-t-octyl S17,302.0
1326,e7,n19,RockPhos Pd G3 44,P2Et 29,223.0
1327,e7,n19,RockPhos Pd G3 44,P2-t-Bu S18,294.0
1328,e7,n19,AdBrettPhos Pd G3 45,DBU 24,229.0
1329,e7,n19,AdBrettPhos Pd G3 45,MTBD 25,262.0
1330,e7,n19,AdBrettPhos Pd G3 45,BTMG 26,271.0
1331,e7,n19,AdBrettPhos Pd G3 45,BEMP 27,243.0
1332,e7,n19,AdBrettPhos Pd G3 45,BTTP 28,258.0
1333,e7,n19,AdBrettPhos Pd G3 45,P1-t-octyl S17,260.0
1334,e7,n19,AdBrettPhos Pd G3 45,P2Et 29,225.0
1335,e7,n19,AdBrettPhos Pd G3 45,P2-t-Bu S18,256.0
1336,e7,n19,DTBPF Pd G3 38,DBU 24,224.0
1337,e7,n19,DTBPF Pd G3 38,MTBD 25,223.0
1338,e7,n19,DTBPF Pd G3 38,BTMG 26,223.0
1339,e7,n19,DTBPF Pd G3 38,BEMP 27,222.0
1340,e7,n19,DTBPF Pd G3 38,BTTP 28,222.0
1341,e7,n19,DTBPF Pd G3 38,P1-t-octyl S17,220.0
1342,e7,n19,DTBPF Pd G3 38,P2Et 29,223.0
1343,e7,n19,DTBPF Pd G3 38,P2-t-Bu S18,222.0
1344,e8,n13,Xphos Pd G3 36,DBU 24,214.0
1345,e8,n13,Xphos Pd G3 36,MTBD 25,235.0
1346,e8,n13,Xphos Pd G3 36,BTMG 26,237.0
1347,e8,n13,Xphos Pd G3 36,BEMP 27,235.0
1348,e8,n13,Xphos Pd G3 36,BTTP 28,234.0
1349,e8,n13,Xphos Pd G3 36,P1-t-octyl S17,236.0
1350,e8,n13,Xphos Pd G3 36,P2Et 29,262.0
1351,e8,n13,Xphos Pd G3 36,P2-t-Bu S18,261.0
1352,e8,n13,tBuXPHOS Pd G3 42,DBU 24,357.0
1353,e8,n13,tBuXPHOS Pd G3 42,MTBD 25,603.0
1354,e8,n13,tBuXPHOS Pd G3 42,BTMG 26,642.0
1355,e8,n13,tBuXPHOS Pd G3 42,BEMP 27,772.0
1356,e8,n13,tBuXPHOS Pd G3 42,BTTP 28,745.0
1357,e8,n13,tBuXPHOS Pd G3 42,P1-t-octyl S17,730.0
1358,e8,n13,tBuXPHOS Pd G3 42,P2Et 29,2699.0
1359,e8,n13,tBuXPHOS Pd G3 42,P2-t-Bu S18,2847.0
1360,e8,n13,tBuBrettPhos Pd G3 43,DBU 24,490.0
1361,e8,n13,tBuBrettPhos Pd G3 43,MTBD 25,875.0
1362,e8,n13,tBuBrettPhos Pd G3 43,BTMG 26,932.0
1363,e8,n13,tBuBrettPhos Pd G3 43,BEMP 27,751.0
1364,e8,n13,tBuBrettPhos Pd G3 43,BTTP 28,999.0
1365,e8,n13,tBuBrettPhos Pd G3 43,P1-t-octyl S17,400.0
1366,e8,n13,tBuBrettPhos Pd G3 43,P2Et 29,1825.0
1367,e8,n13,tBuBrettPhos Pd G3 43,P2-t-Bu S18,1278.0
1368,e8,n13,RockPhos Pd G3 44,DBU 24,435.0
1369,e8,n13,RockPhos Pd G3 44,MTBD 25,442.0
1370,e8,n13,RockPhos Pd G3 44,BTMG 26,451.0
1371,e8,n13,RockPhos Pd G3 44,BEMP 27,546.0
1372,e8,n13,RockPhos Pd G3 44,BTTP 28,508.0
1373,e8,n13,RockPhos Pd G3 44,P1-t-octyl S17,430.0
1374,e8,n13,RockPhos Pd G3 44,P2Et 29,1516.0
1375,e8,n13,RockPhos Pd G3 44,P2-t-Bu S18,1414.0
1376,e8,n13,AdBrettPhos Pd G3 45,DBU 24,323.0
1377,e8,n13,AdBrettPhos Pd G3 45,MTBD 25,346.0
1378,e8,n13,AdBrettPhos Pd G3 45,BTMG 26,379.0
1379,e8,n13,AdBrettPhos Pd G3 45,BEMP 27,338.0
1380,e8,n13,AdBrettPhos Pd G3 45,BTTP 28,368.0
1381,e8,n13,AdBrettPhos Pd G3 45,P1-t-octyl S17,364.0
1382,e8,n13,AdBrettPhos Pd G3 45,P2Et 29,657.0
1383,e8,n13,AdBrettPhos Pd G3 45,P2-t-Bu S18,450.0
1384,e8,n13,DTBPF Pd G3 38,DBU 24,223.0
1385,e8,n13,DTBPF Pd G3 38,MTBD 25,227.0
1386,e8,n13,DTBPF Pd G3 38,BTMG 26,233.0
1387,e8,n13,DTBPF Pd G3 38,BEMP 27,228.0
1388,e8,n13,DTBPF Pd G3 38,BTTP 28,229.0
1389,e8,n13,DTBPF Pd G3 38,P1-t-octyl S17,227.0
1390,e8,n13,DTBPF Pd G3 38,P2Et 29,228.0
1391,e8,n13,DTBPF Pd G3 38,P2-t-Bu S18,225.0
1392,e8,n16,Xphos Pd G3 36,DBU 24,219.0
1393,e8,n16,Xphos Pd G3 36,MTBD 25,283.0
1394,e8,n16,Xphos Pd G3 36,BTMG 26,254.0
1395,e8,n16,Xphos Pd G3 36,BEMP 27,240.0
1396,e8,n16,Xphos Pd G3 36,BTTP 28,325.0
1397,e8,n16,Xphos Pd G3 36,P1-t-octyl S17,251.0
1398,e8,n16,Xphos Pd G3 36,P2Et 29,249.0
1399,e8,n16,Xphos Pd G3 36,P2-t-Bu S18,338.0
1400,e8,n16,tBuXPHOS Pd G3 42,DBU 24,291.0
1401,e8,n16,tBuXPHOS Pd G3 42,MTBD 25,331.0
1402,e8,n16,tBuXPHOS Pd G3 42,BTMG 26,437.0
1403,e8,n16,tBuXPHOS Pd G3 42,BEMP 27,959.0
1404,e8,n16,tBuXPHOS Pd G3 42,BTTP 28,699.0
1405,e8,n16,tBuXPHOS Pd G3 42,P1-t-octyl S17,324.0
1406,e8,n16,tBuXPHOS Pd G3 42,P2Et 29,808.0
1407,e8,n16,tBuXPHOS Pd G3 42,P2-t-Bu S18,538.0
1408,e8,n16,tBuBrettPhos Pd G3 43,DBU 24,354.0
1409,e8,n16,tBuBrettPhos Pd G3 43,MTBD 25,630.0
1410,e8,n16,tBuBrettPhos Pd G3 43,BTMG 26,900.0
1411,e8,n16,tBuBrettPhos Pd G3 43,BEMP 27,1485.0
1412,e8,n16,tBuBrettPhos Pd G3 43,BTTP 28,1060.0
1413,e8,n16,tBuBrettPhos Pd G3 43,P1-t-octyl S17,471.0
1414,e8,n16,tBuBrettPhos Pd G3 43,P2Et 29,262.0
1415,e8,n16,tBuBrettPhos Pd G3 43,P2-t-Bu S18,247.0
1416,e8,n16,RockPhos Pd G3 44,DBU 24,390.0
1417,e8,n16,RockPhos Pd G3 44,MTBD 25,493.0
1418,e8,n16,RockPhos Pd G3 44,BTMG 26,673.0
1419,e8,n16,RockPhos Pd G3 44,BEMP 27,936.0
1420,e8,n16,RockPhos Pd G3 44,BTTP 28,770.0
1421,e8,n16,RockPhos Pd G3 44,P1-t-octyl S17,386.0
1422,e8,n16,RockPhos Pd G3 44,P2Et 29,256.0
1423,e8,n16,RockPhos Pd G3 44,P2-t-Bu S18,257.0
1424,e8,n16,AdBrettPhos Pd G3 45,DBU 24,261.0
1425,e8,n16,AdBrettPhos Pd G3 45,MTBD 25,564.0
1426,e8,n16,AdBrettPhos Pd G3 45,BTMG 26,665.0
1427,e8,n16,AdBrettPhos Pd G3 45,BEMP 27,1136.0
1428,e8,n16,AdBrettPhos Pd G3 45,BTTP 28,999.0
1429,e8,n16,AdBrettPhos Pd G3 45,P1-t-octyl S17,375.0
1430,e8,n16,AdBrettPhos Pd G3 45,P2Et 29,277.0
1431,e8,n16,AdBrettPhos Pd G3 45,P2-t-Bu S18,286.0
1432,e8,n16,DTBPF Pd G3 38,DBU 24,329.0
1433,e8,n16,DTBPF Pd G3 38,MTBD 25,335.0
1434,e8,n16,DTBPF Pd G3 38,BTMG 26,272.0
1435,e8,n16,DTBPF Pd G3 38,BEMP 27,277.0
1436,e8,n16,DTBPF Pd G3 38,BTTP 28,286.0
1437,e8,n16,DTBPF Pd G3 38,P1-t-octyl S17,307.0
1438,e8,n16,DTBPF Pd G3 38,P2Et 29,276.0
1439,e8,n16,DTBPF Pd G3 38,P2-t-Bu S18,274.0
1440,e8,n20,Xphos Pd G3 36,DBU 24,210.0
1441,e8,n20,Xphos Pd G3 36,MTBD 25,229.0
1442,e8,n20,Xphos Pd G3 36,BTMG 26,257.0
1443,e8,n20,Xphos Pd G3 36,BEMP 27,225.0
1444,e8,n20,Xphos Pd G3 36,BTTP 28,307.0
1445,e8,n20,Xphos Pd G3 36,P1-t-octyl S17,262.0
1446,e8,n20,Xphos Pd G3 36,P2Et 29,272.0
1447,e8,n20,Xphos Pd G3 36,P2-t-Bu S18,251.0
1448,e8,n20,tBuXPHOS Pd G3 42,DBU 24,266.0
1449,e8,n20,tBuXPHOS Pd G3 42,MTBD 25,388.0
1450,e8,n20,tBuXPHOS Pd G3 42,BTMG 26,427.0
1451,e8,n20,tBuXPHOS Pd G3 42,BEMP 27,401.0
1452,e8,n20,tBuXPHOS Pd G3 42,BTTP 28,340.0
1453,e8,n20,tBuXPHOS Pd G3 42,P1-t-octyl S17,298.0
1454,e8,n20,tBuXPHOS Pd G3 42,P2Et 29,328.0
1455,e8,n20,tBuXPHOS Pd G3 42,P2-t-Bu S18,231.0
1456,e8,n20,tBuBrettPhos Pd G3 43,DBU 24,244.0
1457,e8,n20,tBuBrettPhos Pd G3 43,MTBD 25,284.0
1458,e8,n20,tBuBrettPhos Pd G3 43,BTMG 26,310.0
1459,e8,n20,tBuBrettPhos Pd G3 43,BEMP 27,309.0
1460,e8,n20,tBuBrettPhos Pd G3 43,BTTP 28,266.0
1461,e8,n20,tBuBrettPhos Pd G3 43,P1-t-octyl S17,239.0
1462,e8,n20,tBuBrettPhos Pd G3 43,P2Et 29,237.0
1463,e8,n20,tBuBrettPhos Pd G3 43,P2-t-Bu S18,280.0
1464,e8,n20,RockPhos Pd G3 44,DBU 24,226.0
1465,e8,n20,RockPhos Pd G3 44,MTBD 25,250.0
1466,e8,n20,RockPhos Pd G3 44,BTMG 26,237.0
1467,e8,n20,RockPhos Pd G3 44,BEMP 27,224.0
1468,e8,n20,RockPhos Pd G3 44,BTTP 28,223.0
1469,e8,n20,RockPhos Pd G3 44,P1-t-octyl S17,217.0
1470,e8,n20,RockPhos Pd G3 44,P2Et 29,220.0
1471,e8,n20,RockPhos Pd G3 44,P2-t-Bu S18,223.0
1472,e8,n20,AdBrettPhos Pd G3 45,DBU 24,215.0
1473,e8,n20,AdBrettPhos Pd G3 45,MTBD 25,212.0
1474,e8,n20,AdBrettPhos Pd G3 45,BTMG 26,215.0
1475,e8,n20,AdBrettPhos Pd G3 45,BEMP 27,211.0
1476,e8,n20,AdBrettPhos Pd G3 45,BTTP 28,216.0
1477,e8,n20,AdBrettPhos Pd G3 45,P1-t-octyl S17,213.0
1478,e8,n20,AdBrettPhos Pd G3 45,P2Et 29,212.0
1479,e8,n20,AdBrettPhos Pd G3 45,P2-t-Bu S18,224.0
1480,e8,n20,DTBPF Pd G3 38,DBU 24,215.0
1481,e8,n20,DTBPF Pd G3 38,MTBD 25,214.0
1482,e8,n20,DTBPF Pd G3 38,BTMG 26,212.0
1483,e8,n20,DTBPF Pd G3 38,BEMP 27,212.0
1484,e8,n20,DTBPF Pd G3 38,BTTP 28,215.0
1485,e8,n20,DTBPF Pd G3 38,P1-t-octyl S17,215.0
1486,e8,n20,DTBPF Pd G3 38,P2Et 29,213.0
1487,e8,n20,DTBPF Pd G3 38,P2-t-Bu S18,221.0
1488,e8,n19,Xphos Pd G3 36,DBU 24,596.0
1489,e8,n19,Xphos Pd G3 36,MTBD 25,14394.0
1490,e8,n19,Xphos Pd G3 36,BTMG 26,8354.0
1491,e8,n19,Xphos Pd G3 36,BEMP 27,5479.0
1492,e8,n19,Xphos Pd G3 36,BTTP 28,5183.0
1493,e8,n19,Xphos Pd G3 36,P1-t-octyl S17,5704.0
1494,e8,n19,Xphos Pd G3 36,P2Et 29,2038.0
1495,e8,n19,Xphos Pd G3 36,P2-t-Bu S18,1649.0
1496,e8,n19,tBuXPHOS Pd G3 42,DBU 24,2390.0
1497,e8,n19,tBuXPHOS Pd G3 42,MTBD 25,8663.0
1498,e8,n19,tBuXPHOS Pd G3 42,BTMG 26,5607.0
1499,e8,n19,tBuXPHOS Pd G3 42,BEMP 27,9651.0
1500,e8,n19,tBuXPHOS Pd G3 42,BTTP 28,6509.0
1501,e8,n19,tBuXPHOS Pd G3 42,P1-t-octyl S17,6459.0
1502,e8,n19,tBuXPHOS Pd G3 42,P2Et 29,2996.0
1503,e8,n19,tBuXPHOS Pd G3 42,P2-t-Bu S18,1746.0
1504,e8,n19,tBuBrettPhos Pd G3 43,DBU 24,1449.0
1505,e8,n19,tBuBrettPhos Pd G3 43,MTBD 25,1145.0
1506,e8,n19,tBuBrettPhos Pd G3 43,BTMG 26,3288.0
1507,e8,n19,tBuBrettPhos Pd G3 43,BEMP 27,2492.0
1508,e8,n19,tBuBrettPhos Pd G3 43,BTTP 28,1516.0
1509,e8,n19,tBuBrettPhos Pd G3 43,P1-t-octyl S17,4276.0
1510,e8,n19,tBuBrettPhos Pd G3 43,P2Et 29,1042.0
1511,e8,n19,tBuBrettPhos Pd G3 43,P2-t-Bu S18,1249.0
1512,e8,n19,RockPhos Pd G3 44,DBU 24,1022.0
1513,e8,n19,RockPhos Pd G3 44,MTBD 25,1912.0
1514,e8,n19,RockPhos Pd G3 44,BTMG 26,1997.0
1515,e8,n19,RockPhos Pd G3 44,BEMP 27,1305.0
1516,e8,n19,RockPhos Pd G3 44,BTTP 28,1451.0
1517,e8,n19,RockPhos Pd G3 44,P1-t-octyl S17,982.0
1518,e8,n19,RockPhos Pd G3 44,P2Et 29,556.0
1519,e8,n19,RockPhos Pd G3 44,P2-t-Bu S18,585.0
1520,e8,n19,AdBrettPhos Pd G3 45,DBU 24,326.0
1521,e8,n19,AdBrettPhos Pd G3 45,MTBD 25,1746.0
1522,e8,n19,AdBrettPhos Pd G3 45,BTMG 26,1517.0
1523,e8,n19,AdBrettPhos Pd G3 45,BEMP 27,1439.0
1524,e8,n19,AdBrettPhos Pd G3 45,BTTP 28,952.0
1525,e8,n19,AdBrettPhos Pd G3 45,P1-t-octyl S17,647.0
1526,e8,n19,AdBrettPhos Pd G3 45,P2Et 29,428.0
1527,e8,n19,AdBrettPhos Pd G3 45,P2-t-Bu S18,614.0
1528,e8,n19,DTBPF Pd G3 38,DBU 24,631.0
1529,e8,n19,DTBPF Pd G3 38,MTBD 25,318.0
1530,e8,n19,DTBPF Pd G3 38,BTMG 26,318.0
1531,e8,n19,DTBPF Pd G3 38,BEMP 27,323.0
1532,e8,n19,DTBPF Pd G3 38,BTTP 28,299.0
1533,e8,n19,DTBPF Pd G3 38,P1-t-octyl S17,554.0
1534,e8,n19,DTBPF Pd G3 38,P2Et 29,582.0
1535,e8,n19,DTBPF Pd G3 38,P2-t-Bu S18,635.0
