index,chloride_smiles,boronic_acid_smiles,ligand_smiles,ligand_name,time,product_smiles,yield
1,ClC1=CC=C(OC)C=C1,OB(O)C1=CC=C(C(F)(F)F)C=C1,CN(c1cccc(c1c1ccccc1P(C1CCCCC1)C1CCCCC1)N(C)C)C,CPhos,2.00,FC(C(C=C1)=CC=C1C2=CC=C(OC)C=C2)(F)F,3.00
2,ClC1=CC=C(OC)C=C1,OB(O)C1=CC=C(C(F)(F)F)C=C1,C1CCC(CC1)P(c1ccccc1c1ccccc1)C1CCCCC1,CyJohnPhos,2.00,FC(C(C=C1)=CC=C1C2=CC=C(OC)C=C2)(F)F,67.00
3,ClC1=CC=C(OC)C=C1,OB(O)C1=CC=C(C(F)(F)F)C=C1,C1[C@@H]2C[C@@H]3C[C@H]1C[C@](C2)(C3)P([C@]12C[C@H]3C[C@@H](C2)C[C@@H](C1)C3)[C@]12C[C@H]3C[C@@H](C2)C[C@@H](C1)C3,PAd3,2.00,FC(C(C=C1)=CC=C1C2=CC=C(OC)C=C2)(F)F,2.00
4,ClC1=CC=C(OC)C=C1,OB(O)C1=CC=C(C(F)(F)F)C=C1,CC(P(C(C)(C)C)C(C)(C)C)(C)C,PtBu3,2.00,FC(C(C=C1)=CC=C1C2=CC=C(OC)C=C2)(F)F,2.00
5,ClC1=CC=C(OC)C=C1,OB(O)C1=CC=C(C(F)(F)F)C=C1,CCCCP([C@]12C[C@H]3C[C@@H](C2)C[C@@H](C1)C3)[C@]12C[C@H]3C[C@@H](C2)C[C@@H](C1)C3,"PAd2nBu, CataCXium A",2.00,FC(C(C=C1)=CC=C1C2=CC=C(OC)C=C2)(F)F,9.00
6,ClC1=CC=C(OC)C=C1,OB(O)C1=CC=C(C(F)(F)F)C=C1,C1CCC(CC1)P(C1CCCCC1)C1CCCCC1,PCy3,2.00,FC(C(C=C1)=CC=C1C2=CC=C(OC)C=C2)(F)F,38.00
7,ClC1=CC=C(OC)C=C1,OB(O)C1=CC=C(C(F)(F)F)C=C1,CC(CP(C(C)(C)C)C(C)(C)C)(C)C,PtBu2neopentyl,2.00,FC(C(C=C1)=CC=C1C2=CC=C(OC)C=C2)(F)F,1.00
8,ClC1=CC=C(OC)C=C1,OB(O)C1=CC=C(C(F)(F)F)C=C1,CP(C(C)(C)C)C(C)(C)C,PtBu2Me,2.00,FC(C(C=C1)=CC=C1C2=CC=C(OC)C=C2)(F)F,25.00
9,ClC1=CC=C(OC)C=C1,OB(O)C1=CC=C(C(F)(F)F)C=C1,CCCCP(CCCC)CCCC,PnBu3,2.00,FC(C(C=C1)=CC=C1C2=CC=C(OC)C=C2)(F)F,37.00
10,ClC1=CC=C(OC)C=C1,OB(O)C1=CC=C(C(F)(F)F)C=C1,CCP(CC)CC,PEt3,2.00,FC(C(C=C1)=CC=C1C2=CC=C(OC)C=C2)(F)F,31.00
11,ClC1=CC=C(OC)C=C1,OB(O)C1=CC=C(C(F)(F)F)C=C1,CP(C)C,PMe3,2.00,FC(C(C=C1)=CC=C1C2=CC=C(OC)C=C2)(F)F,8.00
12,ClC1=CC=C(OC)C=C1,OB(O)C1=CC=C(C(F)(F)F)C=C1,CC(P(C(C)(C)C)C1CCCCC1)(C)C,PtBu2Cy,2.00,FC(C(C=C1)=CC=C1C2=CC=C(OC)C=C2)(F)F,2.00
13,ClC1=CC=C(OC)C=C1,OB(O)C1=CC=C(C(F)(F)F)C=C1,CC(P(C1CCCCC1)C1CCCCC1)(C)C,PtBuCy2,2.00,FC(C(C=C1)=CC=C1C2=CC=C(OC)C=C2)(F)F,9.00
14,ClC1=CC=C(OC)C=C1,OB(O)C1=CC=C(C(F)(F)F)C=C1,C1CCC(CC1)P(c1cccn1c1ccccc1)C1CCCCC1,"NPh-Pyrrole-PCy2, CataCXiumPCy",2.00,FC(C(C=C1)=CC=C1C2=CC=C(OC)C=C2)(F)F,88.00
15,ClC1=CC=C(OC)C=C1,OB(O)C1=CC=C(C(F)(F)F)C=C1,COc1cccc(c1P(c1c(OC)cccc1OC)c1c(OC)cccc1OC)OC,P(26OMePh)3,2.00,FC(C(C=C1)=CC=C1C2=CC=C(OC)C=C2)(F)F,0.00
16,ClC1=CC=C(OC)C=C1,OB(O)C1=CC=C(C(F)(F)F)C=C1,C1[C@@H]2C[C@@H]3C[C@H]1C[C@](C2)(C3)P([C@]12C[C@H]3C[C@@H](C2)C[C@@H](C1)C3)Cc1ccccc1,"PAd2Bn, cataCXium Abn",2.00,FC(C(C=C1)=CC=C1C2=CC=C(OC)C=C2)(F)F,3.00
17,ClC1=CC=C(OC)C=C1,OB(O)C1=CC=C(C(F)(F)F)C=C1,P(CC1=CC=CC=C1)(CC2=CC=CC=C2)CC3=CC=CC=C3,PBn3,2.00,FC(C(C=C1)=CC=C1C2=CC=C(OC)C=C2)(F)F,67.00
18,ClC1=CC=C(OC)C=C1,OB(O)C1=CC=C(C(F)(F)F)C=C1,C1CCC(CC1)P(c1ccccc1)C1CCCCC1,PCy2Ph,2.00,FC(C(C=C1)=CC=C1C2=CC=C(OC)C=C2)(F)F,42.00
19,ClC1=CC=C(OC)C=C1,OB(O)C1=CC=C(C(F)(F)F)C=C1,C1CCC(C1)P(C1CCCC1)C1CCCC1,PCyp3,2.00,FC(C(C=C1)=CC=C1C2=CC=C(OC)C=C2)(F)F,12.00
20,ClC1=CC=C(OC)C=C1,OB(O)C1=CC=C(C(F)(F)F)C=C1,CC(P(C(C)C)C(C)C)C,PiPr3,2.00,FC(C(C=C1)=CC=C1C2=CC=C(OC)C=C2)(F)F,20.00
21,ClC1=CC=C(OC)C=C1,OB(O)C1=CC=C(C(F)(F)F)C=C1,Cc1cccc(c1)P(c1cccc(c1)C)c1cccc(c1)C,PmTol3,2.00,FC(C(C=C1)=CC=C1C2=CC=C(OC)C=C2)(F)F,60.00
22,ClC1=CC=C(OC)C=C1,OB(O)C1=CC=C(C(F)(F)F)C=C1,CCCCP(C(C)(C)C)C(C)(C)C,PnButBu2,2.00,FC(C(C=C1)=CC=C1C2=CC=C(OC)C=C2)(F)F,10.00
23,ClC1=CC=C(OC)C=C1,OB(O)C1=CC=C(C(F)(F)F)C=C1,COc1ccc(c(c1c1c(cc(cc1C(C)C)C(C)C)C(C)C)P(C(C)(C)C)C(C)(C)C)OC,tBuBrettPhos,2.00,FC(C(C=C1)=CC=C1C2=CC=C(OC)C=C2)(F)F,9.00
24,ClC1=CC=C(OC)C=C1,OB(O)C1=CC=C(C(F)(F)F)C=C1,CC(c1cc(cc(c1c1ccccc1P(C(C)(C)C)C(C)(C)C)C(C)C)C(C)C)C,tBuXPhos,2.00,FC(C(C=C1)=CC=C1C2=CC=C(OC)C=C2)(F)F,2.00
25,ClC1=CC=C(OC)C=C1,OB(O)C1=CC=C(C(F)(F)F)C=C1,COc1ccc(c(c1P(C(C)(C)C)C(C)(C)C)c1c(cc(cc1C(C)C)C(C)C)C(C)C)C,RockPhos,2.00,FC(C(C=C1)=CC=C1C2=CC=C(OC)C=C2)(F)F,0.00
26,ClC1=CC=C(OC)C=C1,OB(O)C1=CC=C(C(F)(F)F)C=C1,COc1ccc(c(c1P(c1cc(cc(c1)C(F)(F)F)C(F)(F)F)c1cc(cc(c1)C(F)(F)F)C(F)(F)F)c1c(cc(cc1C(C)C)C(C)C)C(C)C)OC,JackiePhos = (35CF3)2PhBrettPhos,2.00,FC(C(C=C1)=CC=C1C2=CC=C(OC)C=C2)(F)F,1.00
27,ClC1=CC=C(OC)C=C1,OB(O)C1=CC=C(C(F)(F)F)C=C1,Cc1ccc(cc1)P(c1ccccc1)c1ccccc1,PPh2(4-Me-Ph),2.00,FC(C(C=C1)=CC=C1C2=CC=C(OC)C=C2)(F)F,31.00
28,ClC1=CC=C(OC)C=C1,OB(O)C1=CC=C(C(F)(F)F)C=C1,Fc1cccc(c1)P(c1cccc(c1)F)c1cccc(c1)F,P(3-FPh)3,2.00,FC(C(C=C1)=CC=C1C2=CC=C(OC)C=C2)(F)F,15.00
29,ClC1=CC=C(OC)C=C1,OB(O)C1=CC=C(C(F)(F)F)C=C1,N#CCCP(CCC#N)CCC#N,P(CH2CH2CN)3,2.00,FC(C(C=C1)=CC=C1C2=CC=C(OC)C=C2)(F)F,0.00
30,ClC1=CC=C(OC)C=C1,OB(O)C1=CC=C(C(F)(F)F)C=C1,CC(c1cc(cc(c1)C(C)(C)C)P(c1cc(cc(c1)C(C)(C)C)C(C)(C)C)C1CCCC1)(C)C,"PCyp(3,5-tBu2-Ph)2",2.00,FC(C(C=C1)=CC=C1C2=CC=C(OC)C=C2)(F)F,90.00
31,ClC1=CC=C(OC)C=C1,OB(O)C1=CC=C(C(F)(F)F)C=C1,CC(c1cc(cc(c1)C(C)(C)C)P(c1cc(cc(c1)C(C)(C)C)C(C)(C)C)C1CCCCC1)(C)C,"PCy(3,5-tBu2-Ph)2",2.00,FC(C(C=C1)=CC=C1C2=CC=C(OC)C=C2)(F)F,86.00
32,ClC1=CC=C(OC)C=C1,OB(O)C1=CC=C(C(F)(F)F)C=C1,CC(c1cc(cc(c1c1cc(cc(c1)c1c(cc(cc1C(C)C)C(C)C)C(C)C)P(C1CCCC1)C1CCCC1)C(C)C)C(C)C)C,"PCyp2(3,5-TRIP2-Ph)",2.00,FC(C(C=C1)=CC=C1C2=CC=C(OC)C=C2)(F)F,41.00
33,ClC1=CC=C(OC)C=C1,OB(O)C1=CC=C(C(F)(F)F)C=C1,C1CCC(CC1)P(c1ccccc1)c1ccccc1,PCyPh2,2.00,FC(C(C=C1)=CC=C1C2=CC=C(OC)C=C2)(F)F,47.00
34,ClC1=CC=C(OC)C=C1,OB(O)C1=CC=C(C(F)(F)F)C=C1,Cc1cc(C)cc(c1P(c1c(C)cc(cc1C)C)C1CCCC1)C,PCypMes2,2.00,FC(C(C=C1)=CC=C1C2=CC=C(OC)C=C2)(F)F,2.00
35,ClC1=CC=C(OC)C=C1,OB(O)C1=CC=C(C(F)(F)F)C=C1,Cc1cc(cc(c1)C)P(c1cc(C)cc(c1)C)C1CCCC1,"PCyp(3,5-Me2-Ph)2",2.00,FC(C(C=C1)=CC=C1C2=CC=C(OC)C=C2)(F)F,54.00
36,ClC1=CC=C(OC)C=C1,OB(O)C1=CC=C(C(F)(F)F)C=C1,COc1ccc(cc1)P(c1ccc(cc1)OC)C1CCCCC1,PCy(4-OMe-Ph)2,2.00,FC(C(C=C1)=CC=C1C2=CC=C(OC)C=C2)(F)F,57.00
37,ClC1=CC=C(OC)C=C1,OB(O)C1=CC=C(C(F)(F)F)C=C1,CC(P(c1cc(cc(c1)C(C)(C)C)C(C)(C)C)c1cc(cc(c1)C(C)(C)C)C(C)(C)C)(C)C,"PtBu(3,5-tBu2-Ph)2",2.00,FC(C(C=C1)=CC=C1C2=CC=C(OC)C=C2)(F)F,52.00
38,ClC1=CC=C(OC)C=C1,OB(O)C1=CC=C(C(F)(F)F)C=C1,CC(c1cc(cc(c1)C(C)(C)C)P(c1cc(cc(c1)C(C)(C)C)C(C)(C)C)CC1CCCC1)(C)C,"PCH2Cyp(3,5-tBu2-Ph)2",2.00,FC(C(C=C1)=CC=C1C2=CC=C(OC)C=C2)(F)F,31.00
39,ClC1=CC=C(OC)C=C1,OB(O)C1=CC=C(C(F)(F)F)C=C1,CC(c1cc(cc(c1c1cc(cc(c1)c1c(cc(cc1C(C)C)C(C)C)C(C)C)P(C1CCCCC1)C1CCCCC1)C(C)C)C(C)C)C,"PCy2(3,5-TRIP2-Ph)",2.00,FC(C(C=C1)=CC=C1C2=CC=C(OC)C=C2)(F)F,58.00
40,ClC1=CC=C(OC)C=C1,OB(O)C1=CC=C(C(F)(F)F)C=C1,COc1ccc(cc1)P(C1CCCC1)C1CCCC1,PCyp2(4-OMe-Ph),2.00,FC(C(C=C1)=CC=C1C2=CC=C(OC)C=C2)(F)F,46.00
41,ClC1=CC=C(OC)C=C1,OB(O)C1=CC=C(C(F)(F)F)C=C1,CC(c1cc(cc(c1c1cc(cc(c1)c1c(cc(cc1C(C)(C)C)C(C)(C)C)C(C)(C)C)P(C1CCCC1)C1CCCC1)C(C)(C)C)C(C)(C)C)(C)C,"PCyp2(3,5-(2,4,6-tBu3-Ph)2-Ph)",2.00,FC(C(C=C1)=CC=C1C2=CC=C(OC)C=C2)(F)F,11.00
42,ClC1=CC=C(OC)C=C1,OB(O)C1=CC=C(C(F)(F)F)C=C1,Cc1ccccc1P(c1ccccc1C)C1CCCCC1,PCyoTol2,2.00,FC(C(C=C1)=CC=C1C2=CC=C(OC)C=C2)(F)F,10.00
43,ClC1=CC=C(OC)C=C1,OB(O)C1=CC=C(C(F)(F)F)C=C1,Cc1cc(C)c(c(c1)C)P(c1cc(cc(c1)C(C)(C)C)C(C)(C)C)C1CCCC1,"PCypMes(3,5-tBu2-Ph)",2.00,FC(C(C=C1)=CC=C1C2=CC=C(OC)C=C2)(F)F,9.00
44,ClC1=CC=C(OC)C=C1,OB(O)C1=CC=C(C(F)(F)F)C=C1,CC(c1cc(cc(c1)C(C)(C)C)P(c1cc(cc(c1)C(C)(C)C)C(C)(C)C)[C@@H]1C[C@@H]2C[C@H]1C=C2)(C)C,"P(exo-norbornenyl)(3,5-tBu2-Ph)2",2.00,FC(C(C=C1)=CC=C1C2=CC=C(OC)C=C2)(F)F,78.00
45,ClC1=CC=C(OC)C=C1,OB(O)C1=CC=C(C(F)(F)F)C=C1,Cc1cc(C)cc(c1c1cc(cc(c1)c1c(C)cc(cc1C)C)P(c1cc(cc(c1)c1c(C)cc(cc1C)C)c1c(C)cc(cc1C)C)C1CCCC1)C,"PCyp(3,5-Mes2-Ph)2",2.00,FC(C(C=C1)=CC=C1C2=CC=C(OC)C=C2)(F)F,54.00
46,ClC1=CC=C(OC)C=C1,OB(O)C1=CC=C(C(F)(F)F)C=C1,C1CCC(C1)P(c1cc2CCCN3c2c(c1)CCC3)c1cc2CCCN3c2c(c1)CCC3,PCyp(9THPQ)2,2.00,FC(C(C=C1)=CC=C1C2=CC=C(OC)C=C2)(F)F,22.00
47,ClC1=CC=C(OC)C=C1,OB(O)C1=CC=C(C(F)(F)F)C=C1,CC(c1cc(C(C)C)c(c(c1)C(C)C)c1cc(cc(c1)c1c(cc(cc1C(C)C)C(C)C)C(C)C)P(c1cc(cc(c1)C(C)(C)C)C(C)(C)C)c1cc(cc(c1)C(C)(C)C)C(C)(C)C)C,"P(3,5-tBu2-Ph)2(3,5-TRIP2-Ph)",2.00,FC(C(C=C1)=CC=C1C2=CC=C(OC)C=C2)(F)F,28.00
48,ClC1=CC=C(OC)C=C1,OB(O)C1=CC=C(C(F)(F)F)C=C1,CC(c1cc(cc(c1)C(C)(C)C)P(c1cc(cc(c1)C(C)(C)C)C(C)(C)C)c1ccccc1)(C)C,"PPh(3,5-tBu2-Ph)2",2.00,FC(C(C=C1)=CC=C1C2=CC=C(OC)C=C2)(F)F,87.00
49,ClC1=CC=C(OC)C=C1,OB(O)C1=CC=C(C(F)(F)F)C=C1,P(c1c(cc(cc1)C)C)(c1c(cc(cc1)C)C)c1c(cc(cc1)C)C,"P(2,4-Me2-Ph)3",2.00,FC(C(C=C1)=CC=C1C2=CC=C(OC)C=C2)(F)F,2.00
50,ClC1=CC=C(OC)C=C1,OB(O)C1=CC=C(C(F)(F)F)C=C1,c1ccc2c(c1)c1c(p2c2ccccc2)cccc1,PhDBP Dibenzophosphole-Ph,2.00,FC(C(C=C1)=CC=C1C2=CC=C(OC)C=C2)(F)F,3.00
51,ClC1=CC=C(OC)C=C1,OB(O)C1=CC=C(C(F)(F)F)C=C1,P(c1cc(ccc1)Cl)(c1cc(ccc1)Cl)c1cc(ccc1)Cl,P(3-Cl-Ph)3,2.00,FC(C(C=C1)=CC=C1C2=CC=C(OC)C=C2)(F)F,7.00
52,ClC1=CC=C(OC)C=C1,OB(O)C1=CC=C(C(F)(F)F)C=C1,P(CCCCCCCC)(CCCCCCCC)CCCCCCCC,P(nOct)3,2.00,FC(C(C=C1)=CC=C1C2=CC=C(OC)C=C2)(F)F,29.00
53,ClC1=CC=C(OC)C=C1,OB(O)C1=CC=C(C(F)(F)F)C=C1,P12CN3CN(C1)CN(C2)C3,Triazaphosphaadamantane PTA,2.00,FC(C(C=C1)=CC=C1C2=CC=C(OC)C=C2)(F)F,0.00
54,ClC1=CC=C(OC)C=C1,OB(O)C1=CC=C(C(F)(F)F)C=C1,P(c1cc(ccc1)OC)(c1cc(ccc1)OC)c1cc(ccc1)OC,P(3-OMePh)3,2.00,FC(C(C=C1)=CC=C1C2=CC=C(OC)C=C2)(F)F,36.00
55,ClC1=CC=C(OC)C=C1,OB(O)C1=CC=C(C(F)(F)F)C=C1,P(CC=C)(CC=C)CC=C,PAllyl3,2.00,FC(C(C=C1)=CC=C1C2=CC=C(OC)C=C2)(F)F,2.00
56,ClC1=CC=C(OC)C=C1,OB(O)C1=CC=C(C(F)(F)F)C=C1,P(CC(C)C)(CC(C)C)CC(C)C,P(iBu)3,2.00,FC(C(C=C1)=CC=C1C2=CC=C(OC)C=C2)(F)F,49.00
57,ClC1=CC=C(OC)C=C1,OB(O)C1=CC=C(C(F)(F)F)C=C1,P(c1c(cccc1)Br)(c1ccccc1)c1ccccc1,PPh2(2-Br-Ph),2.00,FC(C(C=C1)=CC=C1C2=CC=C(OC)C=C2)(F)F,7.00
58,ClC1=CC=C(OC)C=C1,OB(O)C1=CC=C(C(F)(F)F)C=C1,P(c1c(cccc1)C)(c1ccccc1)c1ccccc1,PPh2oTol,2.00,FC(C(C=C1)=CC=C1C2=CC=C(OC)C=C2)(F)F,31.00
59,ClC1=CC=C(OC)C=C1,OB(O)C1=CC=C(C(F)(F)F)C=C1,P(C(C)(C)C)(C(C)(C)C)c1c(c2c(cc1)cccc2)c1c2c(ccc1)cccc2,TrixiePhos (PtBu2(binaphthyl)),2.00,FC(C(C=C1)=CC=C1C2=CC=C(OC)C=C2)(F)F,0.00
60,ClC1=CC=C(OC)C=C1,OB(O)C1=CC=C(C(F)(F)F)C=C1,P(C1CCCCC1)(C1CCCCC1)c1c(cccc1)c1c(cccc1)C,MePhos,2.00,FC(C(C=C1)=CC=C1C2=CC=C(OC)C=C2)(F)F,9.00
61,ClC1=CC=C(OC)C=C1,OB(O)C1=CC=C(C(F)(F)F)C=C1,P(C(C)(C)C)(C(C)(C)C)c1c(cccc1)c1c(cccc1)C,tBuMePhos,2.00,FC(C(C=C1)=CC=C1C2=CC=C(OC)C=C2)(F)F,2.00
62,ClC1=CC=C(OC)C=C1,OB(O)C1=CC=C(C(F)(F)F)C=C1,P(C(C)(C)C)(C(C)(C)C)c1c(cccc1)c1c(cccc1)N(C)C,tBuDavePhos,2.00,FC(C(C=C1)=CC=C1C2=CC=C(OC)C=C2)(F)F,2.00
63,ClC1=CC=C(OC)C=C1,OB(O)C1=CC=C(C(F)(F)F)C=C1,P(C(C)(C)C)(C(C)(C)C)c1n(ncc1)c1c(n(nc1c1ccccc1)c1ccccc1)c1ccccc1,Bippyphos,2.00,FC(C(C=C1)=CC=C1C2=CC=C(OC)C=C2)(F)F,2.00
64,ClC1=CC=C(OC)C=C1,OB(O)C1=CC=C(C(F)(F)F)C=C1,P(C(C)(C)C)(C(C)(C)C)c1c(cccc1)n1nc(cc1c1ccccc1)c1ccccc1,TrippyPhos PtBu2(2-Ph2pyrazol-1-yl-Ph),2.00,FC(C(C=C1)=CC=C1C2=CC=C(OC)C=C2)(F)F,2.00
65,ClC1=CC=C(OC)C=C1,OB(O)C1=CC=C(C(F)(F)F)C=C1,P(C(C)(C)C)(C(C)(C)C)c1n(c2c(c1)cccc2)c1ccccc1,"PtBu2(N-Ph-indol-2-yl), cataCXiumPIntB",2.00,FC(C(C=C1)=CC=C1C2=CC=C(OC)C=C2)(F)F,3.00
66,ClC1=CC=C(OC)C=C1,OB(O)C1=CC=C(C(F)(F)F)C=C1,P(C(C)(C)C)(C(C)(C)C)c1n(ccc1)c1ccccc1,"NPh-Pyrrole-PtBu2, CataCXium PtB",2.00,FC(C(C=C1)=CC=C1C2=CC=C(OC)C=C2)(F)F,3.00
67,ClC1=CC=C(OC)C=C1,OB(O)C1=CC=C(C(F)(F)F)C=C1,P(C1c2c(cccc2)C=Cc2c1cccc2)(c1ccccc1)c1ccccc1,tropPPh2,2.00,FC(C(C=C1)=CC=C1C2=CC=C(OC)C=C2)(F)F,0.00
68,ClC1=CC=C(OC)C=C1,OB(O)C1=CC=C(C(F)(F)F)C=C1,P(C1CCCCC1)(C1CCCCC1)c1n(ccn1)c1c(cc(cc1C)C)C,Cataxium PICy,2.00,FC(C(C=C1)=CC=C1C2=CC=C(OC)C=C2)(F)F,4.00
69,ClC1=CC=C(OC)C=C1,OB(O)C1=CC=C(C(F)(F)F)C=C1,P(C(C)(C)C)(C(C)(C)C)c1n(ccc1)c1c(cccc1)OC,"N(2-OMe-Ph)-Pyrrole-PtBu2, cataCXiumPOMetB",2.00,FC(C(C=C1)=CC=C1C2=CC=C(OC)C=C2)(F)F,3.00
70,ClC1=CC=C(OC)C=C1,OB(O)C1=CC=C(C(F)(F)F)C=C1,P(C1CCCCC1)(C1CCCCC1)c1n(ccc1)c1c(cccc1)OC,"N(2-OMe-Ph)-Pyrrole-PCy2, cataCXiumPOMeCy",2.00,FC(C(C=C1)=CC=C1C2=CC=C(OC)C=C2)(F)F,54.00
71,ClC1=CC=C(OC)C=C1,OB(O)C1=CC=C(C(F)(F)F)C=C1,P(C1CCCCC1)(C1CCCCC1)c1n(c2c(c1)cccc2)c1ccccc1,cataCXiumPInCy,2.00,FC(C(C=C1)=CC=C1C2=CC=C(OC)C=C2)(F)F,43.00
72,ClC1=CC=C(OC)C=C1,OB(O)C1=CC=C(C(F)(F)F)C=C1,P(C1CCCCC1)(C1CCCCC1)c1c(cccc1)c1c(cc(cc1OC)OC)OC,"1-Cy2P-2’,4’,6’-MeO-Ph2",2.00,FC(C(C=C1)=CC=C1C2=CC=C(OC)C=C2)(F)F,5.00
73,ClC1=CC=C(OC)C=C1,OB(O)C1=CC=C(C(F)(F)F)C=C1,P(C(C)(C)C)(C(C)(C)C)c1n(ncc1)c1c2c(ccc1)cccc2,NappyPhos PtBu2(N-1Nap-pyrazol-5-yl),2.00,FC(C(C=C1)=CC=C1C2=CC=C(OC)C=C2)(F)F,4.00
74,ClC1=CC=C(OC)C=C1,OB(O)C1=CC=C(C(F)(F)F)C=C1,P(C1CCCCC1)(C1CCCCC1)c1n(ncc1)c1c(n(nc1c1ccccc1)c1ccccc1)c1ccccc1,Cy-BippyPhos,2.00,FC(C(C=C1)=CC=C1C2=CC=C(OC)C=C2)(F)F,4.00
75,ClC1=CC=C(OC)C=C1,OB(O)C1=CC=C(C(F)(F)F)C=C1,P(C1CCCCC1)(C1CCCCC1)c1c(cccc1)n1c2c(c3c1cccc3)cccc2,Cy-PhenCarPhos,2.00,FC(C(C=C1)=CC=C1C2=CC=C(OC)C=C2)(F)F,6.00
76,ClC1=CC=C(OC)C=C1,OB(O)C1=CC=C(C(F)(F)F)C=C1,P([C@]12C[C@@H]3C[C@H](C1)C[C@H](C2)C3)([C@]12C[C@@H]3C[C@H](C1)C[C@H](C2)C3)c1n(ncc1)c1c(n(nc1c1ccccc1)c1ccccc1)c1ccccc1,AdBippyphos,2.00,FC(C(C=C1)=CC=C1C2=CC=C(OC)C=C2)(F)F,2.00
77,ClC1=CC=C(OC)C=C1,OB(O)C1=CC=C(C(F)(F)F)C=C1,P(C1c2c(cccc2)C=Cc2c1cccc2)(C1c2c(cccc2)C=Cc2c1cccc2)c1ccccc1,trop2PPh,2.00,FC(C(C=C1)=CC=C1C2=CC=C(OC)C=C2)(F)F,5.00
78,ClC1=CC=C(OC)C=C1,OB(O)C1=CC=C(C(F)(F)F)C=C1,FC(F)(F)C(F)(F)C(F)(F)C(C(F)(F)F)(C(F)(F)F)Cc1ccc(cc1)P(c3ccc(cc3)CC(C(F)(F)F)(C(F)(F)F)C(F)(F)C(F)(F)C(F)(F)F)c2ccccc2,"PPh (4-(2,2-(CF3)2-F7pent)-Ph)2",2.00,FC(C(C=C1)=CC=C1C2=CC=C(OC)C=C2)(F)F,8.00
79,ClC1=CC=C(OC)C=C1,OB(O)C1=CC=C(C(F)(F)F)C=C1,CC(C1=CC(P(C2=CC(C(C)(C)C)=CC(C(C)(C)C)=C2)C3=CC(C(C)(C)C)=CC(C(C)(C)C)=C3)=CC(C(C)(C)C)=C1)(C)C,"P(3,5-tBu2-Ph)3",2.00,FC(C(C=C1)=CC=C1C2=CC=C(OC)C=C2)(F)F,20.00
80,ClC1=CC=C(OC)C=C1,OB(O)C1=CC=C(C(F)(F)F)C=C1,O=CC1=CC=CC=C1P(C2=CC(C(C)(C)C)=C(OC)C(C(C)(C)C)=C2)C3=CC(C(C)(C)C)=C(OC)C(C(C)(C)C)=C3,"P(3,5tBu2-4-OMe-Ph)2(2-CHO-Ph)",2.00,FC(C(C=C1)=CC=C1C2=CC=C(OC)C=C2)(F)F,0.00
81,ClC1=CC=C(OC)C=C1,OB(O)C1=CC=C(C(F)(F)F)C=C1,O=CC1=CC=CC=C1P(C2=CC(C)=CC(C)=C2)C3=CC(C)=CC(C)=C3,"P(3,5Me2-Ph)2(2-CHO-Ph)",2.00,FC(C(C=C1)=CC=C1C2=CC=C(OC)C=C2)(F)F,0.00
82,ClC1=CC=C(OC)C=C1,OB(O)C1=CC=C(C(F)(F)F)C=C1,c1ccc(cc1)P(c2ccccc2)c3ccccc3C#N,Ph2P(2-PhCN),2.00,FC(C(C=C1)=CC=C1C2=CC=C(OC)C=C2)(F)F,0.00
83,ClC1=CC=C(OC)C=C1,OB(O)C1=CC=C(C(F)(F)F)C=C1,COC(=O)CCP(CCC(=O)OC)CCC(=O)OC,(MeO2CCH2CH2)3P,2.00,FC(C(C=C1)=CC=C1C2=CC=C(OC)C=C2)(F)F,0.00
84,ClC1=CC=C(OC)C=C1,OB(O)C1=CC=C(C(F)(F)F)C=C1,OCP(CO)CO,"(HOCH2)3P
",2.00,FC(C(C=C1)=CC=C1C2=CC=C(OC)C=C2)(F)F,0.00
85,ClC1=CC=C(OC)C=C1,OB(O)C1=CC=C(C(F)(F)F)C=C1,FC(C1=CC(P(C2=CC=CC(C(O)=O)=C2)C3=CC=CC(C(F)(F)F)=C3)=CC=C1)(F)F,"m-MiranPhos, P(3-CO2H-Ph)(3-CF3-Ph)2",2.00,FC(C(C=C1)=CC=C1C2=CC=C(OC)C=C2)(F)F,5.00
86,ClC1=CC=C(OC)C=C1,OB(O)C1=CC=C(C(F)(F)F)C=C1,O=C(O)C1=CC(P(C2=CC=CC(C(F)(F)F)=C2)C3=CC=CC(C(O)=O)=C3)=CC=C1,"m-Miran2Phos, P(3-CO2H-Ph)2(3-CF3-Ph)",2.00,FC(C(C=C1)=CC=C1C2=CC=C(OC)C=C2)(F)F,0.00
87,ClC1=CC=C(OC)C=C1,OB(O)C1=CC=C(C(F)(F)F)C=C1,O=C(C(C=C1)=CC=C1P(C2=CC=C(C(F)(F)F)C=C2)C3=CC=C(C(F)(F)F)C=C3)O,"p-MiranPhos, P(4-CO2H-Ph)(4-CF3-Ph)2",2.00,FC(C(C=C1)=CC=C1C2=CC=C(OC)C=C2)(F)F,1.00
88,ClC1=CC=C(OC)C=C1,OB(O)C1=CC=C(C(F)(F)F)C=C1,O=C(C(C=C1)=CC=C1P(C2=CC=C(C(F)(F)F)C=C2)C3=CC=C(C(O)=O)C=C3)O,"p-Miran2Phos, P(4-CO2H-Ph)2(4-CF3-Ph)",2.00,FC(C(C=C1)=CC=C1C2=CC=C(OC)C=C2)(F)F,0.00
89,ClC1=CC=C(OC)C=C1,OB(O)C1=CC=C(C(F)(F)F)C=C1,O=CC1=CC=CC=C1P(C2=CC=CC=C2)C3=CC=CC=C3,PPh2(2-CHO-Ph),2.00,FC(C(C=C1)=CC=C1C2=CC=C(OC)C=C2)(F)F,0.00
90,ClC1=CC=C(OC)C=C1,OB(O)C1=CC=C(C(F)(F)F)C=C1,P(CCCO)(CCCO)CCCO,P(CH2CH2CH2OH)3,2.00,FC(C(C=C1)=CC=C1C2=CC=C(OC)C=C2)(F)F,3.00
91,ClC1=CC=C(OC)C=C1,OB(O)C1=C(C)C=C(C)C=C1C,CN(c1cccc(c1c1ccccc1P(C1CCCCC1)C1CCCCC1)N(C)C)C,CPhos,18.00,CC1=CC(C)=CC(C)=C1C2=CC=C(OC)C=C2,0.00
92,ClC1=CC=C(OC)C=C1,OB(O)C1=C(C)C=C(C)C=C1C,C1CCC(CC1)P(c1ccccc1c1ccccc1)C1CCCCC1,CyJohnPhos,18.00,CC1=CC(C)=CC(C)=C1C2=CC=C(OC)C=C2,3.00
93,ClC1=CC=C(OC)C=C1,OB(O)C1=C(C)C=C(C)C=C1C,C1[C@@H]2C[C@@H]3C[C@H]1C[C@](C2)(C3)P([C@]12C[C@H]3C[C@@H](C2)C[C@@H](C1)C3)[C@]12C[C@H]3C[C@@H](C2)C[C@@H](C1)C3,PAd3,18.00,CC1=CC(C)=CC(C)=C1C2=CC=C(OC)C=C2,0.00
94,ClC1=CC=C(OC)C=C1,OB(O)C1=C(C)C=C(C)C=C1C,CC(P(C(C)(C)C)C(C)(C)C)(C)C,PtBu3,18.00,CC1=CC(C)=CC(C)=C1C2=CC=C(OC)C=C2,0.00
95,ClC1=CC=C(OC)C=C1,OB(O)C1=C(C)C=C(C)C=C1C,CCCCP([C@]12C[C@H]3C[C@@H](C2)C[C@@H](C1)C3)[C@]12C[C@H]3C[C@@H](C2)C[C@@H](C1)C3,"PAd2nBu, CataCXium A",18.00,CC1=CC(C)=CC(C)=C1C2=CC=C(OC)C=C2,4.00
96,ClC1=CC=C(OC)C=C1,OB(O)C1=C(C)C=C(C)C=C1C,C1CCC(CC1)P(C1CCCCC1)C1CCCCC1,PCy3,18.00,CC1=CC(C)=CC(C)=C1C2=CC=C(OC)C=C2,30.00
97,ClC1=CC=C(OC)C=C1,OB(O)C1=C(C)C=C(C)C=C1C,CC(CP(C(C)(C)C)C(C)(C)C)(C)C,PtBu2neopentyl,18.00,CC1=CC(C)=CC(C)=C1C2=CC=C(OC)C=C2,0.00
98,ClC1=CC=C(OC)C=C1,OB(O)C1=C(C)C=C(C)C=C1C,CP(C(C)(C)C)C(C)(C)C,PtBu2Me,18.00,CC1=CC(C)=CC(C)=C1C2=CC=C(OC)C=C2,26.00
99,ClC1=CC=C(OC)C=C1,OB(O)C1=C(C)C=C(C)C=C1C,CCCCP(CCCC)CCCC,PnBu3,18.00,CC1=CC(C)=CC(C)=C1C2=CC=C(OC)C=C2,8.00
100,ClC1=CC=C(OC)C=C1,OB(O)C1=C(C)C=C(C)C=C1C,CCP(CC)CC,PEt3,18.00,CC1=CC(C)=CC(C)=C1C2=CC=C(OC)C=C2,4.00
101,ClC1=CC=C(OC)C=C1,OB(O)C1=C(C)C=C(C)C=C1C,CP(C)C,PMe3,18.00,CC1=CC(C)=CC(C)=C1C2=CC=C(OC)C=C2,0.00
102,ClC1=CC=C(OC)C=C1,OB(O)C1=C(C)C=C(C)C=C1C,CC(P(C(C)(C)C)C1CCCCC1)(C)C,PtBu2Cy,18.00,CC1=CC(C)=CC(C)=C1C2=CC=C(OC)C=C2,0.00
103,ClC1=CC=C(OC)C=C1,OB(O)C1=C(C)C=C(C)C=C1C,CC(P(C1CCCCC1)C1CCCCC1)(C)C,PtBuCy2,18.00,CC1=CC(C)=CC(C)=C1C2=CC=C(OC)C=C2,1.00
104,ClC1=CC=C(OC)C=C1,OB(O)C1=C(C)C=C(C)C=C1C,C1CCC(CC1)P(c1cccn1c1ccccc1)C1CCCCC1,"NPh-Pyrrole-PCy2, CataCXiumPCy",18.00,CC1=CC(C)=CC(C)=C1C2=CC=C(OC)C=C2,1.00
105,ClC1=CC=C(OC)C=C1,OB(O)C1=C(C)C=C(C)C=C1C,COc1cccc(c1P(c1c(OC)cccc1OC)c1c(OC)cccc1OC)OC,P(26OMePh)3,18.00,CC1=CC(C)=CC(C)=C1C2=CC=C(OC)C=C2,0.00
106,ClC1=CC=C(OC)C=C1,OB(O)C1=C(C)C=C(C)C=C1C,C1[C@@H]2C[C@@H]3C[C@H]1C[C@](C2)(C3)P([C@]12C[C@H]3C[C@@H](C2)C[C@@H](C1)C3)Cc1ccccc1,"PAd2Bn, cataCXium Abn",18.00,CC1=CC(C)=CC(C)=C1C2=CC=C(OC)C=C2,0.00
107,ClC1=CC=C(OC)C=C1,OB(O)C1=C(C)C=C(C)C=C1C,P(CC1=CC=CC=C1)(CC2=CC=CC=C2)CC3=CC=CC=C3,PBn3,18.00,CC1=CC(C)=CC(C)=C1C2=CC=C(OC)C=C2,30.00
108,ClC1=CC=C(OC)C=C1,OB(O)C1=C(C)C=C(C)C=C1C,C1CCC(CC1)P(c1ccccc1)C1CCCCC1,PCy2Ph,18.00,CC1=CC(C)=CC(C)=C1C2=CC=C(OC)C=C2,33.00
109,ClC1=CC=C(OC)C=C1,OB(O)C1=C(C)C=C(C)C=C1C,C1CCC(C1)P(C1CCCC1)C1CCCC1,PCyp3,18.00,CC1=CC(C)=CC(C)=C1C2=CC=C(OC)C=C2,30.00
110,ClC1=CC=C(OC)C=C1,OB(O)C1=C(C)C=C(C)C=C1C,CC(P(C(C)C)C(C)C)C,PiPr3,18.00,CC1=CC(C)=CC(C)=C1C2=CC=C(OC)C=C2,27.00
111,ClC1=CC=C(OC)C=C1,OB(O)C1=C(C)C=C(C)C=C1C,Cc1cccc(c1)P(c1cccc(c1)C)c1cccc(c1)C,PmTol3,18.00,CC1=CC(C)=CC(C)=C1C2=CC=C(OC)C=C2,32.00
112,ClC1=CC=C(OC)C=C1,OB(O)C1=C(C)C=C(C)C=C1C,CCCCP(C(C)(C)C)C(C)(C)C,PnButBu2,18.00,CC1=CC(C)=CC(C)=C1C2=CC=C(OC)C=C2,4.00
113,ClC1=CC=C(OC)C=C1,OB(O)C1=C(C)C=C(C)C=C1C,COc1ccc(c(c1c1c(cc(cc1C(C)C)C(C)C)C(C)C)P(C(C)(C)C)C(C)(C)C)OC,tBuBrettPhos,18.00,CC1=CC(C)=CC(C)=C1C2=CC=C(OC)C=C2,0.00
114,ClC1=CC=C(OC)C=C1,OB(O)C1=C(C)C=C(C)C=C1C,CC(c1cc(cc(c1c1ccccc1P(C(C)(C)C)C(C)(C)C)C(C)C)C(C)C)C,tBuXPhos,18.00,CC1=CC(C)=CC(C)=C1C2=CC=C(OC)C=C2,0.00
115,ClC1=CC=C(OC)C=C1,OB(O)C1=C(C)C=C(C)C=C1C,COc1ccc(c(c1P(C(C)(C)C)C(C)(C)C)c1c(cc(cc1C(C)C)C(C)C)C(C)C)C,RockPhos,18.00,CC1=CC(C)=CC(C)=C1C2=CC=C(OC)C=C2,0.00
116,ClC1=CC=C(OC)C=C1,OB(O)C1=C(C)C=C(C)C=C1C,COc1ccc(c(c1P(c1cc(cc(c1)C(F)(F)F)C(F)(F)F)c1cc(cc(c1)C(F)(F)F)C(F)(F)F)c1c(cc(cc1C(C)C)C(C)C)C(C)C)OC,JackiePhos = (35CF3)2PhBrettPhos,18.00,CC1=CC(C)=CC(C)=C1C2=CC=C(OC)C=C2,0.00
117,ClC1=CC=C(OC)C=C1,OB(O)C1=C(C)C=C(C)C=C1C,Cc1ccc(cc1)P(c1ccccc1)c1ccccc1,PPh2(4-Me-Ph),18.00,CC1=CC(C)=CC(C)=C1C2=CC=C(OC)C=C2,23.00
118,ClC1=CC=C(OC)C=C1,OB(O)C1=C(C)C=C(C)C=C1C,Fc1cccc(c1)P(c1cccc(c1)F)c1cccc(c1)F,P(3-FPh)3,18.00,CC1=CC(C)=CC(C)=C1C2=CC=C(OC)C=C2,0.00
119,ClC1=CC=C(OC)C=C1,OB(O)C1=C(C)C=C(C)C=C1C,N#CCCP(CCC#N)CCC#N,P(CH2CH2CN)3,18.00,CC1=CC(C)=CC(C)=C1C2=CC=C(OC)C=C2,0.00
120,ClC1=CC=C(OC)C=C1,OB(O)C1=C(C)C=C(C)C=C1C,CC(c1cc(cc(c1)C(C)(C)C)P(c1cc(cc(c1)C(C)(C)C)C(C)(C)C)C1CCCC1)(C)C,"PCyp(3,5-tBu2-Ph)2",18.00,CC1=CC(C)=CC(C)=C1C2=CC=C(OC)C=C2,48.00
121,ClC1=CC=C(OC)C=C1,OB(O)C1=C(C)C=C(C)C=C1C,CC(c1cc(cc(c1)C(C)(C)C)P(c1cc(cc(c1)C(C)(C)C)C(C)(C)C)C1CCCCC1)(C)C,"PCy(3,5-tBu2-Ph)2",18.00,CC1=CC(C)=CC(C)=C1C2=CC=C(OC)C=C2,50.00
122,ClC1=CC=C(OC)C=C1,OB(O)C1=C(C)C=C(C)C=C1C,CC(c1cc(cc(c1c1cc(cc(c1)c1c(cc(cc1C(C)C)C(C)C)C(C)C)P(C1CCCC1)C1CCCC1)C(C)C)C(C)C)C,"PCyp2(3,5-TRIP2-Ph)",18.00,CC1=CC(C)=CC(C)=C1C2=CC=C(OC)C=C2,36.00
123,ClC1=CC=C(OC)C=C1,OB(O)C1=C(C)C=C(C)C=C1C,C1CCC(CC1)P(c1ccccc1)c1ccccc1,PCyPh2,18.00,CC1=CC(C)=CC(C)=C1C2=CC=C(OC)C=C2,20.00
124,ClC1=CC=C(OC)C=C1,OB(O)C1=C(C)C=C(C)C=C1C,Cc1cc(C)cc(c1P(c1c(C)cc(cc1C)C)C1CCCC1)C,PCypMes2,18.00,CC1=CC(C)=CC(C)=C1C2=CC=C(OC)C=C2,0.00
125,ClC1=CC=C(OC)C=C1,OB(O)C1=C(C)C=C(C)C=C1C,Cc1cc(cc(c1)C)P(c1cc(C)cc(c1)C)C1CCCC1,"PCyp(3,5-Me2-Ph)2",18.00,CC1=CC(C)=CC(C)=C1C2=CC=C(OC)C=C2,57.00
126,ClC1=CC=C(OC)C=C1,OB(O)C1=C(C)C=C(C)C=C1C,COc1ccc(cc1)P(c1ccc(cc1)OC)C1CCCCC1,PCy(4-OMe-Ph)2,18.00,CC1=CC(C)=CC(C)=C1C2=CC=C(OC)C=C2,39.00
127,ClC1=CC=C(OC)C=C1,OB(O)C1=C(C)C=C(C)C=C1C,CC(P(c1cc(cc(c1)C(C)(C)C)C(C)(C)C)c1cc(cc(c1)C(C)(C)C)C(C)(C)C)(C)C,"PtBu(3,5-tBu2-Ph)2",18.00,CC1=CC(C)=CC(C)=C1C2=CC=C(OC)C=C2,7.00
128,ClC1=CC=C(OC)C=C1,OB(O)C1=C(C)C=C(C)C=C1C,CC(c1cc(cc(c1)C(C)(C)C)P(c1cc(cc(c1)C(C)(C)C)C(C)(C)C)CC1CCCC1)(C)C,"PCH2Cyp(3,5-tBu2-Ph)2",18.00,CC1=CC(C)=CC(C)=C1C2=CC=C(OC)C=C2,52.00
129,ClC1=CC=C(OC)C=C1,OB(O)C1=C(C)C=C(C)C=C1C,CC(c1cc(cc(c1c1cc(cc(c1)c1c(cc(cc1C(C)C)C(C)C)C(C)C)P(C1CCCCC1)C1CCCCC1)C(C)C)C(C)C)C,"PCy2(3,5-TRIP2-Ph)",18.00,CC1=CC(C)=CC(C)=C1C2=CC=C(OC)C=C2,14.00
130,ClC1=CC=C(OC)C=C1,OB(O)C1=C(C)C=C(C)C=C1C,COc1ccc(cc1)P(C1CCCC1)C1CCCC1,PCyp2(4-OMe-Ph),18.00,CC1=CC(C)=CC(C)=C1C2=CC=C(OC)C=C2,40.00
131,ClC1=CC=C(OC)C=C1,OB(O)C1=C(C)C=C(C)C=C1C,CC(c1cc(cc(c1c1cc(cc(c1)c1c(cc(cc1C(C)(C)C)C(C)(C)C)C(C)(C)C)P(C1CCCC1)C1CCCC1)C(C)(C)C)C(C)(C)C)(C)C,"PCyp2(3,5-(2,4,6-tBu3-Ph)2-Ph)",18.00,CC1=CC(C)=CC(C)=C1C2=CC=C(OC)C=C2,1.00
132,ClC1=CC=C(OC)C=C1,OB(O)C1=C(C)C=C(C)C=C1C,Cc1ccccc1P(c1ccccc1C)C1CCCCC1,PCyoTol2,18.00,CC1=CC(C)=CC(C)=C1C2=CC=C(OC)C=C2,0.00
133,ClC1=CC=C(OC)C=C1,OB(O)C1=C(C)C=C(C)C=C1C,Cc1cc(C)c(c(c1)C)P(c1cc(cc(c1)C(C)(C)C)C(C)(C)C)C1CCCC1,"PCypMes(3,5-tBu2-Ph)",18.00,CC1=CC(C)=CC(C)=C1C2=CC=C(OC)C=C2,0.00
134,ClC1=CC=C(OC)C=C1,OB(O)C1=C(C)C=C(C)C=C1C,CC(c1cc(cc(c1)C(C)(C)C)P(c1cc(cc(c1)C(C)(C)C)C(C)(C)C)[C@@H]1C[C@@H]2C[C@H]1C=C2)(C)C,"P(exo-norbornenyl)(3,5-tBu2-Ph)2",18.00,CC1=CC(C)=CC(C)=C1C2=CC=C(OC)C=C2,35.00
135,ClC1=CC=C(OC)C=C1,OB(O)C1=C(C)C=C(C)C=C1C,Cc1cc(C)cc(c1c1cc(cc(c1)c1c(C)cc(cc1C)C)P(c1cc(cc(c1)c1c(C)cc(cc1C)C)c1c(C)cc(cc1C)C)C1CCCC1)C,"PCyp(3,5-Mes2-Ph)2",18.00,CC1=CC(C)=CC(C)=C1C2=CC=C(OC)C=C2,23.00
136,ClC1=CC=C(OC)C=C1,OB(O)C1=C(C)C=C(C)C=C1C,C1CCC(C1)P(c1cc2CCCN3c2c(c1)CCC3)c1cc2CCCN3c2c(c1)CCC3,PCyp(9THPQ)2,18.00,CC1=CC(C)=CC(C)=C1C2=CC=C(OC)C=C2,38.00
137,ClC1=CC=C(OC)C=C1,OB(O)C1=C(C)C=C(C)C=C1C,CC(c1cc(C(C)C)c(c(c1)C(C)C)c1cc(cc(c1)c1c(cc(cc1C(C)C)C(C)C)C(C)C)P(c1cc(cc(c1)C(C)(C)C)C(C)(C)C)c1cc(cc(c1)C(C)(C)C)C(C)(C)C)C,"P(3,5-tBu2-Ph)2(3,5-TRIP2-Ph)",18.00,CC1=CC(C)=CC(C)=C1C2=CC=C(OC)C=C2,7.00
138,ClC1=CC=C(OC)C=C1,OB(O)C1=C(C)C=C(C)C=C1C,CC(c1cc(cc(c1)C(C)(C)C)P(c1cc(cc(c1)C(C)(C)C)C(C)(C)C)c1ccccc1)(C)C,"PPh(3,5-tBu2-Ph)2",18.00,CC1=CC(C)=CC(C)=C1C2=CC=C(OC)C=C2,40.00
139,ClC1=CC=C(OC)C=C1,OB(O)C1=C(C)C=C(C)C=C1C,P(c1c(cc(cc1)C)C)(c1c(cc(cc1)C)C)c1c(cc(cc1)C)C,"P(2,4-Me2-Ph)3",18.00,CC1=CC(C)=CC(C)=C1C2=CC=C(OC)C=C2,0.00
140,ClC1=CC=C(OC)C=C1,OB(O)C1=C(C)C=C(C)C=C1C,c1ccc2c(c1)c1c(p2c2ccccc2)cccc1,PhDBP Dibenzophosphole-Ph,18.00,CC1=CC(C)=CC(C)=C1C2=CC=C(OC)C=C2,0.00
141,ClC1=CC=C(OC)C=C1,OB(O)C1=C(C)C=C(C)C=C1C,P(c1cc(ccc1)Cl)(c1cc(ccc1)Cl)c1cc(ccc1)Cl,P(3-Cl-Ph)3,18.00,CC1=CC(C)=CC(C)=C1C2=CC=C(OC)C=C2,0.00
142,ClC1=CC=C(OC)C=C1,OB(O)C1=C(C)C=C(C)C=C1C,P(CCCCCCCC)(CCCCCCCC)CCCCCCCC,P(nOct)3,18.00,CC1=CC(C)=CC(C)=C1C2=CC=C(OC)C=C2,6.00
143,ClC1=CC=C(OC)C=C1,OB(O)C1=C(C)C=C(C)C=C1C,P12CN3CN(C1)CN(C2)C3,Triazaphosphaadamantane PTA,18.00,CC1=CC(C)=CC(C)=C1C2=CC=C(OC)C=C2,0.00
144,ClC1=CC=C(OC)C=C1,OB(O)C1=C(C)C=C(C)C=C1C,P(c1cc(ccc1)OC)(c1cc(ccc1)OC)c1cc(ccc1)OC,P(3-OMePh)3,18.00,CC1=CC(C)=CC(C)=C1C2=CC=C(OC)C=C2,21.00
145,ClC1=CC=C(OC)C=C1,OB(O)C1=C(C)C=C(C)C=C1C,P(CC=C)(CC=C)CC=C,PAllyl3,18.00,CC1=CC(C)=CC(C)=C1C2=CC=C(OC)C=C2,0.00
146,ClC1=CC=C(OC)C=C1,OB(O)C1=C(C)C=C(C)C=C1C,P(CC(C)C)(CC(C)C)CC(C)C,P(iBu)3,18.00,CC1=CC(C)=CC(C)=C1C2=CC=C(OC)C=C2,12.00
147,ClC1=CC=C(OC)C=C1,OB(O)C1=C(C)C=C(C)C=C1C,P(c1c(cccc1)Br)(c1ccccc1)c1ccccc1,PPh2(2-Br-Ph),18.00,CC1=CC(C)=CC(C)=C1C2=CC=C(OC)C=C2,0.00
148,ClC1=CC=C(OC)C=C1,OB(O)C1=C(C)C=C(C)C=C1C,P(c1c(cccc1)C)(c1ccccc1)c1ccccc1,PPh2oTol,18.00,CC1=CC(C)=CC(C)=C1C2=CC=C(OC)C=C2,3.00
149,ClC1=CC=C(OC)C=C1,OB(O)C1=C(C)C=C(C)C=C1C,P(C(C)(C)C)(C(C)(C)C)c1c(c2c(cc1)cccc2)c1c2c(ccc1)cccc2,TrixiePhos (PtBu2(binaphthyl)),18.00,CC1=CC(C)=CC(C)=C1C2=CC=C(OC)C=C2,0.00
150,ClC1=CC=C(OC)C=C1,OB(O)C1=C(C)C=C(C)C=C1C,P(C1CCCCC1)(C1CCCCC1)c1c(cccc1)c1c(cccc1)C,MePhos,18.00,CC1=CC(C)=CC(C)=C1C2=CC=C(OC)C=C2,2.00
151,ClC1=CC=C(OC)C=C1,OB(O)C1=C(C)C=C(C)C=C1C,P(C(C)(C)C)(C(C)(C)C)c1c(cccc1)c1c(cccc1)C,tBuMePhos,18.00,CC1=CC(C)=CC(C)=C1C2=CC=C(OC)C=C2,0.00
152,ClC1=CC=C(OC)C=C1,OB(O)C1=C(C)C=C(C)C=C1C,P(C(C)(C)C)(C(C)(C)C)c1c(cccc1)c1c(cccc1)N(C)C,tBuDavePhos,18.00,CC1=CC(C)=CC(C)=C1C2=CC=C(OC)C=C2,0.00
153,ClC1=CC=C(OC)C=C1,OB(O)C1=C(C)C=C(C)C=C1C,P(C(C)(C)C)(C(C)(C)C)c1n(ncc1)c1c(n(nc1c1ccccc1)c1ccccc1)c1ccccc1,Bippyphos,18.00,CC1=CC(C)=CC(C)=C1C2=CC=C(OC)C=C2,0.00
154,ClC1=CC=C(OC)C=C1,OB(O)C1=C(C)C=C(C)C=C1C,P(C(C)(C)C)(C(C)(C)C)c1c(cccc1)n1nc(cc1c1ccccc1)c1ccccc1,TrippyPhos PtBu2(2-Ph2pyrazol-1-yl-Ph),18.00,CC1=CC(C)=CC(C)=C1C2=CC=C(OC)C=C2,0.00
155,ClC1=CC=C(OC)C=C1,OB(O)C1=C(C)C=C(C)C=C1C,P(C(C)(C)C)(C(C)(C)C)c1n(c2c(c1)cccc2)c1ccccc1,"PtBu2(N-Ph-indol-2-yl), cataCXiumPIntB",18.00,CC1=CC(C)=CC(C)=C1C2=CC=C(OC)C=C2,0.00
156,ClC1=CC=C(OC)C=C1,OB(O)C1=C(C)C=C(C)C=C1C,P(C(C)(C)C)(C(C)(C)C)c1n(ccc1)c1ccccc1,"NPh-Pyrrole-PtBu2, CataCXium PtB",18.00,CC1=CC(C)=CC(C)=C1C2=CC=C(OC)C=C2,0.00
157,ClC1=CC=C(OC)C=C1,OB(O)C1=C(C)C=C(C)C=C1C,P(C1c2c(cccc2)C=Cc2c1cccc2)(c1ccccc1)c1ccccc1,tropPPh2,18.00,CC1=CC(C)=CC(C)=C1C2=CC=C(OC)C=C2,0.00
158,ClC1=CC=C(OC)C=C1,OB(O)C1=C(C)C=C(C)C=C1C,P(C1CCCCC1)(C1CCCCC1)c1n(ccn1)c1c(cc(cc1C)C)C,Cataxium PICy,18.00,CC1=CC(C)=CC(C)=C1C2=CC=C(OC)C=C2,1.00
159,ClC1=CC=C(OC)C=C1,OB(O)C1=C(C)C=C(C)C=C1C,P(C(C)(C)C)(C(C)(C)C)c1n(ccc1)c1c(cccc1)OC,"N(2-OMe-Ph)-Pyrrole-PtBu2, cataCXiumPOMetB",18.00,CC1=CC(C)=CC(C)=C1C2=CC=C(OC)C=C2,0.00
160,ClC1=CC=C(OC)C=C1,OB(O)C1=C(C)C=C(C)C=C1C,P(C1CCCCC1)(C1CCCCC1)c1n(ccc1)c1c(cccc1)OC,"N(2-OMe-Ph)-Pyrrole-PCy2, cataCXiumPOMeCy",18.00,CC1=CC(C)=CC(C)=C1C2=CC=C(OC)C=C2,2.00
161,ClC1=CC=C(OC)C=C1,OB(O)C1=C(C)C=C(C)C=C1C,P(C1CCCCC1)(C1CCCCC1)c1n(c2c(c1)cccc2)c1ccccc1,cataCXiumPInCy,18.00,CC1=CC(C)=CC(C)=C1C2=CC=C(OC)C=C2,1.00
162,ClC1=CC=C(OC)C=C1,OB(O)C1=C(C)C=C(C)C=C1C,P(C1CCCCC1)(C1CCCCC1)c1c(cccc1)c1c(cc(cc1OC)OC)OC,"1-Cy2P-2’,4’,6’-MeO-Ph2",18.00,CC1=CC(C)=CC(C)=C1C2=CC=C(OC)C=C2,1.00
163,ClC1=CC=C(OC)C=C1,OB(O)C1=C(C)C=C(C)C=C1C,P(C(C)(C)C)(C(C)(C)C)c1n(ncc1)c1c2c(ccc1)cccc2,NappyPhos PtBu2(N-1Nap-pyrazol-5-yl),18.00,CC1=CC(C)=CC(C)=C1C2=CC=C(OC)C=C2,0.00
164,ClC1=CC=C(OC)C=C1,OB(O)C1=C(C)C=C(C)C=C1C,P(C1CCCCC1)(C1CCCCC1)c1n(ncc1)c1c(n(nc1c1ccccc1)c1ccccc1)c1ccccc1,Cy-BippyPhos,18.00,CC1=CC(C)=CC(C)=C1C2=CC=C(OC)C=C2,0.00
165,ClC1=CC=C(OC)C=C1,OB(O)C1=C(C)C=C(C)C=C1C,P(C1CCCCC1)(C1CCCCC1)c1c(cccc1)n1c2c(c3c1cccc3)cccc2,Cy-PhenCarPhos,18.00,CC1=CC(C)=CC(C)=C1C2=CC=C(OC)C=C2,0.00
166,ClC1=CC=C(OC)C=C1,OB(O)C1=C(C)C=C(C)C=C1C,P([C@]12C[C@@H]3C[C@H](C1)C[C@H](C2)C3)([C@]12C[C@@H]3C[C@H](C1)C[C@H](C2)C3)c1n(ncc1)c1c(n(nc1c1ccccc1)c1ccccc1)c1ccccc1,AdBippyphos,18.00,CC1=CC(C)=CC(C)=C1C2=CC=C(OC)C=C2,0.00
167,ClC1=CC=C(OC)C=C1,OB(O)C1=C(C)C=C(C)C=C1C,P(C1c2c(cccc2)C=Cc2c1cccc2)(C1c2c(cccc2)C=Cc2c1cccc2)c1ccccc1,trop2PPh,18.00,CC1=CC(C)=CC(C)=C1C2=CC=C(OC)C=C2,0.00
168,ClC1=CC=C(OC)C=C1,OB(O)C1=C(C)C=C(C)C=C1C,FC(F)(F)C(F)(F)C(F)(F)C(C(F)(F)F)(C(F)(F)F)Cc1ccc(cc1)P(c3ccc(cc3)CC(C(F)(F)F)(C(F)(F)F)C(F)(F)C(F)(F)C(F)(F)F)c2ccccc2,"PPh (4-(2,2-(CF3)2-F7pent)-Ph)2",18.00,CC1=CC(C)=CC(C)=C1C2=CC=C(OC)C=C2,1.00
169,ClC1=CC=C(OC)C=C1,OB(O)C1=C(C)C=C(C)C=C1C,CC(C1=CC(P(C2=CC(C(C)(C)C)=CC(C(C)(C)C)=C2)C3=CC(C(C)(C)C)=CC(C(C)(C)C)=C3)=CC(C(C)(C)C)=C1)(C)C,"P(3,5-tBu2-Ph)3",18.00,CC1=CC(C)=CC(C)=C1C2=CC=C(OC)C=C2,63.00
170,ClC1=CC=C(OC)C=C1,OB(O)C1=C(C)C=C(C)C=C1C,O=CC1=CC=CC=C1P(C2=CC(C(C)(C)C)=C(OC)C(C(C)(C)C)=C2)C3=CC(C(C)(C)C)=C(OC)C(C(C)(C)C)=C3,"P(3,5tBu2-4-OMe-Ph)2(2-CHO-Ph)",18.00,CC1=CC(C)=CC(C)=C1C2=CC=C(OC)C=C2,0.00
171,ClC1=CC=C(OC)C=C1,OB(O)C1=C(C)C=C(C)C=C1C,O=CC1=CC=CC=C1P(C2=CC(C)=CC(C)=C2)C3=CC(C)=CC(C)=C3,"P(3,5Me2-Ph)2(2-CHO-Ph)",18.00,CC1=CC(C)=CC(C)=C1C2=CC=C(OC)C=C2,0.00
172,ClC1=CC=C(OC)C=C1,OB(O)C1=C(C)C=C(C)C=C1C,c1ccc(cc1)P(c2ccccc2)c3ccccc3C#N,Ph2P(2-PhCN),18.00,CC1=CC(C)=CC(C)=C1C2=CC=C(OC)C=C2,0.00
173,ClC1=CC=C(OC)C=C1,OB(O)C1=C(C)C=C(C)C=C1C,COC(=O)CCP(CCC(=O)OC)CCC(=O)OC,(MeO2CCH2CH2)3P,18.00,CC1=CC(C)=CC(C)=C1C2=CC=C(OC)C=C2,0.00
174,ClC1=CC=C(OC)C=C1,OB(O)C1=C(C)C=C(C)C=C1C,OCP(CO)CO,"(HOCH2)3P
",18.00,CC1=CC(C)=CC(C)=C1C2=CC=C(OC)C=C2,0.00
175,ClC1=CC=C(OC)C=C1,OB(O)C1=C(C)C=C(C)C=C1C,FC(C1=CC(P(C2=CC=CC(C(O)=O)=C2)C3=CC=CC(C(F)(F)F)=C3)=CC=C1)(F)F,"m-MiranPhos, P(3-CO2H-Ph)(3-CF3-Ph)2",18.00,CC1=CC(C)=CC(C)=C1C2=CC=C(OC)C=C2,0.00
176,ClC1=CC=C(OC)C=C1,OB(O)C1=C(C)C=C(C)C=C1C,O=C(O)C1=CC(P(C2=CC=CC(C(F)(F)F)=C2)C3=CC=CC(C(O)=O)=C3)=CC=C1,"m-Miran2Phos, P(3-CO2H-Ph)2(3-CF3-Ph)",18.00,CC1=CC(C)=CC(C)=C1C2=CC=C(OC)C=C2,0.00
177,ClC1=CC=C(OC)C=C1,OB(O)C1=C(C)C=C(C)C=C1C,O=C(C(C=C1)=CC=C1P(C2=CC=C(C(F)(F)F)C=C2)C3=CC=C(C(F)(F)F)C=C3)O,"p-MiranPhos, P(4-CO2H-Ph)(4-CF3-Ph)2",18.00,CC1=CC(C)=CC(C)=C1C2=CC=C(OC)C=C2,0.00
178,ClC1=CC=C(OC)C=C1,OB(O)C1=C(C)C=C(C)C=C1C,O=C(C(C=C1)=CC=C1P(C2=CC=C(C(F)(F)F)C=C2)C3=CC=C(C(O)=O)C=C3)O,"p-Miran2Phos, P(4-CO2H-Ph)2(4-CF3-Ph)",18.00,CC1=CC(C)=CC(C)=C1C2=CC=C(OC)C=C2,0.00
179,ClC1=CC=C(OC)C=C1,OB(O)C1=C(C)C=C(C)C=C1C,O=CC1=CC=CC=C1P(C2=CC=CC=C2)C3=CC=CC=C3,PPh2(2-CHO-Ph),18.00,CC1=CC(C)=CC(C)=C1C2=CC=C(OC)C=C2,0.00
180,ClC1=CC=C(OC)C=C1,OB(O)C1=C(C)C=C(C)C=C1C,P(CCCO)(CCCO)CCCO,P(CH2CH2CH2OH)3,18.00,CC1=CC(C)=CC(C)=C1C2=CC=C(OC)C=C2,0.00
181,ClC1=CC=C(OC)C=C1,OB(O)C1=CC=C(C(OCC)=O)C=C1,CN(c1cccc(c1c1ccccc1P(C1CCCCC1)C1CCCCC1)N(C)C)C,CPhos,2.00,O=C(C1=CC=C(C2=CC=C(OC)C=C2)C=C1)OCC,0.00
182,ClC1=CC=C(OC)C=C1,OB(O)C1=CC=C(C(OCC)=O)C=C1,C1CCC(CC1)P(c1ccccc1c1ccccc1)C1CCCCC1,CyJohnPhos,2.00,O=C(C1=CC=C(C2=CC=C(OC)C=C2)C=C1)OCC,9.00
183,ClC1=CC=C(OC)C=C1,OB(O)C1=CC=C(C(OCC)=O)C=C1,C1[C@@H]2C[C@@H]3C[C@H]1C[C@](C2)(C3)P([C@]12C[C@H]3C[C@@H](C2)C[C@@H](C1)C3)[C@]12C[C@H]3C[C@@H](C2)C[C@@H](C1)C3,PAd3,2.00,O=C(C1=CC=C(C2=CC=C(OC)C=C2)C=C1)OCC,1.00
184,ClC1=CC=C(OC)C=C1,OB(O)C1=CC=C(C(OCC)=O)C=C1,CC(P(C(C)(C)C)C(C)(C)C)(C)C,PtBu3,2.00,O=C(C1=CC=C(C2=CC=C(OC)C=C2)C=C1)OCC,0.00
185,ClC1=CC=C(OC)C=C1,OB(O)C1=CC=C(C(OCC)=O)C=C1,CCCCP([C@]12C[C@H]3C[C@@H](C2)C[C@@H](C1)C3)[C@]12C[C@H]3C[C@@H](C2)C[C@@H](C1)C3,"PAd2nBu, CataCXium A",2.00,O=C(C1=CC=C(C2=CC=C(OC)C=C2)C=C1)OCC,1.00
186,ClC1=CC=C(OC)C=C1,OB(O)C1=CC=C(C(OCC)=O)C=C1,C1CCC(CC1)P(C1CCCCC1)C1CCCCC1,PCy3,2.00,O=C(C1=CC=C(C2=CC=C(OC)C=C2)C=C1)OCC,12.00
187,ClC1=CC=C(OC)C=C1,OB(O)C1=CC=C(C(OCC)=O)C=C1,CC(CP(C(C)(C)C)C(C)(C)C)(C)C,PtBu2neopentyl,2.00,O=C(C1=CC=C(C2=CC=C(OC)C=C2)C=C1)OCC,0.00
188,ClC1=CC=C(OC)C=C1,OB(O)C1=CC=C(C(OCC)=O)C=C1,CP(C(C)(C)C)C(C)(C)C,PtBu2Me,2.00,O=C(C1=CC=C(C2=CC=C(OC)C=C2)C=C1)OCC,7.00
189,ClC1=CC=C(OC)C=C1,OB(O)C1=CC=C(C(OCC)=O)C=C1,CCCCP(CCCC)CCCC,PnBu3,2.00,O=C(C1=CC=C(C2=CC=C(OC)C=C2)C=C1)OCC,14.00
190,ClC1=CC=C(OC)C=C1,OB(O)C1=CC=C(C(OCC)=O)C=C1,CCP(CC)CC,PEt3,2.00,O=C(C1=CC=C(C2=CC=C(OC)C=C2)C=C1)OCC,1.00
191,ClC1=CC=C(OC)C=C1,OB(O)C1=CC=C(C(OCC)=O)C=C1,CP(C)C,PMe3,2.00,O=C(C1=CC=C(C2=CC=C(OC)C=C2)C=C1)OCC,3.00
192,ClC1=CC=C(OC)C=C1,OB(O)C1=CC=C(C(OCC)=O)C=C1,CC(P(C(C)(C)C)C1CCCCC1)(C)C,PtBu2Cy,2.00,O=C(C1=CC=C(C2=CC=C(OC)C=C2)C=C1)OCC,0.00
193,ClC1=CC=C(OC)C=C1,OB(O)C1=CC=C(C(OCC)=O)C=C1,CC(P(C1CCCCC1)C1CCCCC1)(C)C,PtBuCy2,2.00,O=C(C1=CC=C(C2=CC=C(OC)C=C2)C=C1)OCC,1.00
194,ClC1=CC=C(OC)C=C1,OB(O)C1=CC=C(C(OCC)=O)C=C1,C1CCC(CC1)P(c1cccn1c1ccccc1)C1CCCCC1,"NPh-Pyrrole-PCy2, CataCXiumPCy",2.00,O=C(C1=CC=C(C2=CC=C(OC)C=C2)C=C1)OCC,7.00
195,ClC1=CC=C(OC)C=C1,OB(O)C1=CC=C(C(OCC)=O)C=C1,COc1cccc(c1P(c1c(OC)cccc1OC)c1c(OC)cccc1OC)OC,P(26OMePh)3,2.00,O=C(C1=CC=C(C2=CC=C(OC)C=C2)C=C1)OCC,0.00
196,ClC1=CC=C(OC)C=C1,OB(O)C1=CC=C(C(OCC)=O)C=C1,C1[C@@H]2C[C@@H]3C[C@H]1C[C@](C2)(C3)P([C@]12C[C@H]3C[C@@H](C2)C[C@@H](C1)C3)Cc1ccccc1,"PAd2Bn, cataCXium Abn",2.00,O=C(C1=CC=C(C2=CC=C(OC)C=C2)C=C1)OCC,0.00
197,ClC1=CC=C(OC)C=C1,OB(O)C1=CC=C(C(OCC)=O)C=C1,P(CC1=CC=CC=C1)(CC2=CC=CC=C2)CC3=CC=CC=C3,PBn3,2.00,O=C(C1=CC=C(C2=CC=C(OC)C=C2)C=C1)OCC,44.00
198,ClC1=CC=C(OC)C=C1,OB(O)C1=CC=C(C(OCC)=O)C=C1,C1CCC(CC1)P(c1ccccc1)C1CCCCC1,PCy2Ph,2.00,O=C(C1=CC=C(C2=CC=C(OC)C=C2)C=C1)OCC,27.00
199,ClC1=CC=C(OC)C=C1,OB(O)C1=CC=C(C(OCC)=O)C=C1,C1CCC(C1)P(C1CCCC1)C1CCCC1,PCyp3,2.00,O=C(C1=CC=C(C2=CC=C(OC)C=C2)C=C1)OCC,6.00
200,ClC1=CC=C(OC)C=C1,OB(O)C1=CC=C(C(OCC)=O)C=C1,CC(P(C(C)C)C(C)C)C,PiPr3,2.00,O=C(C1=CC=C(C2=CC=C(OC)C=C2)C=C1)OCC,2.00
201,ClC1=CC=C(OC)C=C1,OB(O)C1=CC=C(C(OCC)=O)C=C1,Cc1cccc(c1)P(c1cccc(c1)C)c1cccc(c1)C,PmTol3,2.00,O=C(C1=CC=C(C2=CC=C(OC)C=C2)C=C1)OCC,18.00
202,ClC1=CC=C(OC)C=C1,OB(O)C1=CC=C(C(OCC)=O)C=C1,CCCCP(C(C)(C)C)C(C)(C)C,PnButBu2,2.00,O=C(C1=CC=C(C2=CC=C(OC)C=C2)C=C1)OCC,1.00
203,ClC1=CC=C(OC)C=C1,OB(O)C1=CC=C(C(OCC)=O)C=C1,COc1ccc(c(c1c1c(cc(cc1C(C)C)C(C)C)C(C)C)P(C(C)(C)C)C(C)(C)C)OC,tBuBrettPhos,2.00,O=C(C1=CC=C(C2=CC=C(OC)C=C2)C=C1)OCC,0.00
204,ClC1=CC=C(OC)C=C1,OB(O)C1=CC=C(C(OCC)=O)C=C1,CC(c1cc(cc(c1c1ccccc1P(C(C)(C)C)C(C)(C)C)C(C)C)C(C)C)C,tBuXPhos,2.00,O=C(C1=CC=C(C2=CC=C(OC)C=C2)C=C1)OCC,0.00
205,ClC1=CC=C(OC)C=C1,OB(O)C1=CC=C(C(OCC)=O)C=C1,COc1ccc(c(c1P(C(C)(C)C)C(C)(C)C)c1c(cc(cc1C(C)C)C(C)C)C(C)C)C,RockPhos,2.00,O=C(C1=CC=C(C2=CC=C(OC)C=C2)C=C1)OCC,0.00
206,ClC1=CC=C(OC)C=C1,OB(O)C1=CC=C(C(OCC)=O)C=C1,COc1ccc(c(c1P(c1cc(cc(c1)C(F)(F)F)C(F)(F)F)c1cc(cc(c1)C(F)(F)F)C(F)(F)F)c1c(cc(cc1C(C)C)C(C)C)C(C)C)OC,JackiePhos = (35CF3)2PhBrettPhos,2.00,O=C(C1=CC=C(C2=CC=C(OC)C=C2)C=C1)OCC,0.00
207,ClC1=CC=C(OC)C=C1,OB(O)C1=CC=C(C(OCC)=O)C=C1,Cc1ccc(cc1)P(c1ccccc1)c1ccccc1,PPh2(4-Me-Ph),2.00,O=C(C1=CC=C(C2=CC=C(OC)C=C2)C=C1)OCC,13.00
208,ClC1=CC=C(OC)C=C1,OB(O)C1=CC=C(C(OCC)=O)C=C1,Fc1cccc(c1)P(c1cccc(c1)F)c1cccc(c1)F,P(3-FPh)3,2.00,O=C(C1=CC=C(C2=CC=C(OC)C=C2)C=C1)OCC,6.00
209,ClC1=CC=C(OC)C=C1,OB(O)C1=CC=C(C(OCC)=O)C=C1,N#CCCP(CCC#N)CCC#N,P(CH2CH2CN)3,2.00,O=C(C1=CC=C(C2=CC=C(OC)C=C2)C=C1)OCC,0.00
210,ClC1=CC=C(OC)C=C1,OB(O)C1=CC=C(C(OCC)=O)C=C1,CC(c1cc(cc(c1)C(C)(C)C)P(c1cc(cc(c1)C(C)(C)C)C(C)(C)C)C1CCCC1)(C)C,"PCyp(3,5-tBu2-Ph)2",2.00,O=C(C1=CC=C(C2=CC=C(OC)C=C2)C=C1)OCC,73.00
211,ClC1=CC=C(OC)C=C1,OB(O)C1=CC=C(C(OCC)=O)C=C1,CC(c1cc(cc(c1)C(C)(C)C)P(c1cc(cc(c1)C(C)(C)C)C(C)(C)C)C1CCCCC1)(C)C,"PCy(3,5-tBu2-Ph)2",2.00,O=C(C1=CC=C(C2=CC=C(OC)C=C2)C=C1)OCC,72.00
212,ClC1=CC=C(OC)C=C1,OB(O)C1=CC=C(C(OCC)=O)C=C1,CC(c1cc(cc(c1c1cc(cc(c1)c1c(cc(cc1C(C)C)C(C)C)C(C)C)P(C1CCCC1)C1CCCC1)C(C)C)C(C)C)C,"PCyp2(3,5-TRIP2-Ph)",2.00,O=C(C1=CC=C(C2=CC=C(OC)C=C2)C=C1)OCC,13.00
213,ClC1=CC=C(OC)C=C1,OB(O)C1=CC=C(C(OCC)=O)C=C1,C1CCC(CC1)P(c1ccccc1)c1ccccc1,PCyPh2,2.00,O=C(C1=CC=C(C2=CC=C(OC)C=C2)C=C1)OCC,23.00
214,ClC1=CC=C(OC)C=C1,OB(O)C1=CC=C(C(OCC)=O)C=C1,Cc1cc(C)cc(c1P(c1c(C)cc(cc1C)C)C1CCCC1)C,PCypMes2,2.00,O=C(C1=CC=C(C2=CC=C(OC)C=C2)C=C1)OCC,0.00
215,ClC1=CC=C(OC)C=C1,OB(O)C1=CC=C(C(OCC)=O)C=C1,Cc1cc(cc(c1)C)P(c1cc(C)cc(c1)C)C1CCCC1,"PCyp(3,5-Me2-Ph)2",2.00,O=C(C1=CC=C(C2=CC=C(OC)C=C2)C=C1)OCC,40.00
216,ClC1=CC=C(OC)C=C1,OB(O)C1=CC=C(C(OCC)=O)C=C1,COc1ccc(cc1)P(c1ccc(cc1)OC)C1CCCCC1,PCy(4-OMe-Ph)2,2.00,O=C(C1=CC=C(C2=CC=C(OC)C=C2)C=C1)OCC,36.00
217,ClC1=CC=C(OC)C=C1,OB(O)C1=CC=C(C(OCC)=O)C=C1,CC(P(c1cc(cc(c1)C(C)(C)C)C(C)(C)C)c1cc(cc(c1)C(C)(C)C)C(C)(C)C)(C)C,"PtBu(3,5-tBu2-Ph)2",2.00,O=C(C1=CC=C(C2=CC=C(OC)C=C2)C=C1)OCC,14.00
218,ClC1=CC=C(OC)C=C1,OB(O)C1=CC=C(C(OCC)=O)C=C1,CC(c1cc(cc(c1)C(C)(C)C)P(c1cc(cc(c1)C(C)(C)C)C(C)(C)C)CC1CCCC1)(C)C,"PCH2Cyp(3,5-tBu2-Ph)2",2.00,O=C(C1=CC=C(C2=CC=C(OC)C=C2)C=C1)OCC,48.00
219,ClC1=CC=C(OC)C=C1,OB(O)C1=CC=C(C(OCC)=O)C=C1,CC(c1cc(cc(c1c1cc(cc(c1)c1c(cc(cc1C(C)C)C(C)C)C(C)C)P(C1CCCCC1)C1CCCCC1)C(C)C)C(C)C)C,"PCy2(3,5-TRIP2-Ph)",2.00,O=C(C1=CC=C(C2=CC=C(OC)C=C2)C=C1)OCC,13.00
220,ClC1=CC=C(OC)C=C1,OB(O)C1=CC=C(C(OCC)=O)C=C1,COc1ccc(cc1)P(C1CCCC1)C1CCCC1,PCyp2(4-OMe-Ph),2.00,O=C(C1=CC=C(C2=CC=C(OC)C=C2)C=C1)OCC,21.00
221,ClC1=CC=C(OC)C=C1,OB(O)C1=CC=C(C(OCC)=O)C=C1,CC(c1cc(cc(c1c1cc(cc(c1)c1c(cc(cc1C(C)(C)C)C(C)(C)C)C(C)(C)C)P(C1CCCC1)C1CCCC1)C(C)(C)C)C(C)(C)C)(C)C,"PCyp2(3,5-(2,4,6-tBu3-Ph)2-Ph)",2.00,O=C(C1=CC=C(C2=CC=C(OC)C=C2)C=C1)OCC,3.00
222,ClC1=CC=C(OC)C=C1,OB(O)C1=CC=C(C(OCC)=O)C=C1,Cc1ccccc1P(c1ccccc1C)C1CCCCC1,PCyoTol2,2.00,O=C(C1=CC=C(C2=CC=C(OC)C=C2)C=C1)OCC,1.00
223,ClC1=CC=C(OC)C=C1,OB(O)C1=CC=C(C(OCC)=O)C=C1,Cc1cc(C)c(c(c1)C)P(c1cc(cc(c1)C(C)(C)C)C(C)(C)C)C1CCCC1,"PCypMes(3,5-tBu2-Ph)",2.00,O=C(C1=CC=C(C2=CC=C(OC)C=C2)C=C1)OCC,2.00
224,ClC1=CC=C(OC)C=C1,OB(O)C1=CC=C(C(OCC)=O)C=C1,CC(c1cc(cc(c1)C(C)(C)C)P(c1cc(cc(c1)C(C)(C)C)C(C)(C)C)[C@@H]1C[C@@H]2C[C@H]1C=C2)(C)C,"P(exo-norbornenyl)(3,5-tBu2-Ph)2",2.00,O=C(C1=CC=C(C2=CC=C(OC)C=C2)C=C1)OCC,39.00
225,ClC1=CC=C(OC)C=C1,OB(O)C1=CC=C(C(OCC)=O)C=C1,Cc1cc(C)cc(c1c1cc(cc(c1)c1c(C)cc(cc1C)C)P(c1cc(cc(c1)c1c(C)cc(cc1C)C)c1c(C)cc(cc1C)C)C1CCCC1)C,"PCyp(3,5-Mes2-Ph)2",2.00,O=C(C1=CC=C(C2=CC=C(OC)C=C2)C=C1)OCC,34.00
226,ClC1=CC=C(OC)C=C1,OB(O)C1=CC=C(C(OCC)=O)C=C1,C1CCC(C1)P(c1cc2CCCN3c2c(c1)CCC3)c1cc2CCCN3c2c(c1)CCC3,PCyp(9THPQ)2,2.00,O=C(C1=CC=C(C2=CC=C(OC)C=C2)C=C1)OCC,15.00
227,ClC1=CC=C(OC)C=C1,OB(O)C1=CC=C(C(OCC)=O)C=C1,CC(c1cc(C(C)C)c(c(c1)C(C)C)c1cc(cc(c1)c1c(cc(cc1C(C)C)C(C)C)C(C)C)P(c1cc(cc(c1)C(C)(C)C)C(C)(C)C)c1cc(cc(c1)C(C)(C)C)C(C)(C)C)C,"P(3,5-tBu2-Ph)2(3,5-TRIP2-Ph)",2.00,O=C(C1=CC=C(C2=CC=C(OC)C=C2)C=C1)OCC,3.00
228,ClC1=CC=C(OC)C=C1,OB(O)C1=CC=C(C(OCC)=O)C=C1,CC(c1cc(cc(c1)C(C)(C)C)P(c1cc(cc(c1)C(C)(C)C)C(C)(C)C)c1ccccc1)(C)C,"PPh(3,5-tBu2-Ph)2",2.00,O=C(C1=CC=C(C2=CC=C(OC)C=C2)C=C1)OCC,41.00
229,ClC1=CC=C(OC)C=C1,OB(O)C1=CC=C(C(OCC)=O)C=C1,P(c1c(cc(cc1)C)C)(c1c(cc(cc1)C)C)c1c(cc(cc1)C)C,"P(2,4-Me2-Ph)3",2.00,O=C(C1=CC=C(C2=CC=C(OC)C=C2)C=C1)OCC,0.00
230,ClC1=CC=C(OC)C=C1,OB(O)C1=CC=C(C(OCC)=O)C=C1,c1ccc2c(c1)c1c(p2c2ccccc2)cccc1,PhDBP Dibenzophosphole-Ph,2.00,O=C(C1=CC=C(C2=CC=C(OC)C=C2)C=C1)OCC,2.00
231,ClC1=CC=C(OC)C=C1,OB(O)C1=CC=C(C(OCC)=O)C=C1,P(c1cc(ccc1)Cl)(c1cc(ccc1)Cl)c1cc(ccc1)Cl,P(3-Cl-Ph)3,2.00,O=C(C1=CC=C(C2=CC=C(OC)C=C2)C=C1)OCC,4.00
232,ClC1=CC=C(OC)C=C1,OB(O)C1=CC=C(C(OCC)=O)C=C1,P(CCCCCCCC)(CCCCCCCC)CCCCCCCC,P(nOct)3,2.00,O=C(C1=CC=C(C2=CC=C(OC)C=C2)C=C1)OCC,11.00
233,ClC1=CC=C(OC)C=C1,OB(O)C1=CC=C(C(OCC)=O)C=C1,P12CN3CN(C1)CN(C2)C3,Triazaphosphaadamantane PTA,2.00,O=C(C1=CC=C(C2=CC=C(OC)C=C2)C=C1)OCC,0.00
234,ClC1=CC=C(OC)C=C1,OB(O)C1=CC=C(C(OCC)=O)C=C1,P(c1cc(ccc1)OC)(c1cc(ccc1)OC)c1cc(ccc1)OC,P(3-OMePh)3,2.00,O=C(C1=CC=C(C2=CC=C(OC)C=C2)C=C1)OCC,11.00
235,ClC1=CC=C(OC)C=C1,OB(O)C1=CC=C(C(OCC)=O)C=C1,P(CC=C)(CC=C)CC=C,PAllyl3,2.00,O=C(C1=CC=C(C2=CC=C(OC)C=C2)C=C1)OCC,1.00
236,ClC1=CC=C(OC)C=C1,OB(O)C1=CC=C(C(OCC)=O)C=C1,P(CC(C)C)(CC(C)C)CC(C)C,P(iBu)3,2.00,O=C(C1=CC=C(C2=CC=C(OC)C=C2)C=C1)OCC,27.00
237,ClC1=CC=C(OC)C=C1,OB(O)C1=CC=C(C(OCC)=O)C=C1,P(c1c(cccc1)Br)(c1ccccc1)c1ccccc1,PPh2(2-Br-Ph),2.00,O=C(C1=CC=C(C2=CC=C(OC)C=C2)C=C1)OCC,2.00
238,ClC1=CC=C(OC)C=C1,OB(O)C1=CC=C(C(OCC)=O)C=C1,P(c1c(cccc1)C)(c1ccccc1)c1ccccc1,PPh2oTol,2.00,O=C(C1=CC=C(C2=CC=C(OC)C=C2)C=C1)OCC,9.00
239,ClC1=CC=C(OC)C=C1,OB(O)C1=CC=C(C(OCC)=O)C=C1,P(C(C)(C)C)(C(C)(C)C)c1c(c2c(cc1)cccc2)c1c2c(ccc1)cccc2,TrixiePhos (PtBu2(binaphthyl)),2.00,O=C(C1=CC=C(C2=CC=C(OC)C=C2)C=C1)OCC,0.00
240,ClC1=CC=C(OC)C=C1,OB(O)C1=CC=C(C(OCC)=O)C=C1,P(C1CCCCC1)(C1CCCCC1)c1c(cccc1)c1c(cccc1)C,MePhos,2.00,O=C(C1=CC=C(C2=CC=C(OC)C=C2)C=C1)OCC,3.00
241,ClC1=CC=C(OC)C=C1,OB(O)C1=CC=C(C(OCC)=O)C=C1,P(C(C)(C)C)(C(C)(C)C)c1c(cccc1)c1c(cccc1)C,tBuMePhos,2.00,O=C(C1=CC=C(C2=CC=C(OC)C=C2)C=C1)OCC,0.00
242,ClC1=CC=C(OC)C=C1,OB(O)C1=CC=C(C(OCC)=O)C=C1,P(C(C)(C)C)(C(C)(C)C)c1c(cccc1)c1c(cccc1)N(C)C,tBuDavePhos,2.00,O=C(C1=CC=C(C2=CC=C(OC)C=C2)C=C1)OCC,0.00
243,ClC1=CC=C(OC)C=C1,OB(O)C1=CC=C(C(OCC)=O)C=C1,P(C(C)(C)C)(C(C)(C)C)c1n(ncc1)c1c(n(nc1c1ccccc1)c1ccccc1)c1ccccc1,Bippyphos,2.00,O=C(C1=CC=C(C2=CC=C(OC)C=C2)C=C1)OCC,0.00
244,ClC1=CC=C(OC)C=C1,OB(O)C1=CC=C(C(OCC)=O)C=C1,P(C(C)(C)C)(C(C)(C)C)c1c(cccc1)n1nc(cc1c1ccccc1)c1ccccc1,TrippyPhos PtBu2(2-Ph2pyrazol-1-yl-Ph),2.00,O=C(C1=CC=C(C2=CC=C(OC)C=C2)C=C1)OCC,0.00
245,ClC1=CC=C(OC)C=C1,OB(O)C1=CC=C(C(OCC)=O)C=C1,P(C(C)(C)C)(C(C)(C)C)c1n(c2c(c1)cccc2)c1ccccc1,"PtBu2(N-Ph-indol-2-yl), cataCXiumPIntB",2.00,O=C(C1=CC=C(C2=CC=C(OC)C=C2)C=C1)OCC,2.00
246,ClC1=CC=C(OC)C=C1,OB(O)C1=CC=C(C(OCC)=O)C=C1,P(C(C)(C)C)(C(C)(C)C)c1n(ccc1)c1ccccc1,"NPh-Pyrrole-PtBu2, CataCXium PtB",2.00,O=C(C1=CC=C(C2=CC=C(OC)C=C2)C=C1)OCC,0.00
247,ClC1=CC=C(OC)C=C1,OB(O)C1=CC=C(C(OCC)=O)C=C1,P(C1c2c(cccc2)C=Cc2c1cccc2)(c1ccccc1)c1ccccc1,tropPPh2,2.00,O=C(C1=CC=C(C2=CC=C(OC)C=C2)C=C1)OCC,0.00
248,ClC1=CC=C(OC)C=C1,OB(O)C1=CC=C(C(OCC)=O)C=C1,P(C1CCCCC1)(C1CCCCC1)c1n(ccn1)c1c(cc(cc1C)C)C,Cataxium PICy,2.00,O=C(C1=CC=C(C2=CC=C(OC)C=C2)C=C1)OCC,1.00
249,ClC1=CC=C(OC)C=C1,OB(O)C1=CC=C(C(OCC)=O)C=C1,P(C(C)(C)C)(C(C)(C)C)c1n(ccc1)c1c(cccc1)OC,"N(2-OMe-Ph)-Pyrrole-PtBu2, cataCXiumPOMetB",2.00,O=C(C1=CC=C(C2=CC=C(OC)C=C2)C=C1)OCC,5.00
250,ClC1=CC=C(OC)C=C1,OB(O)C1=CC=C(C(OCC)=O)C=C1,P(C1CCCCC1)(C1CCCCC1)c1n(ccc1)c1c(cccc1)OC,"N(2-OMe-Ph)-Pyrrole-PCy2, cataCXiumPOMeCy",2.00,O=C(C1=CC=C(C2=CC=C(OC)C=C2)C=C1)OCC,4.00
251,ClC1=CC=C(OC)C=C1,OB(O)C1=CC=C(C(OCC)=O)C=C1,P(C1CCCCC1)(C1CCCCC1)c1n(c2c(c1)cccc2)c1ccccc1,cataCXiumPInCy,2.00,O=C(C1=CC=C(C2=CC=C(OC)C=C2)C=C1)OCC,7.00
252,ClC1=CC=C(OC)C=C1,OB(O)C1=CC=C(C(OCC)=O)C=C1,P(C1CCCCC1)(C1CCCCC1)c1c(cccc1)c1c(cc(cc1OC)OC)OC,"1-Cy2P-2’,4’,6’-MeO-Ph2",2.00,O=C(C1=CC=C(C2=CC=C(OC)C=C2)C=C1)OCC,2.00
253,ClC1=CC=C(OC)C=C1,OB(O)C1=CC=C(C(OCC)=O)C=C1,P(C(C)(C)C)(C(C)(C)C)c1n(ncc1)c1c2c(ccc1)cccc2,NappyPhos PtBu2(N-1Nap-pyrazol-5-yl),2.00,O=C(C1=CC=C(C2=CC=C(OC)C=C2)C=C1)OCC,1.00
254,ClC1=CC=C(OC)C=C1,OB(O)C1=CC=C(C(OCC)=O)C=C1,P(C1CCCCC1)(C1CCCCC1)c1n(ncc1)c1c(n(nc1c1ccccc1)c1ccccc1)c1ccccc1,Cy-BippyPhos,2.00,O=C(C1=CC=C(C2=CC=C(OC)C=C2)C=C1)OCC,1.00
255,ClC1=CC=C(OC)C=C1,OB(O)C1=CC=C(C(OCC)=O)C=C1,P(C1CCCCC1)(C1CCCCC1)c1c(cccc1)n1c2c(c3c1cccc3)cccc2,Cy-PhenCarPhos,2.00,O=C(C1=CC=C(C2=CC=C(OC)C=C2)C=C1)OCC,1.00
256,ClC1=CC=C(OC)C=C1,OB(O)C1=CC=C(C(OCC)=O)C=C1,P([C@]12C[C@@H]3C[C@H](C1)C[C@H](C2)C3)([C@]12C[C@@H]3C[C@H](C1)C[C@H](C2)C3)c1n(ncc1)c1c(n(nc1c1ccccc1)c1ccccc1)c1ccccc1,AdBippyphos,2.00,O=C(C1=CC=C(C2=CC=C(OC)C=C2)C=C1)OCC,0.00
257,ClC1=CC=C(OC)C=C1,OB(O)C1=CC=C(C(OCC)=O)C=C1,P(C1c2c(cccc2)C=Cc2c1cccc2)(C1c2c(cccc2)C=Cc2c1cccc2)c1ccccc1,trop2PPh,2.00,O=C(C1=CC=C(C2=CC=C(OC)C=C2)C=C1)OCC,0.00
258,ClC1=CC=C(OC)C=C1,OB(O)C1=CC=C(C(OCC)=O)C=C1,FC(F)(F)C(F)(F)C(F)(F)C(C(F)(F)F)(C(F)(F)F)Cc1ccc(cc1)P(c3ccc(cc3)CC(C(F)(F)F)(C(F)(F)F)C(F)(F)C(F)(F)C(F)(F)F)c2ccccc2,"PPh (4-(2,2-(CF3)2-F7pent)-Ph)2",2.00,O=C(C1=CC=C(C2=CC=C(OC)C=C2)C=C1)OCC,2.00
259,ClC1=CC=C(OC)C=C1,OB(O)C1=CC=C(C(OCC)=O)C=C1,CC(C1=CC(P(C2=CC(C(C)(C)C)=CC(C(C)(C)C)=C2)C3=CC(C(C)(C)C)=CC(C(C)(C)C)=C3)=CC(C(C)(C)C)=C1)(C)C,"P(3,5-tBu2-Ph)3",2.00,O=C(C1=CC=C(C2=CC=C(OC)C=C2)C=C1)OCC,100.00
260,ClC1=CC=C(OC)C=C1,OB(O)C1=CC=C(C(OCC)=O)C=C1,O=CC1=CC=CC=C1P(C2=CC(C(C)(C)C)=C(OC)C(C(C)(C)C)=C2)C3=CC(C(C)(C)C)=C(OC)C(C(C)(C)C)=C3,"P(3,5tBu2-4-OMe-Ph)2(2-CHO-Ph)",2.00,O=C(C1=CC=C(C2=CC=C(OC)C=C2)C=C1)OCC,0.00
261,ClC1=CC=C(OC)C=C1,OB(O)C1=CC=C(C(OCC)=O)C=C1,O=CC1=CC=CC=C1P(C2=CC(C)=CC(C)=C2)C3=CC(C)=CC(C)=C3,"P(3,5Me2-Ph)2(2-CHO-Ph)",2.00,O=C(C1=CC=C(C2=CC=C(OC)C=C2)C=C1)OCC,0.00
262,ClC1=CC=C(OC)C=C1,OB(O)C1=CC=C(C(OCC)=O)C=C1,c1ccc(cc1)P(c2ccccc2)c3ccccc3C#N,Ph2P(2-PhCN),2.00,O=C(C1=CC=C(C2=CC=C(OC)C=C2)C=C1)OCC,0.00
263,ClC1=CC=C(OC)C=C1,OB(O)C1=CC=C(C(OCC)=O)C=C1,COC(=O)CCP(CCC(=O)OC)CCC(=O)OC,(MeO2CCH2CH2)3P,2.00,O=C(C1=CC=C(C2=CC=C(OC)C=C2)C=C1)OCC,0.00
264,ClC1=CC=C(OC)C=C1,OB(O)C1=CC=C(C(OCC)=O)C=C1,OCP(CO)CO,"(HOCH2)3P
",2.00,O=C(C1=CC=C(C2=CC=C(OC)C=C2)C=C1)OCC,0.00
265,ClC1=CC=C(OC)C=C1,OB(O)C1=CC=C(C(OCC)=O)C=C1,FC(C1=CC(P(C2=CC=CC(C(O)=O)=C2)C3=CC=CC(C(F)(F)F)=C3)=CC=C1)(F)F,"m-MiranPhos, P(3-CO2H-Ph)(3-CF3-Ph)2",2.00,O=C(C1=CC=C(C2=CC=C(OC)C=C2)C=C1)OCC,0.00
266,ClC1=CC=C(OC)C=C1,OB(O)C1=CC=C(C(OCC)=O)C=C1,O=C(O)C1=CC(P(C2=CC=CC(C(F)(F)F)=C2)C3=CC=CC(C(O)=O)=C3)=CC=C1,"m-Miran2Phos, P(3-CO2H-Ph)2(3-CF3-Ph)",2.00,O=C(C1=CC=C(C2=CC=C(OC)C=C2)C=C1)OCC,0.00
267,ClC1=CC=C(OC)C=C1,OB(O)C1=CC=C(C(OCC)=O)C=C1,O=C(C(C=C1)=CC=C1P(C2=CC=C(C(F)(F)F)C=C2)C3=CC=C(C(F)(F)F)C=C3)O,"p-MiranPhos, P(4-CO2H-Ph)(4-CF3-Ph)2",2.00,O=C(C1=CC=C(C2=CC=C(OC)C=C2)C=C1)OCC,0.00
268,ClC1=CC=C(OC)C=C1,OB(O)C1=CC=C(C(OCC)=O)C=C1,O=C(C(C=C1)=CC=C1P(C2=CC=C(C(F)(F)F)C=C2)C3=CC=C(C(O)=O)C=C3)O,"p-Miran2Phos, P(4-CO2H-Ph)2(4-CF3-Ph)",2.00,O=C(C1=CC=C(C2=CC=C(OC)C=C2)C=C1)OCC,0.00
269,ClC1=CC=C(OC)C=C1,OB(O)C1=CC=C(C(OCC)=O)C=C1,O=CC1=CC=CC=C1P(C2=CC=CC=C2)C3=CC=CC=C3,PPh2(2-CHO-Ph),2.00,O=C(C1=CC=C(C2=CC=C(OC)C=C2)C=C1)OCC,0.00
270,ClC1=CC=C(OC)C=C1,OB(O)C1=CC=C(C(OCC)=O)C=C1,P(CCCO)(CCCO)CCCO,P(CH2CH2CH2OH)3,2.00,O=C(C1=CC=C(C2=CC=C(OC)C=C2)C=C1)OCC,0.00
271,ClC1=CC=C(C(F)(F)F)C=C1,OB(O)C1=CC=C(OC)C=C1,CN(c1cccc(c1c1ccccc1P(C1CCCCC1)C1CCCCC1)N(C)C)C,CPhos,0.75,FC(C(C=C1)=CC=C1C2=CC=C(OC)C=C2)(F)F,25.00
272,ClC1=CC=C(C(F)(F)F)C=C1,OB(O)C1=CC=C(OC)C=C1,C1CCC(CC1)P(c1ccccc1c1ccccc1)C1CCCCC1,CyJohnPhos,0.75,FC(C(C=C1)=CC=C1C2=CC=C(OC)C=C2)(F)F,89.00
273,ClC1=CC=C(C(F)(F)F)C=C1,OB(O)C1=CC=C(OC)C=C1,C1[C@@H]2C[C@@H]3C[C@H]1C[C@](C2)(C3)P([C@]12C[C@H]3C[C@@H](C2)C[C@@H](C1)C3)[C@]12C[C@H]3C[C@@H](C2)C[C@@H](C1)C3,PAd3,0.75,FC(C(C=C1)=CC=C1C2=CC=C(OC)C=C2)(F)F,14.00
274,ClC1=CC=C(C(F)(F)F)C=C1,OB(O)C1=CC=C(OC)C=C1,CC(P(C(C)(C)C)C(C)(C)C)(C)C,PtBu3,0.75,FC(C(C=C1)=CC=C1C2=CC=C(OC)C=C2)(F)F,16.00
275,ClC1=CC=C(C(F)(F)F)C=C1,OB(O)C1=CC=C(OC)C=C1,CCCCP([C@]12C[C@H]3C[C@@H](C2)C[C@@H](C1)C3)[C@]12C[C@H]3C[C@@H](C2)C[C@@H](C1)C3,"PAd2nBu, CataCXium A",0.75,FC(C(C=C1)=CC=C1C2=CC=C(OC)C=C2)(F)F,26.00
276,ClC1=CC=C(C(F)(F)F)C=C1,OB(O)C1=CC=C(OC)C=C1,C1CCC(CC1)P(C1CCCCC1)C1CCCCC1,PCy3,0.75,FC(C(C=C1)=CC=C1C2=CC=C(OC)C=C2)(F)F,37.00
277,ClC1=CC=C(C(F)(F)F)C=C1,OB(O)C1=CC=C(OC)C=C1,CC(CP(C(C)(C)C)C(C)(C)C)(C)C,PtBu2neopentyl,0.75,FC(C(C=C1)=CC=C1C2=CC=C(OC)C=C2)(F)F,10.00
278,ClC1=CC=C(C(F)(F)F)C=C1,OB(O)C1=CC=C(OC)C=C1,CP(C(C)(C)C)C(C)(C)C,PtBu2Me,0.75,FC(C(C=C1)=CC=C1C2=CC=C(OC)C=C2)(F)F,54.00
279,ClC1=CC=C(C(F)(F)F)C=C1,OB(O)C1=CC=C(OC)C=C1,CCCCP(CCCC)CCCC,PnBu3,0.75,FC(C(C=C1)=CC=C1C2=CC=C(OC)C=C2)(F)F,38.00
280,ClC1=CC=C(C(F)(F)F)C=C1,OB(O)C1=CC=C(OC)C=C1,CCP(CC)CC,PEt3,0.75,FC(C(C=C1)=CC=C1C2=CC=C(OC)C=C2)(F)F,38.00
281,ClC1=CC=C(C(F)(F)F)C=C1,OB(O)C1=CC=C(OC)C=C1,CP(C)C,PMe3,0.75,FC(C(C=C1)=CC=C1C2=CC=C(OC)C=C2)(F)F,25.00
282,ClC1=CC=C(C(F)(F)F)C=C1,OB(O)C1=CC=C(OC)C=C1,CC(P(C(C)(C)C)C1CCCCC1)(C)C,PtBu2Cy,0.75,FC(C(C=C1)=CC=C1C2=CC=C(OC)C=C2)(F)F,17.00
283,ClC1=CC=C(C(F)(F)F)C=C1,OB(O)C1=CC=C(OC)C=C1,CC(P(C1CCCCC1)C1CCCCC1)(C)C,PtBuCy2,0.75,FC(C(C=C1)=CC=C1C2=CC=C(OC)C=C2)(F)F,25.00
284,ClC1=CC=C(C(F)(F)F)C=C1,OB(O)C1=CC=C(OC)C=C1,C1CCC(CC1)P(c1cccn1c1ccccc1)C1CCCCC1,"NPh-Pyrrole-PCy2, CataCXiumPCy",0.75,FC(C(C=C1)=CC=C1C2=CC=C(OC)C=C2)(F)F,91.00
285,ClC1=CC=C(C(F)(F)F)C=C1,OB(O)C1=CC=C(OC)C=C1,COc1cccc(c1P(c1c(OC)cccc1OC)c1c(OC)cccc1OC)OC,P(26OMePh)3,0.75,FC(C(C=C1)=CC=C1C2=CC=C(OC)C=C2)(F)F,10.00
286,ClC1=CC=C(C(F)(F)F)C=C1,OB(O)C1=CC=C(OC)C=C1,C1[C@@H]2C[C@@H]3C[C@H]1C[C@](C2)(C3)P([C@]12C[C@H]3C[C@@H](C2)C[C@@H](C1)C3)Cc1ccccc1,"PAd2Bn, cataCXium Abn",0.75,FC(C(C=C1)=CC=C1C2=CC=C(OC)C=C2)(F)F,14.00
287,ClC1=CC=C(C(F)(F)F)C=C1,OB(O)C1=CC=C(OC)C=C1,P(CC1=CC=CC=C1)(CC2=CC=CC=C2)CC3=CC=CC=C3,PBn3,0.75,FC(C(C=C1)=CC=C1C2=CC=C(OC)C=C2)(F)F,54.00
288,ClC1=CC=C(C(F)(F)F)C=C1,OB(O)C1=CC=C(OC)C=C1,C1CCC(CC1)P(c1ccccc1)C1CCCCC1,PCy2Ph,0.75,FC(C(C=C1)=CC=C1C2=CC=C(OC)C=C2)(F)F,76.00
289,ClC1=CC=C(C(F)(F)F)C=C1,OB(O)C1=CC=C(OC)C=C1,C1CCC(C1)P(C1CCCC1)C1CCCC1,PCyp3,0.75,FC(C(C=C1)=CC=C1C2=CC=C(OC)C=C2)(F)F,37.00
290,ClC1=CC=C(C(F)(F)F)C=C1,OB(O)C1=CC=C(OC)C=C1,CC(P(C(C)C)C(C)C)C,PiPr3,0.75,FC(C(C=C1)=CC=C1C2=CC=C(OC)C=C2)(F)F,24.00
291,ClC1=CC=C(C(F)(F)F)C=C1,OB(O)C1=CC=C(OC)C=C1,Cc1cccc(c1)P(c1cccc(c1)C)c1cccc(c1)C,PmTol3,0.75,FC(C(C=C1)=CC=C1C2=CC=C(OC)C=C2)(F)F,84.00
292,ClC1=CC=C(C(F)(F)F)C=C1,OB(O)C1=CC=C(OC)C=C1,CCCCP(C(C)(C)C)C(C)(C)C,PnButBu2,0.75,FC(C(C=C1)=CC=C1C2=CC=C(OC)C=C2)(F)F,20.00
293,ClC1=CC=C(C(F)(F)F)C=C1,OB(O)C1=CC=C(OC)C=C1,COc1ccc(c(c1c1c(cc(cc1C(C)C)C(C)C)C(C)C)P(C(C)(C)C)C(C)(C)C)OC,tBuBrettPhos,0.75,FC(C(C=C1)=CC=C1C2=CC=C(OC)C=C2)(F)F,25.00
294,ClC1=CC=C(C(F)(F)F)C=C1,OB(O)C1=CC=C(OC)C=C1,CC(c1cc(cc(c1c1ccccc1P(C(C)(C)C)C(C)(C)C)C(C)C)C(C)C)C,tBuXPhos,0.75,FC(C(C=C1)=CC=C1C2=CC=C(OC)C=C2)(F)F,18.00
295,ClC1=CC=C(C(F)(F)F)C=C1,OB(O)C1=CC=C(OC)C=C1,COc1ccc(c(c1P(C(C)(C)C)C(C)(C)C)c1c(cc(cc1C(C)C)C(C)C)C(C)C)C,RockPhos,0.75,FC(C(C=C1)=CC=C1C2=CC=C(OC)C=C2)(F)F,17.00
296,ClC1=CC=C(C(F)(F)F)C=C1,OB(O)C1=CC=C(OC)C=C1,COc1ccc(c(c1P(c1cc(cc(c1)C(F)(F)F)C(F)(F)F)c1cc(cc(c1)C(F)(F)F)C(F)(F)F)c1c(cc(cc1C(C)C)C(C)C)C(C)C)OC,JackiePhos = (35CF3)2PhBrettPhos,0.75,FC(C(C=C1)=CC=C1C2=CC=C(OC)C=C2)(F)F,17.00
297,ClC1=CC=C(C(F)(F)F)C=C1,OB(O)C1=CC=C(OC)C=C1,Cc1ccc(cc1)P(c1ccccc1)c1ccccc1,PPh2(4-Me-Ph),0.75,FC(C(C=C1)=CC=C1C2=CC=C(OC)C=C2)(F)F,61.00
298,ClC1=CC=C(C(F)(F)F)C=C1,OB(O)C1=CC=C(OC)C=C1,Fc1cccc(c1)P(c1cccc(c1)F)c1cccc(c1)F,P(3-FPh)3,0.75,FC(C(C=C1)=CC=C1C2=CC=C(OC)C=C2)(F)F,50.00
299,ClC1=CC=C(C(F)(F)F)C=C1,OB(O)C1=CC=C(OC)C=C1,N#CCCP(CCC#N)CCC#N,P(CH2CH2CN)3,0.75,FC(C(C=C1)=CC=C1C2=CC=C(OC)C=C2)(F)F,1.00
300,ClC1=CC=C(C(F)(F)F)C=C1,OB(O)C1=CC=C(OC)C=C1,CC(c1cc(cc(c1)C(C)(C)C)P(c1cc(cc(c1)C(C)(C)C)C(C)(C)C)C1CCCC1)(C)C,"PCyp(3,5-tBu2-Ph)2",0.75,FC(C(C=C1)=CC=C1C2=CC=C(OC)C=C2)(F)F,80.00
301,ClC1=CC=C(C(F)(F)F)C=C1,OB(O)C1=CC=C(OC)C=C1,CC(c1cc(cc(c1)C(C)(C)C)P(c1cc(cc(c1)C(C)(C)C)C(C)(C)C)C1CCCCC1)(C)C,"PCy(3,5-tBu2-Ph)2",0.75,FC(C(C=C1)=CC=C1C2=CC=C(OC)C=C2)(F)F,83.00
302,ClC1=CC=C(C(F)(F)F)C=C1,OB(O)C1=CC=C(OC)C=C1,CC(c1cc(cc(c1c1cc(cc(c1)c1c(cc(cc1C(C)C)C(C)C)C(C)C)P(C1CCCC1)C1CCCC1)C(C)C)C(C)C)C,"PCyp2(3,5-TRIP2-Ph)",0.75,FC(C(C=C1)=CC=C1C2=CC=C(OC)C=C2)(F)F,38.00
303,ClC1=CC=C(C(F)(F)F)C=C1,OB(O)C1=CC=C(OC)C=C1,C1CCC(CC1)P(c1ccccc1)c1ccccc1,PCyPh2,0.75,FC(C(C=C1)=CC=C1C2=CC=C(OC)C=C2)(F)F,83.00
304,ClC1=CC=C(C(F)(F)F)C=C1,OB(O)C1=CC=C(OC)C=C1,Cc1cc(C)cc(c1P(c1c(C)cc(cc1C)C)C1CCCC1)C,PCypMes2,0.75,FC(C(C=C1)=CC=C1C2=CC=C(OC)C=C2)(F)F,32.00
305,ClC1=CC=C(C(F)(F)F)C=C1,OB(O)C1=CC=C(OC)C=C1,Cc1cc(cc(c1)C)P(c1cc(C)cc(c1)C)C1CCCC1,"PCyp(3,5-Me2-Ph)2",0.75,FC(C(C=C1)=CC=C1C2=CC=C(OC)C=C2)(F)F,90.00
306,ClC1=CC=C(C(F)(F)F)C=C1,OB(O)C1=CC=C(OC)C=C1,COc1ccc(cc1)P(c1ccc(cc1)OC)C1CCCCC1,PCy(4-OMe-Ph)2,0.75,FC(C(C=C1)=CC=C1C2=CC=C(OC)C=C2)(F)F,86.00
307,ClC1=CC=C(C(F)(F)F)C=C1,OB(O)C1=CC=C(OC)C=C1,CC(P(c1cc(cc(c1)C(C)(C)C)C(C)(C)C)c1cc(cc(c1)C(C)(C)C)C(C)(C)C)(C)C,"PtBu(3,5-tBu2-Ph)2",0.75,FC(C(C=C1)=CC=C1C2=CC=C(OC)C=C2)(F)F,78.00
308,ClC1=CC=C(C(F)(F)F)C=C1,OB(O)C1=CC=C(OC)C=C1,CC(c1cc(cc(c1)C(C)(C)C)P(c1cc(cc(c1)C(C)(C)C)C(C)(C)C)CC1CCCC1)(C)C,"PCH2Cyp(3,5-tBu2-Ph)2",0.75,FC(C(C=C1)=CC=C1C2=CC=C(OC)C=C2)(F)F,71.00
309,ClC1=CC=C(C(F)(F)F)C=C1,OB(O)C1=CC=C(OC)C=C1,CC(c1cc(cc(c1c1cc(cc(c1)c1c(cc(cc1C(C)C)C(C)C)C(C)C)P(C1CCCCC1)C1CCCCC1)C(C)C)C(C)C)C,"PCy2(3,5-TRIP2-Ph)",0.75,FC(C(C=C1)=CC=C1C2=CC=C(OC)C=C2)(F)F,41.00
310,ClC1=CC=C(C(F)(F)F)C=C1,OB(O)C1=CC=C(OC)C=C1,COc1ccc(cc1)P(C1CCCC1)C1CCCC1,PCyp2(4-OMe-Ph),0.75,FC(C(C=C1)=CC=C1C2=CC=C(OC)C=C2)(F)F,72.00
311,ClC1=CC=C(C(F)(F)F)C=C1,OB(O)C1=CC=C(OC)C=C1,CC(c1cc(cc(c1c1cc(cc(c1)c1c(cc(cc1C(C)(C)C)C(C)(C)C)C(C)(C)C)P(C1CCCC1)C1CCCC1)C(C)(C)C)C(C)(C)C)(C)C,"PCyp2(3,5-(2,4,6-tBu3-Ph)2-Ph)",0.75,FC(C(C=C1)=CC=C1C2=CC=C(OC)C=C2)(F)F,17.00
312,ClC1=CC=C(C(F)(F)F)C=C1,OB(O)C1=CC=C(OC)C=C1,Cc1ccccc1P(c1ccccc1C)C1CCCCC1,PCyoTol2,0.75,FC(C(C=C1)=CC=C1C2=CC=C(OC)C=C2)(F)F,32.00
313,ClC1=CC=C(C(F)(F)F)C=C1,OB(O)C1=CC=C(OC)C=C1,Cc1cc(C)c(c(c1)C)P(c1cc(cc(c1)C(C)(C)C)C(C)(C)C)C1CCCC1,"PCypMes(3,5-tBu2-Ph)",0.75,FC(C(C=C1)=CC=C1C2=CC=C(OC)C=C2)(F)F,32.00
314,ClC1=CC=C(C(F)(F)F)C=C1,OB(O)C1=CC=C(OC)C=C1,CC(c1cc(cc(c1)C(C)(C)C)P(c1cc(cc(c1)C(C)(C)C)C(C)(C)C)[C@@H]1C[C@@H]2C[C@H]1C=C2)(C)C,"P(exo-norbornenyl)(3,5-tBu2-Ph)2",0.75,FC(C(C=C1)=CC=C1C2=CC=C(OC)C=C2)(F)F,86.00
315,ClC1=CC=C(C(F)(F)F)C=C1,OB(O)C1=CC=C(OC)C=C1,Cc1cc(C)cc(c1c1cc(cc(c1)c1c(C)cc(cc1C)C)P(c1cc(cc(c1)c1c(C)cc(cc1C)C)c1c(C)cc(cc1C)C)C1CCCC1)C,"PCyp(3,5-Mes2-Ph)2",0.75,FC(C(C=C1)=CC=C1C2=CC=C(OC)C=C2)(F)F,60.00
316,ClC1=CC=C(C(F)(F)F)C=C1,OB(O)C1=CC=C(OC)C=C1,C1CCC(C1)P(c1cc2CCCN3c2c(c1)CCC3)c1cc2CCCN3c2c(c1)CCC3,PCyp(9THPQ)2,0.75,FC(C(C=C1)=CC=C1C2=CC=C(OC)C=C2)(F)F,53.00
317,ClC1=CC=C(C(F)(F)F)C=C1,OB(O)C1=CC=C(OC)C=C1,CC(c1cc(C(C)C)c(c(c1)C(C)C)c1cc(cc(c1)c1c(cc(cc1C(C)C)C(C)C)C(C)C)P(c1cc(cc(c1)C(C)(C)C)C(C)(C)C)c1cc(cc(c1)C(C)(C)C)C(C)(C)C)C,"P(3,5-tBu2-Ph)2(3,5-TRIP2-Ph)",0.75,FC(C(C=C1)=CC=C1C2=CC=C(OC)C=C2)(F)F,55.00
318,ClC1=CC=C(C(F)(F)F)C=C1,OB(O)C1=CC=C(OC)C=C1,CC(c1cc(cc(c1)C(C)(C)C)P(c1cc(cc(c1)C(C)(C)C)C(C)(C)C)c1ccccc1)(C)C,"PPh(3,5-tBu2-Ph)2",0.75,FC(C(C=C1)=CC=C1C2=CC=C(OC)C=C2)(F)F,87.00
319,ClC1=CC=C(C(F)(F)F)C=C1,OB(O)C1=CC=C(OC)C=C1,P(c1c(cc(cc1)C)C)(c1c(cc(cc1)C)C)c1c(cc(cc1)C)C,"P(2,4-Me2-Ph)3",0.75,FC(C(C=C1)=CC=C1C2=CC=C(OC)C=C2)(F)F,18.00
320,ClC1=CC=C(C(F)(F)F)C=C1,OB(O)C1=CC=C(OC)C=C1,c1ccc2c(c1)c1c(p2c2ccccc2)cccc1,PhDBP Dibenzophosphole-Ph,0.75,FC(C(C=C1)=CC=C1C2=CC=C(OC)C=C2)(F)F,14.00
321,ClC1=CC=C(C(F)(F)F)C=C1,OB(O)C1=CC=C(OC)C=C1,P(c1cc(ccc1)Cl)(c1cc(ccc1)Cl)c1cc(ccc1)Cl,P(3-Cl-Ph)3,0.75,FC(C(C=C1)=CC=C1C2=CC=C(OC)C=C2)(F)F,16.00
322,ClC1=CC=C(C(F)(F)F)C=C1,OB(O)C1=CC=C(OC)C=C1,P(CCCCCCCC)(CCCCCCCC)CCCCCCCC,P(nOct)3,0.75,FC(C(C=C1)=CC=C1C2=CC=C(OC)C=C2)(F)F,37.00
323,ClC1=CC=C(C(F)(F)F)C=C1,OB(O)C1=CC=C(OC)C=C1,P12CN3CN(C1)CN(C2)C3,Triazaphosphaadamantane PTA,0.75,FC(C(C=C1)=CC=C1C2=CC=C(OC)C=C2)(F)F,6.00
324,ClC1=CC=C(C(F)(F)F)C=C1,OB(O)C1=CC=C(OC)C=C1,P(c1cc(ccc1)OC)(c1cc(ccc1)OC)c1cc(ccc1)OC,P(3-OMePh)3,0.75,FC(C(C=C1)=CC=C1C2=CC=C(OC)C=C2)(F)F,69.00
325,ClC1=CC=C(C(F)(F)F)C=C1,OB(O)C1=CC=C(OC)C=C1,P(CC=C)(CC=C)CC=C,PAllyl3,0.75,FC(C(C=C1)=CC=C1C2=CC=C(OC)C=C2)(F)F,16.00
326,ClC1=CC=C(C(F)(F)F)C=C1,OB(O)C1=CC=C(OC)C=C1,P(CC(C)C)(CC(C)C)CC(C)C,P(iBu)3,0.75,FC(C(C=C1)=CC=C1C2=CC=C(OC)C=C2)(F)F,37.00
327,ClC1=CC=C(C(F)(F)F)C=C1,OB(O)C1=CC=C(OC)C=C1,P(c1c(cccc1)Br)(c1ccccc1)c1ccccc1,PPh2(2-Br-Ph),0.75,FC(C(C=C1)=CC=C1C2=CC=C(OC)C=C2)(F)F,24.00
328,ClC1=CC=C(C(F)(F)F)C=C1,OB(O)C1=CC=C(OC)C=C1,P(c1c(cccc1)C)(c1ccccc1)c1ccccc1,PPh2oTol,0.75,FC(C(C=C1)=CC=C1C2=CC=C(OC)C=C2)(F)F,70.00
329,ClC1=CC=C(C(F)(F)F)C=C1,OB(O)C1=CC=C(OC)C=C1,P(C(C)(C)C)(C(C)(C)C)c1c(c2c(cc1)cccc2)c1c2c(ccc1)cccc2,TrixiePhos (PtBu2(binaphthyl)),0.75,FC(C(C=C1)=CC=C1C2=CC=C(OC)C=C2)(F)F,17.00
330,ClC1=CC=C(C(F)(F)F)C=C1,OB(O)C1=CC=C(OC)C=C1,P(C1CCCCC1)(C1CCCCC1)c1c(cccc1)c1c(cccc1)C,MePhos,0.75,FC(C(C=C1)=CC=C1C2=CC=C(OC)C=C2)(F)F,59.00
331,ClC1=CC=C(C(F)(F)F)C=C1,OB(O)C1=CC=C(OC)C=C1,P(C(C)(C)C)(C(C)(C)C)c1c(cccc1)c1c(cccc1)C,tBuMePhos,0.75,FC(C(C=C1)=CC=C1C2=CC=C(OC)C=C2)(F)F,18.00
332,ClC1=CC=C(C(F)(F)F)C=C1,OB(O)C1=CC=C(OC)C=C1,P(C(C)(C)C)(C(C)(C)C)c1c(cccc1)c1c(cccc1)N(C)C,tBuDavePhos,0.75,FC(C(C=C1)=CC=C1C2=CC=C(OC)C=C2)(F)F,17.00
333,ClC1=CC=C(C(F)(F)F)C=C1,OB(O)C1=CC=C(OC)C=C1,P(C(C)(C)C)(C(C)(C)C)c1n(ncc1)c1c(n(nc1c1ccccc1)c1ccccc1)c1ccccc1,Bippyphos,0.75,FC(C(C=C1)=CC=C1C2=CC=C(OC)C=C2)(F)F,19.00
334,ClC1=CC=C(C(F)(F)F)C=C1,OB(O)C1=CC=C(OC)C=C1,P(C(C)(C)C)(C(C)(C)C)c1c(cccc1)n1nc(cc1c1ccccc1)c1ccccc1,TrippyPhos PtBu2(2-Ph2pyrazol-1-yl-Ph),0.75,FC(C(C=C1)=CC=C1C2=CC=C(OC)C=C2)(F)F,15.00
335,ClC1=CC=C(C(F)(F)F)C=C1,OB(O)C1=CC=C(OC)C=C1,P(C(C)(C)C)(C(C)(C)C)c1n(c2c(c1)cccc2)c1ccccc1,"PtBu2(N-Ph-indol-2-yl), cataCXiumPIntB",0.75,FC(C(C=C1)=CC=C1C2=CC=C(OC)C=C2)(F)F,19.00
336,ClC1=CC=C(C(F)(F)F)C=C1,OB(O)C1=CC=C(OC)C=C1,P(C(C)(C)C)(C(C)(C)C)c1n(ccc1)c1ccccc1,"NPh-Pyrrole-PtBu2, CataCXium PtB",0.75,FC(C(C=C1)=CC=C1C2=CC=C(OC)C=C2)(F)F,19.00
337,ClC1=CC=C(C(F)(F)F)C=C1,OB(O)C1=CC=C(OC)C=C1,P(C1c2c(cccc2)C=Cc2c1cccc2)(c1ccccc1)c1ccccc1,tropPPh2,0.75,FC(C(C=C1)=CC=C1C2=CC=C(OC)C=C2)(F)F,0.00
338,ClC1=CC=C(C(F)(F)F)C=C1,OB(O)C1=CC=C(OC)C=C1,P(C1CCCCC1)(C1CCCCC1)c1n(ccn1)c1c(cc(cc1C)C)C,Cataxium PICy,0.75,FC(C(C=C1)=CC=C1C2=CC=C(OC)C=C2)(F)F,43.00
339,ClC1=CC=C(C(F)(F)F)C=C1,OB(O)C1=CC=C(OC)C=C1,P(C(C)(C)C)(C(C)(C)C)c1n(ccc1)c1c(cccc1)OC,"N(2-OMe-Ph)-Pyrrole-PtBu2, cataCXiumPOMetB",0.75,FC(C(C=C1)=CC=C1C2=CC=C(OC)C=C2)(F)F,18.00
340,ClC1=CC=C(C(F)(F)F)C=C1,OB(O)C1=CC=C(OC)C=C1,P(C1CCCCC1)(C1CCCCC1)c1n(ccc1)c1c(cccc1)OC,"N(2-OMe-Ph)-Pyrrole-PCy2, cataCXiumPOMeCy",0.75,FC(C(C=C1)=CC=C1C2=CC=C(OC)C=C2)(F)F,90.00
341,ClC1=CC=C(C(F)(F)F)C=C1,OB(O)C1=CC=C(OC)C=C1,P(C1CCCCC1)(C1CCCCC1)c1n(c2c(c1)cccc2)c1ccccc1,cataCXiumPInCy,0.75,FC(C(C=C1)=CC=C1C2=CC=C(OC)C=C2)(F)F,83.00
342,ClC1=CC=C(C(F)(F)F)C=C1,OB(O)C1=CC=C(OC)C=C1,P(C1CCCCC1)(C1CCCCC1)c1c(cccc1)c1c(cc(cc1OC)OC)OC,"1-Cy2P-2’,4’,6’-MeO-Ph2",0.75,FC(C(C=C1)=CC=C1C2=CC=C(OC)C=C2)(F)F,67.00
343,ClC1=CC=C(C(F)(F)F)C=C1,OB(O)C1=CC=C(OC)C=C1,P(C(C)(C)C)(C(C)(C)C)c1n(ncc1)c1c2c(ccc1)cccc2,NappyPhos PtBu2(N-1Nap-pyrazol-5-yl),0.75,FC(C(C=C1)=CC=C1C2=CC=C(OC)C=C2)(F)F,34.00
344,ClC1=CC=C(C(F)(F)F)C=C1,OB(O)C1=CC=C(OC)C=C1,P(C1CCCCC1)(C1CCCCC1)c1n(ncc1)c1c(n(nc1c1ccccc1)c1ccccc1)c1ccccc1,Cy-BippyPhos,0.75,FC(C(C=C1)=CC=C1C2=CC=C(OC)C=C2)(F)F,44.00
345,ClC1=CC=C(C(F)(F)F)C=C1,OB(O)C1=CC=C(OC)C=C1,P(C1CCCCC1)(C1CCCCC1)c1c(cccc1)n1c2c(c3c1cccc3)cccc2,Cy-PhenCarPhos,0.75,FC(C(C=C1)=CC=C1C2=CC=C(OC)C=C2)(F)F,75.00
346,ClC1=CC=C(C(F)(F)F)C=C1,OB(O)C1=CC=C(OC)C=C1,P([C@]12C[C@@H]3C[C@H](C1)C[C@H](C2)C3)([C@]12C[C@@H]3C[C@H](C1)C[C@H](C2)C3)c1n(ncc1)c1c(n(nc1c1ccccc1)c1ccccc1)c1ccccc1,AdBippyphos,0.75,FC(C(C=C1)=CC=C1C2=CC=C(OC)C=C2)(F)F,18.00
347,ClC1=CC=C(C(F)(F)F)C=C1,OB(O)C1=CC=C(OC)C=C1,P(C1c2c(cccc2)C=Cc2c1cccc2)(C1c2c(cccc2)C=Cc2c1cccc2)c1ccccc1,trop2PPh,0.75,FC(C(C=C1)=CC=C1C2=CC=C(OC)C=C2)(F)F,7.00
348,ClC1=CC=C(C(F)(F)F)C=C1,OB(O)C1=CC=C(OC)C=C1,FC(F)(F)C(F)(F)C(F)(F)C(C(F)(F)F)(C(F)(F)F)Cc1ccc(cc1)P(c3ccc(cc3)CC(C(F)(F)F)(C(F)(F)F)C(F)(F)C(F)(F)C(F)(F)F)c2ccccc2,"PPh (4-(2,2-(CF3)2-F7pent)-Ph)2",0.75,FC(C(C=C1)=CC=C1C2=CC=C(OC)C=C2)(F)F,34.00
349,ClC1=CC=C(C(F)(F)F)C=C1,OB(O)C1=CC=C(OC)C=C1,CC(C1=CC(P(C2=CC(C(C)(C)C)=CC(C(C)(C)C)=C2)C3=CC(C(C)(C)C)=CC(C(C)(C)C)=C3)=CC(C(C)(C)C)=C1)(C)C,"P(3,5-tBu2-Ph)3",0.75,FC(C(C=C1)=CC=C1C2=CC=C(OC)C=C2)(F)F,80.00
350,ClC1=CC=C(C(F)(F)F)C=C1,OB(O)C1=CC=C(OC)C=C1,O=CC1=CC=CC=C1P(C2=CC(C(C)(C)C)=C(OC)C(C(C)(C)C)=C2)C3=CC(C(C)(C)C)=C(OC)C(C(C)(C)C)=C3,"P(3,5tBu2-4-OMe-Ph)2(2-CHO-Ph)",0.75,FC(C(C=C1)=CC=C1C2=CC=C(OC)C=C2)(F)F,6.00
351,ClC1=CC=C(C(F)(F)F)C=C1,OB(O)C1=CC=C(OC)C=C1,O=CC1=CC=CC=C1P(C2=CC(C)=CC(C)=C2)C3=CC(C)=CC(C)=C3,"P(3,5Me2-Ph)2(2-CHO-Ph)",0.75,FC(C(C=C1)=CC=C1C2=CC=C(OC)C=C2)(F)F,12.00
352,ClC1=CC=C(C(F)(F)F)C=C1,OB(O)C1=CC=C(OC)C=C1,c1ccc(cc1)P(c2ccccc2)c3ccccc3C#N,Ph2P(2-PhCN),0.75,FC(C(C=C1)=CC=C1C2=CC=C(OC)C=C2)(F)F,0.00
353,ClC1=CC=C(C(F)(F)F)C=C1,OB(O)C1=CC=C(OC)C=C1,COC(=O)CCP(CCC(=O)OC)CCC(=O)OC,(MeO2CCH2CH2)3P,0.75,FC(C(C=C1)=CC=C1C2=CC=C(OC)C=C2)(F)F,9.00
354,ClC1=CC=C(C(F)(F)F)C=C1,OB(O)C1=CC=C(OC)C=C1,OCP(CO)CO,"(HOCH2)3P
",0.75,FC(C(C=C1)=CC=C1C2=CC=C(OC)C=C2)(F)F,7.00
355,ClC1=CC=C(C(F)(F)F)C=C1,OB(O)C1=CC=C(OC)C=C1,FC(C1=CC(P(C2=CC=CC(C(O)=O)=C2)C3=CC=CC(C(F)(F)F)=C3)=CC=C1)(F)F,"m-MiranPhos, P(3-CO2H-Ph)(3-CF3-Ph)2",0.75,FC(C(C=C1)=CC=C1C2=CC=C(OC)C=C2)(F)F,6.00
356,ClC1=CC=C(C(F)(F)F)C=C1,OB(O)C1=CC=C(OC)C=C1,O=C(O)C1=CC(P(C2=CC=CC(C(F)(F)F)=C2)C3=CC=CC(C(O)=O)=C3)=CC=C1,"m-Miran2Phos, P(3-CO2H-Ph)2(3-CF3-Ph)",0.75,FC(C(C=C1)=CC=C1C2=CC=C(OC)C=C2)(F)F,2.00
357,ClC1=CC=C(C(F)(F)F)C=C1,OB(O)C1=CC=C(OC)C=C1,O=C(C(C=C1)=CC=C1P(C2=CC=C(C(F)(F)F)C=C2)C3=CC=C(C(F)(F)F)C=C3)O,"p-MiranPhos, P(4-CO2H-Ph)(4-CF3-Ph)2",0.75,FC(C(C=C1)=CC=C1C2=CC=C(OC)C=C2)(F)F,3.00
358,ClC1=CC=C(C(F)(F)F)C=C1,OB(O)C1=CC=C(OC)C=C1,O=C(C(C=C1)=CC=C1P(C2=CC=C(C(F)(F)F)C=C2)C3=CC=C(C(O)=O)C=C3)O,"p-Miran2Phos, P(4-CO2H-Ph)2(4-CF3-Ph)",0.75,FC(C(C=C1)=CC=C1C2=CC=C(OC)C=C2)(F)F,2.00
359,ClC1=CC=C(C(F)(F)F)C=C1,OB(O)C1=CC=C(OC)C=C1,O=CC1=CC=CC=C1P(C2=CC=CC=C2)C3=CC=CC=C3,PPh2(2-CHO-Ph),0.75,FC(C(C=C1)=CC=C1C2=CC=C(OC)C=C2)(F)F,5.00
360,ClC1=CC=C(C(F)(F)F)C=C1,OB(O)C1=CC=C(OC)C=C1,P(CCCO)(CCCO)CCCO,P(CH2CH2CH2OH)3,0.75,FC(C(C=C1)=CC=C1C2=CC=C(OC)C=C2)(F)F,3.00
361,ClC1=CC=C(OC)C=C1,OB(O)C1=CC=CC=C1,CN(c1cccc(c1c1ccccc1P(C1CCCCC1)C1CCCCC1)N(C)C)C,CPhos,2.00,COC1=CC=C(C2=CC=CC=C2)C=C1,3.00
362,ClC1=CC=C(OC)C=C1,OB(O)C1=CC=CC=C1,C1CCC(CC1)P(c1ccccc1c1ccccc1)C1CCCCC1,CyJohnPhos,2.00,COC1=CC=C(C2=CC=CC=C2)C=C1,100.00
363,ClC1=CC=C(OC)C=C1,OB(O)C1=CC=CC=C1,C1[C@@H]2C[C@@H]3C[C@H]1C[C@](C2)(C3)P([C@]12C[C@H]3C[C@@H](C2)C[C@@H](C1)C3)[C@]12C[C@H]3C[C@@H](C2)C[C@@H](C1)C3,PAd3,2.00,COC1=CC=C(C2=CC=CC=C2)C=C1,2.00
364,ClC1=CC=C(OC)C=C1,OB(O)C1=CC=CC=C1,CC(P(C(C)(C)C)C(C)(C)C)(C)C,PtBu3,2.00,COC1=CC=C(C2=CC=CC=C2)C=C1,2.00
365,ClC1=CC=C(OC)C=C1,OB(O)C1=CC=CC=C1,CCCCP([C@]12C[C@H]3C[C@@H](C2)C[C@@H](C1)C3)[C@]12C[C@H]3C[C@@H](C2)C[C@@H](C1)C3,"PAd2nBu, CataCXium A",2.00,COC1=CC=C(C2=CC=CC=C2)C=C1,6.00
366,ClC1=CC=C(OC)C=C1,OB(O)C1=CC=CC=C1,C1CCC(CC1)P(C1CCCCC1)C1CCCCC1,PCy3,2.00,COC1=CC=C(C2=CC=CC=C2)C=C1,23.00
367,ClC1=CC=C(OC)C=C1,OB(O)C1=CC=CC=C1,CC(CP(C(C)(C)C)C(C)(C)C)(C)C,PtBu2neopentyl,2.00,COC1=CC=C(C2=CC=CC=C2)C=C1,1.00
368,ClC1=CC=C(OC)C=C1,OB(O)C1=CC=CC=C1,CP(C(C)(C)C)C(C)(C)C,PtBu2Me,2.00,COC1=CC=C(C2=CC=CC=C2)C=C1,15.00
369,ClC1=CC=C(OC)C=C1,OB(O)C1=CC=CC=C1,CCCCP(CCCC)CCCC,PnBu3,2.00,COC1=CC=C(C2=CC=CC=C2)C=C1,23.00
370,ClC1=CC=C(OC)C=C1,OB(O)C1=CC=CC=C1,CCP(CC)CC,PEt3,2.00,COC1=CC=C(C2=CC=CC=C2)C=C1,22.00
371,ClC1=CC=C(OC)C=C1,OB(O)C1=CC=CC=C1,CP(C)C,PMe3,2.00,COC1=CC=C(C2=CC=CC=C2)C=C1,9.00
372,ClC1=CC=C(OC)C=C1,OB(O)C1=CC=CC=C1,CC(P(C(C)(C)C)C1CCCCC1)(C)C,PtBu2Cy,2.00,COC1=CC=C(C2=CC=CC=C2)C=C1,2.00
373,ClC1=CC=C(OC)C=C1,OB(O)C1=CC=CC=C1,CC(P(C1CCCCC1)C1CCCCC1)(C)C,PtBuCy2,2.00,COC1=CC=C(C2=CC=CC=C2)C=C1,5.00
374,ClC1=CC=C(OC)C=C1,OB(O)C1=CC=CC=C1,C1CCC(CC1)P(c1cccn1c1ccccc1)C1CCCCC1,"NPh-Pyrrole-PCy2, CataCXiumPCy",2.00,COC1=CC=C(C2=CC=CC=C2)C=C1,67.00
375,ClC1=CC=C(OC)C=C1,OB(O)C1=CC=CC=C1,COc1cccc(c1P(c1c(OC)cccc1OC)c1c(OC)cccc1OC)OC,P(26OMePh)3,2.00,COC1=CC=C(C2=CC=CC=C2)C=C1,0.00
376,ClC1=CC=C(OC)C=C1,OB(O)C1=CC=CC=C1,C1[C@@H]2C[C@@H]3C[C@H]1C[C@](C2)(C3)P([C@]12C[C@H]3C[C@@H](C2)C[C@@H](C1)C3)Cc1ccccc1,"PAd2Bn, cataCXium Abn",2.00,COC1=CC=C(C2=CC=CC=C2)C=C1,3.00
377,ClC1=CC=C(OC)C=C1,OB(O)C1=CC=CC=C1,P(CC1=CC=CC=C1)(CC2=CC=CC=C2)CC3=CC=CC=C3,PBn3,2.00,COC1=CC=C(C2=CC=CC=C2)C=C1,47.00
378,ClC1=CC=C(OC)C=C1,OB(O)C1=CC=CC=C1,C1CCC(CC1)P(c1ccccc1)C1CCCCC1,PCy2Ph,2.00,COC1=CC=C(C2=CC=CC=C2)C=C1,35.00
379,ClC1=CC=C(OC)C=C1,OB(O)C1=CC=CC=C1,C1CCC(C1)P(C1CCCC1)C1CCCC1,PCyp3,2.00,COC1=CC=C(C2=CC=CC=C2)C=C1,15.00
380,ClC1=CC=C(OC)C=C1,OB(O)C1=CC=CC=C1,CC(P(C(C)C)C(C)C)C,PiPr3,2.00,COC1=CC=C(C2=CC=CC=C2)C=C1,13.00
381,ClC1=CC=C(OC)C=C1,OB(O)C1=CC=CC=C1,Cc1cccc(c1)P(c1cccc(c1)C)c1cccc(c1)C,PmTol3,2.00,COC1=CC=C(C2=CC=CC=C2)C=C1,67.00
382,ClC1=CC=C(OC)C=C1,OB(O)C1=CC=CC=C1,CCCCP(C(C)(C)C)C(C)(C)C,PnButBu2,2.00,COC1=CC=C(C2=CC=CC=C2)C=C1,4.00
383,ClC1=CC=C(OC)C=C1,OB(O)C1=CC=CC=C1,COc1ccc(c(c1c1c(cc(cc1C(C)C)C(C)C)C(C)C)P(C(C)(C)C)C(C)(C)C)OC,tBuBrettPhos,2.00,COC1=CC=C(C2=CC=CC=C2)C=C1,2.00
384,ClC1=CC=C(OC)C=C1,OB(O)C1=CC=CC=C1,CC(c1cc(cc(c1c1ccccc1P(C(C)(C)C)C(C)(C)C)C(C)C)C(C)C)C,tBuXPhos,2.00,COC1=CC=C(C2=CC=CC=C2)C=C1,2.00
385,ClC1=CC=C(OC)C=C1,OB(O)C1=CC=CC=C1,COc1ccc(c(c1P(C(C)(C)C)C(C)(C)C)c1c(cc(cc1C(C)C)C(C)C)C(C)C)C,RockPhos,2.00,COC1=CC=C(C2=CC=CC=C2)C=C1,2.00
386,ClC1=CC=C(OC)C=C1,OB(O)C1=CC=CC=C1,COc1ccc(c(c1P(c1cc(cc(c1)C(F)(F)F)C(F)(F)F)c1cc(cc(c1)C(F)(F)F)C(F)(F)F)c1c(cc(cc1C(C)C)C(C)C)C(C)C)OC,JackiePhos = (35CF3)2PhBrettPhos,2.00,COC1=CC=C(C2=CC=CC=C2)C=C1,2.00
387,ClC1=CC=C(OC)C=C1,OB(O)C1=CC=CC=C1,Cc1ccc(cc1)P(c1ccccc1)c1ccccc1,PPh2(4-Me-Ph),2.00,COC1=CC=C(C2=CC=CC=C2)C=C1,43.00
388,ClC1=CC=C(OC)C=C1,OB(O)C1=CC=CC=C1,Fc1cccc(c1)P(c1cccc(c1)F)c1cccc(c1)F,P(3-FPh)3,2.00,COC1=CC=C(C2=CC=CC=C2)C=C1,11.00
389,ClC1=CC=C(OC)C=C1,OB(O)C1=CC=CC=C1,N#CCCP(CCC#N)CCC#N,P(CH2CH2CN)3,2.00,COC1=CC=C(C2=CC=CC=C2)C=C1,0.00
390,ClC1=CC=C(OC)C=C1,OB(O)C1=CC=CC=C1,CC(c1cc(cc(c1)C(C)(C)C)P(c1cc(cc(c1)C(C)(C)C)C(C)(C)C)C1CCCC1)(C)C,"PCyp(3,5-tBu2-Ph)2",2.00,COC1=CC=C(C2=CC=CC=C2)C=C1,45.00
391,ClC1=CC=C(OC)C=C1,OB(O)C1=CC=CC=C1,CC(c1cc(cc(c1)C(C)(C)C)P(c1cc(cc(c1)C(C)(C)C)C(C)(C)C)C1CCCCC1)(C)C,"PCy(3,5-tBu2-Ph)2",2.00,COC1=CC=C(C2=CC=CC=C2)C=C1,48.00
392,ClC1=CC=C(OC)C=C1,OB(O)C1=CC=CC=C1,CC(c1cc(cc(c1c1cc(cc(c1)c1c(cc(cc1C(C)C)C(C)C)C(C)C)P(C1CCCC1)C1CCCC1)C(C)C)C(C)C)C,"PCyp2(3,5-TRIP2-Ph)",2.00,COC1=CC=C(C2=CC=CC=C2)C=C1,11.00
393,ClC1=CC=C(OC)C=C1,OB(O)C1=CC=CC=C1,C1CCC(CC1)P(c1ccccc1)c1ccccc1,PCyPh2,2.00,COC1=CC=C(C2=CC=CC=C2)C=C1,33.00
394,ClC1=CC=C(OC)C=C1,OB(O)C1=CC=CC=C1,Cc1cc(C)cc(c1P(c1c(C)cc(cc1C)C)C1CCCC1)C,PCypMes2,2.00,COC1=CC=C(C2=CC=CC=C2)C=C1,3.00
395,ClC1=CC=C(OC)C=C1,OB(O)C1=CC=CC=C1,Cc1cc(cc(c1)C)P(c1cc(C)cc(c1)C)C1CCCC1,"PCyp(3,5-Me2-Ph)2",2.00,COC1=CC=C(C2=CC=CC=C2)C=C1,39.00
396,ClC1=CC=C(OC)C=C1,OB(O)C1=CC=CC=C1,COc1ccc(cc1)P(c1ccc(cc1)OC)C1CCCCC1,PCy(4-OMe-Ph)2,2.00,COC1=CC=C(C2=CC=CC=C2)C=C1,32.00
397,ClC1=CC=C(OC)C=C1,OB(O)C1=CC=CC=C1,CC(P(c1cc(cc(c1)C(C)(C)C)C(C)(C)C)c1cc(cc(c1)C(C)(C)C)C(C)(C)C)(C)C,"PtBu(3,5-tBu2-Ph)2",2.00,COC1=CC=C(C2=CC=CC=C2)C=C1,27.00
398,ClC1=CC=C(OC)C=C1,OB(O)C1=CC=CC=C1,CC(c1cc(cc(c1)C(C)(C)C)P(c1cc(cc(c1)C(C)(C)C)C(C)(C)C)CC1CCCC1)(C)C,"PCH2Cyp(3,5-tBu2-Ph)2",2.00,COC1=CC=C(C2=CC=CC=C2)C=C1,51.00
399,ClC1=CC=C(OC)C=C1,OB(O)C1=CC=CC=C1,CC(c1cc(cc(c1c1cc(cc(c1)c1c(cc(cc1C(C)C)C(C)C)C(C)C)P(C1CCCCC1)C1CCCCC1)C(C)C)C(C)C)C,"PCy2(3,5-TRIP2-Ph)",2.00,COC1=CC=C(C2=CC=CC=C2)C=C1,28.00
400,ClC1=CC=C(OC)C=C1,OB(O)C1=CC=CC=C1,COc1ccc(cc1)P(C1CCCC1)C1CCCC1,PCyp2(4-OMe-Ph),2.00,COC1=CC=C(C2=CC=CC=C2)C=C1,33.00
401,ClC1=CC=C(OC)C=C1,OB(O)C1=CC=CC=C1,CC(c1cc(cc(c1c1cc(cc(c1)c1c(cc(cc1C(C)(C)C)C(C)(C)C)C(C)(C)C)P(C1CCCC1)C1CCCC1)C(C)(C)C)C(C)(C)C)(C)C,"PCyp2(3,5-(2,4,6-tBu3-Ph)2-Ph)",2.00,COC1=CC=C(C2=CC=CC=C2)C=C1,5.00
402,ClC1=CC=C(OC)C=C1,OB(O)C1=CC=CC=C1,Cc1ccccc1P(c1ccccc1C)C1CCCCC1,PCyoTol2,2.00,COC1=CC=C(C2=CC=CC=C2)C=C1,5.00
403,ClC1=CC=C(OC)C=C1,OB(O)C1=CC=CC=C1,Cc1cc(C)c(c(c1)C)P(c1cc(cc(c1)C(C)(C)C)C(C)(C)C)C1CCCC1,"PCypMes(3,5-tBu2-Ph)",2.00,COC1=CC=C(C2=CC=CC=C2)C=C1,6.00
404,ClC1=CC=C(OC)C=C1,OB(O)C1=CC=CC=C1,CC(c1cc(cc(c1)C(C)(C)C)P(c1cc(cc(c1)C(C)(C)C)C(C)(C)C)[C@@H]1C[C@@H]2C[C@H]1C=C2)(C)C,"P(exo-norbornenyl)(3,5-tBu2-Ph)2",2.00,COC1=CC=C(C2=CC=CC=C2)C=C1,43.00
405,ClC1=CC=C(OC)C=C1,OB(O)C1=CC=CC=C1,Cc1cc(C)cc(c1c1cc(cc(c1)c1c(C)cc(cc1C)C)P(c1cc(cc(c1)c1c(C)cc(cc1C)C)c1c(C)cc(cc1C)C)C1CCCC1)C,"PCyp(3,5-Mes2-Ph)2",2.00,COC1=CC=C(C2=CC=CC=C2)C=C1,43.00
406,ClC1=CC=C(OC)C=C1,OB(O)C1=CC=CC=C1,C1CCC(C1)P(c1cc2CCCN3c2c(c1)CCC3)c1cc2CCCN3c2c(c1)CCC3,PCyp(9THPQ)2,2.00,COC1=CC=C(C2=CC=CC=C2)C=C1,19.00
407,ClC1=CC=C(OC)C=C1,OB(O)C1=CC=CC=C1,CC(c1cc(C(C)C)c(c(c1)C(C)C)c1cc(cc(c1)c1c(cc(cc1C(C)C)C(C)C)C(C)C)P(c1cc(cc(c1)C(C)(C)C)C(C)(C)C)c1cc(cc(c1)C(C)(C)C)C(C)(C)C)C,"P(3,5-tBu2-Ph)2(3,5-TRIP2-Ph)",2.00,COC1=CC=C(C2=CC=CC=C2)C=C1,23.00
408,ClC1=CC=C(OC)C=C1,OB(O)C1=CC=CC=C1,CC(c1cc(cc(c1)C(C)(C)C)P(c1cc(cc(c1)C(C)(C)C)C(C)(C)C)c1ccccc1)(C)C,"PPh(3,5-tBu2-Ph)2",2.00,COC1=CC=C(C2=CC=CC=C2)C=C1,71.00
409,ClC1=CC=C(OC)C=C1,OB(O)C1=CC=CC=C1,P(c1c(cc(cc1)C)C)(c1c(cc(cc1)C)C)c1c(cc(cc1)C)C,"P(2,4-Me2-Ph)3",2.00,COC1=CC=C(C2=CC=CC=C2)C=C1,2.00
410,ClC1=CC=C(OC)C=C1,OB(O)C1=CC=CC=C1,c1ccc2c(c1)c1c(p2c2ccccc2)cccc1,PhDBP Dibenzophosphole-Ph,2.00,COC1=CC=C(C2=CC=CC=C2)C=C1,3.00
411,ClC1=CC=C(OC)C=C1,OB(O)C1=CC=CC=C1,P(c1cc(ccc1)Cl)(c1cc(ccc1)Cl)c1cc(ccc1)Cl,P(3-Cl-Ph)3,2.00,COC1=CC=C(C2=CC=CC=C2)C=C1,9.00
412,ClC1=CC=C(OC)C=C1,OB(O)C1=CC=CC=C1,P(CCCCCCCC)(CCCCCCCC)CCCCCCCC,P(nOct)3,2.00,COC1=CC=C(C2=CC=CC=C2)C=C1,23.00
413,ClC1=CC=C(OC)C=C1,OB(O)C1=CC=CC=C1,P12CN3CN(C1)CN(C2)C3,Triazaphosphaadamantane PTA,2.00,COC1=CC=C(C2=CC=CC=C2)C=C1,1.00
414,ClC1=CC=C(OC)C=C1,OB(O)C1=CC=CC=C1,P(c1cc(ccc1)OC)(c1cc(ccc1)OC)c1cc(ccc1)OC,P(3-OMePh)3,2.00,COC1=CC=C(C2=CC=CC=C2)C=C1,42.00
415,ClC1=CC=C(OC)C=C1,OB(O)C1=CC=CC=C1,P(CC=C)(CC=C)CC=C,PAllyl3,2.00,COC1=CC=C(C2=CC=CC=C2)C=C1,2.00
416,ClC1=CC=C(OC)C=C1,OB(O)C1=CC=CC=C1,P(CC(C)C)(CC(C)C)CC(C)C,P(iBu)3,2.00,COC1=CC=C(C2=CC=CC=C2)C=C1,0.00
417,ClC1=CC=C(OC)C=C1,OB(O)C1=CC=CC=C1,P(c1c(cccc1)Br)(c1ccccc1)c1ccccc1,PPh2(2-Br-Ph),2.00,COC1=CC=C(C2=CC=CC=C2)C=C1,2.00
418,ClC1=CC=C(OC)C=C1,OB(O)C1=CC=CC=C1,P(c1c(cccc1)C)(c1ccccc1)c1ccccc1,PPh2oTol,2.00,COC1=CC=C(C2=CC=CC=C2)C=C1,23.00
419,ClC1=CC=C(OC)C=C1,OB(O)C1=CC=CC=C1,P(C(C)(C)C)(C(C)(C)C)c1c(c2c(cc1)cccc2)c1c2c(ccc1)cccc2,TrixiePhos (PtBu2(binaphthyl)),2.00,COC1=CC=C(C2=CC=CC=C2)C=C1,2.00
420,ClC1=CC=C(OC)C=C1,OB(O)C1=CC=CC=C1,P(C1CCCCC1)(C1CCCCC1)c1c(cccc1)c1c(cccc1)C,MePhos,2.00,COC1=CC=C(C2=CC=CC=C2)C=C1,6.00
421,ClC1=CC=C(OC)C=C1,OB(O)C1=CC=CC=C1,P(C(C)(C)C)(C(C)(C)C)c1c(cccc1)c1c(cccc1)C,tBuMePhos,2.00,COC1=CC=C(C2=CC=CC=C2)C=C1,2.00
422,ClC1=CC=C(OC)C=C1,OB(O)C1=CC=CC=C1,P(C(C)(C)C)(C(C)(C)C)c1c(cccc1)c1c(cccc1)N(C)C,tBuDavePhos,2.00,COC1=CC=C(C2=CC=CC=C2)C=C1,2.00
423,ClC1=CC=C(OC)C=C1,OB(O)C1=CC=CC=C1,P(C(C)(C)C)(C(C)(C)C)c1n(ncc1)c1c(n(nc1c1ccccc1)c1ccccc1)c1ccccc1,Bippyphos,2.00,COC1=CC=C(C2=CC=CC=C2)C=C1,2.00
424,ClC1=CC=C(OC)C=C1,OB(O)C1=CC=CC=C1,P(C(C)(C)C)(C(C)(C)C)c1c(cccc1)n1nc(cc1c1ccccc1)c1ccccc1,TrippyPhos PtBu2(2-Ph2pyrazol-1-yl-Ph),2.00,COC1=CC=C(C2=CC=CC=C2)C=C1,2.00
425,ClC1=CC=C(OC)C=C1,OB(O)C1=CC=CC=C1,P(C(C)(C)C)(C(C)(C)C)c1n(c2c(c1)cccc2)c1ccccc1,"PtBu2(N-Ph-indol-2-yl), cataCXiumPIntB",2.00,COC1=CC=C(C2=CC=CC=C2)C=C1,2.00
426,ClC1=CC=C(OC)C=C1,OB(O)C1=CC=CC=C1,P(C(C)(C)C)(C(C)(C)C)c1n(ccc1)c1ccccc1,"NPh-Pyrrole-PtBu2, CataCXium PtB",2.00,COC1=CC=C(C2=CC=CC=C2)C=C1,2.00
427,ClC1=CC=C(OC)C=C1,OB(O)C1=CC=CC=C1,P(C1c2c(cccc2)C=Cc2c1cccc2)(c1ccccc1)c1ccccc1,tropPPh2,2.00,COC1=CC=C(C2=CC=CC=C2)C=C1,0.00
428,ClC1=CC=C(OC)C=C1,OB(O)C1=CC=CC=C1,P(C1CCCCC1)(C1CCCCC1)c1n(ccn1)c1c(cc(cc1C)C)C,Cataxium PICy,2.00,COC1=CC=C(C2=CC=CC=C2)C=C1,4.00
429,ClC1=CC=C(OC)C=C1,OB(O)C1=CC=CC=C1,P(C(C)(C)C)(C(C)(C)C)c1n(ccc1)c1c(cccc1)OC,"N(2-OMe-Ph)-Pyrrole-PtBu2, cataCXiumPOMetB",2.00,COC1=CC=C(C2=CC=CC=C2)C=C1,2.00
430,ClC1=CC=C(OC)C=C1,OB(O)C1=CC=CC=C1,P(C1CCCCC1)(C1CCCCC1)c1n(ccc1)c1c(cccc1)OC,"N(2-OMe-Ph)-Pyrrole-PCy2, cataCXiumPOMeCy",2.00,COC1=CC=C(C2=CC=CC=C2)C=C1,20.00
431,ClC1=CC=C(OC)C=C1,OB(O)C1=CC=CC=C1,P(C1CCCCC1)(C1CCCCC1)c1n(c2c(c1)cccc2)c1ccccc1,cataCXiumPInCy,2.00,COC1=CC=C(C2=CC=CC=C2)C=C1,25.00
432,ClC1=CC=C(OC)C=C1,OB(O)C1=CC=CC=C1,P(C1CCCCC1)(C1CCCCC1)c1c(cccc1)c1c(cc(cc1OC)OC)OC,"1-Cy2P-2’,4’,6’-MeO-Ph2",2.00,COC1=CC=C(C2=CC=CC=C2)C=C1,4.00
433,ClC1=CC=C(OC)C=C1,OB(O)C1=CC=CC=C1,P(C(C)(C)C)(C(C)(C)C)c1n(ncc1)c1c2c(ccc1)cccc2,NappyPhos PtBu2(N-1Nap-pyrazol-5-yl),2.00,COC1=CC=C(C2=CC=CC=C2)C=C1,4.00
434,ClC1=CC=C(OC)C=C1,OB(O)C1=CC=CC=C1,P(C1CCCCC1)(C1CCCCC1)c1n(ncc1)c1c(n(nc1c1ccccc1)c1ccccc1)c1ccccc1,Cy-BippyPhos,2.00,COC1=CC=C(C2=CC=CC=C2)C=C1,3.00
435,ClC1=CC=C(OC)C=C1,OB(O)C1=CC=CC=C1,P(C1CCCCC1)(C1CCCCC1)c1c(cccc1)n1c2c(c3c1cccc3)cccc2,Cy-PhenCarPhos,2.00,COC1=CC=C(C2=CC=CC=C2)C=C1,5.00
436,ClC1=CC=C(OC)C=C1,OB(O)C1=CC=CC=C1,P([C@]12C[C@@H]3C[C@H](C1)C[C@H](C2)C3)([C@]12C[C@@H]3C[C@H](C1)C[C@H](C2)C3)c1n(ncc1)c1c(n(nc1c1ccccc1)c1ccccc1)c1ccccc1,AdBippyphos,2.00,COC1=CC=C(C2=CC=CC=C2)C=C1,2.00
437,ClC1=CC=C(OC)C=C1,OB(O)C1=CC=CC=C1,P(C1c2c(cccc2)C=Cc2c1cccc2)(C1c2c(cccc2)C=Cc2c1cccc2)c1ccccc1,trop2PPh,2.00,COC1=CC=C(C2=CC=CC=C2)C=C1,0.00
438,ClC1=CC=C(OC)C=C1,OB(O)C1=CC=CC=C1,FC(F)(F)C(F)(F)C(F)(F)C(C(F)(F)F)(C(F)(F)F)Cc1ccc(cc1)P(c3ccc(cc3)CC(C(F)(F)F)(C(F)(F)F)C(F)(F)C(F)(F)C(F)(F)F)c2ccccc2,"PPh (4-(2,2-(CF3)2-F7pent)-Ph)2",2.00,COC1=CC=C(C2=CC=CC=C2)C=C1,6.00
439,ClC1=CC=C(OC)C=C1,OB(O)C1=CC=CC=C1,CC(C1=CC(P(C2=CC(C(C)(C)C)=CC(C(C)(C)C)=C2)C3=CC(C(C)(C)C)=CC(C(C)(C)C)=C3)=CC(C(C)(C)C)=C1)(C)C,"P(3,5-tBu2-Ph)3",2.00,COC1=CC=C(C2=CC=CC=C2)C=C1,65.00
440,ClC1=CC=C(OC)C=C1,OB(O)C1=CC=CC=C1,O=CC1=CC=CC=C1P(C2=CC(C(C)(C)C)=C(OC)C(C(C)(C)C)=C2)C3=CC(C(C)(C)C)=C(OC)C(C(C)(C)C)=C3,"P(3,5tBu2-4-OMe-Ph)2(2-CHO-Ph)",2.00,COC1=CC=C(C2=CC=CC=C2)C=C1,1.00
441,ClC1=CC=C(OC)C=C1,OB(O)C1=CC=CC=C1,O=CC1=CC=CC=C1P(C2=CC(C)=CC(C)=C2)C3=CC(C)=CC(C)=C3,"P(3,5Me2-Ph)2(2-CHO-Ph)",2.00,COC1=CC=C(C2=CC=CC=C2)C=C1,1.00
442,ClC1=CC=C(OC)C=C1,OB(O)C1=CC=CC=C1,c1ccc(cc1)P(c2ccccc2)c3ccccc3C#N,Ph2P(2-PhCN),2.00,COC1=CC=C(C2=CC=CC=C2)C=C1,0.00
443,ClC1=CC=C(OC)C=C1,OB(O)C1=CC=CC=C1,COC(=O)CCP(CCC(=O)OC)CCC(=O)OC,(MeO2CCH2CH2)3P,2.00,COC1=CC=C(C2=CC=CC=C2)C=C1,1.00
444,ClC1=CC=C(OC)C=C1,OB(O)C1=CC=CC=C1,OCP(CO)CO,"(HOCH2)3P
",2.00,COC1=CC=C(C2=CC=CC=C2)C=C1,1.00
445,ClC1=CC=C(OC)C=C1,OB(O)C1=CC=CC=C1,FC(C1=CC(P(C2=CC=CC(C(O)=O)=C2)C3=CC=CC(C(F)(F)F)=C3)=CC=C1)(F)F,"m-MiranPhos, P(3-CO2H-Ph)(3-CF3-Ph)2",2.00,COC1=CC=C(C2=CC=CC=C2)C=C1,1.00
446,ClC1=CC=C(OC)C=C1,OB(O)C1=CC=CC=C1,O=C(O)C1=CC(P(C2=CC=CC(C(F)(F)F)=C2)C3=CC=CC(C(O)=O)=C3)=CC=C1,"m-Miran2Phos, P(3-CO2H-Ph)2(3-CF3-Ph)",2.00,COC1=CC=C(C2=CC=CC=C2)C=C1,0.00
447,ClC1=CC=C(OC)C=C1,OB(O)C1=CC=CC=C1,O=C(C(C=C1)=CC=C1P(C2=CC=C(C(F)(F)F)C=C2)C3=CC=C(C(F)(F)F)C=C3)O,"p-MiranPhos, P(4-CO2H-Ph)(4-CF3-Ph)2",2.00,COC1=CC=C(C2=CC=CC=C2)C=C1,1.00
448,ClC1=CC=C(OC)C=C1,OB(O)C1=CC=CC=C1,O=C(C(C=C1)=CC=C1P(C2=CC=C(C(F)(F)F)C=C2)C3=CC=C(C(O)=O)C=C3)O,"p-Miran2Phos, P(4-CO2H-Ph)2(4-CF3-Ph)",2.00,COC1=CC=C(C2=CC=CC=C2)C=C1,0.00
449,ClC1=CC=C(OC)C=C1,OB(O)C1=CC=CC=C1,O=CC1=CC=CC=C1P(C2=CC=CC=C2)C3=CC=CC=C3,PPh2(2-CHO-Ph),2.00,COC1=CC=C(C2=CC=CC=C2)C=C1,0.00
450,ClC1=CC=C(OC)C=C1,OB(O)C1=CC=CC=C1,P(CCCO)(CCCO)CCCO,P(CH2CH2CH2OH)3,2.00,COC1=CC=C(C2=CC=CC=C2)C=C1,0.00