index,base_SMILES,fluoride_SMILES,substrate_SMILES,yield
1,N12CCCN=C1CCCCC2,ClC1=CC=C(S(=O)(F)=O)C=C1,OCCCCC1=CC=CC=C1,42
2,N12CCCN=C1CCCCC2,O=S(C1=CC=CC=N1)(F)=O,OCCCCC1=CC=CC=C1,48
3,N12CCCN=C1CCCCC2,O=S(C1=CC=C(C(F)(F)F)C=C1)(F)=O,OCCCCC1=CC=CC=C1,47
4,N12CCCN=C1CCCCC2,O=S(C1=CC=C([N+]([O-])=O)C=C1)(F)=O,OCCCCC1=CC=CC=C1,52
5,N12CCCN=C1CCCCC2,FC(C(F)(S(=O)(F)=O)F)(F)C(F)(F)C(F)(F)F,OCCCCC1=CC=CC=C1,52
6,CN1CCCN2CCCN=C21,ClC1=CC=C(S(=O)(F)=O)C=C1,OCCCCC1=CC=CC=C1,76
7,CN1CCCN2CCCN=C21,O=S(C1=CC=CC=N1)(F)=O,OCCCCC1=CC=CC=C1,78
8,CN1CCCN2CCCN=C21,O=S(C1=CC=C(C(F)(F)F)C=C1)(F)=O,OCCCCC1=CC=CC=C1,87
9,CN1CCCN2CCCN=C21,O=S(C1=CC=C([N+]([O-])=O)C=C1)(F)=O,OCCCCC1=CC=CC=C1,82
10,CN1CCCN2CCCN=C21,FC(C(F)(S(=O)(F)=O)F)(F)C(F)(F)C(F)(F)F,OCCCCC1=CC=CC=C1,80
11,CN(C)/C(N(C)C)=N/C(C)(C)C,ClC1=CC=C(S(=O)(F)=O)C=C1,OCCCCC1=CC=CC=C1,78
12,CN(C)/C(N(C)C)=N/C(C)(C)C,O=S(C1=CC=CC=N1)(F)=O,OCCCCC1=CC=CC=C1,79
13,CN(C)/C(N(C)C)=N/C(C)(C)C,O=S(C1=CC=C(C(F)(F)F)C=C1)(F)=O,OCCCCC1=CC=CC=C1,91
14,CN(C)/C(N(C)C)=N/C(C)(C)C,O=S(C1=CC=C([N+]([O-])=O)C=C1)(F)=O,OCCCCC1=CC=CC=C1,87
15,CN(C)/C(N(C)C)=N/C(C)(C)C,FC(C(F)(S(=O)(F)=O)F)(F)C(F)(F)C(F)(F)F,OCCCCC1=CC=CC=C1,84
16,CC(N=P(N1CCCC1)(N2CCCC2)N3CCCC3)(C)C,ClC1=CC=C(S(=O)(F)=O)C=C1,OCCCCC1=CC=CC=C1,87
17,CC(N=P(N1CCCC1)(N2CCCC2)N3CCCC3)(C)C,O=S(C1=CC=CC=N1)(F)=O,OCCCCC1=CC=CC=C1,88
18,CC(N=P(N1CCCC1)(N2CCCC2)N3CCCC3)(C)C,O=S(C1=CC=C(C(F)(F)F)C=C1)(F)=O,OCCCCC1=CC=CC=C1,96
19,CC(N=P(N1CCCC1)(N2CCCC2)N3CCCC3)(C)C,O=S(C1=CC=C([N+]([O-])=O)C=C1)(F)=O,OCCCCC1=CC=CC=C1,83
20,CC(N=P(N1CCCC1)(N2CCCC2)N3CCCC3)(C)C,FC(C(F)(S(=O)(F)=O)F)(F)C(F)(F)C(F)(F)F,OCCCCC1=CC=CC=C1,94
21,N12CCCN=C1CCCCC2,ClC1=CC=C(S(=O)(F)=O)C=C1,OC(C)CCC1=CC=CC=C1,40
22,N12CCCN=C1CCCCC2,O=S(C1=CC=CC=N1)(F)=O,OC(C)CCC1=CC=CC=C1,57
23,N12CCCN=C1CCCCC2,O=S(C1=CC=C(C(F)(F)F)C=C1)(F)=O,OC(C)CCC1=CC=CC=C1,52
24,N12CCCN=C1CCCCC2,O=S(C1=CC=C([N+]([O-])=O)C=C1)(F)=O,OC(C)CCC1=CC=CC=C1,54
25,N12CCCN=C1CCCCC2,FC(C(F)(S(=O)(F)=O)F)(F)C(F)(F)C(F)(F)F,OC(C)CCC1=CC=CC=C1,39
26,CN1CCCN2CCCN=C21,ClC1=CC=C(S(=O)(F)=O)C=C1,OC(C)CCC1=CC=CC=C1,54
27,CN1CCCN2CCCN=C21,O=S(C1=CC=CC=N1)(F)=O,OC(C)CCC1=CC=CC=C1,59
28,CN1CCCN2CCCN=C21,O=S(C1=CC=C(C(F)(F)F)C=C1)(F)=O,OC(C)CCC1=CC=CC=C1,69
29,CN1CCCN2CCCN=C21,O=S(C1=CC=C([N+]([O-])=O)C=C1)(F)=O,OC(C)CCC1=CC=CC=C1,63
30,CN1CCCN2CCCN=C21,FC(C(F)(S(=O)(F)=O)F)(F)C(F)(F)C(F)(F)F,OC(C)CCC1=CC=CC=C1,60
31,CN(C)/C(N(C)C)=N/C(C)(C)C,ClC1=CC=C(S(=O)(F)=O)C=C1,OC(C)CCC1=CC=CC=C1,41
32,CN(C)/C(N(C)C)=N/C(C)(C)C,O=S(C1=CC=CC=N1)(F)=O,OC(C)CCC1=CC=CC=C1,49
33,CN(C)/C(N(C)C)=N/C(C)(C)C,O=S(C1=CC=C(C(F)(F)F)C=C1)(F)=O,OC(C)CCC1=CC=CC=C1,57
34,CN(C)/C(N(C)C)=N/C(C)(C)C,O=S(C1=CC=C([N+]([O-])=O)C=C1)(F)=O,OC(C)CCC1=CC=CC=C1,55
35,CN(C)/C(N(C)C)=N/C(C)(C)C,FC(C(F)(S(=O)(F)=O)F)(F)C(F)(F)C(F)(F)F,OC(C)CCC1=CC=CC=C1,61
36,CC(N=P(N1CCCC1)(N2CCCC2)N3CCCC3)(C)C,ClC1=CC=C(S(=O)(F)=O)C=C1,OC(C)CCC1=CC=CC=C1,42
37,CC(N=P(N1CCCC1)(N2CCCC2)N3CCCC3)(C)C,O=S(C1=CC=CC=N1)(F)=O,OC(C)CCC1=CC=CC=C1,53
38,CC(N=P(N1CCCC1)(N2CCCC2)N3CCCC3)(C)C,O=S(C1=CC=C(C(F)(F)F)C=C1)(F)=O,OC(C)CCC1=CC=CC=C1,60
39,CC(N=P(N1CCCC1)(N2CCCC2)N3CCCC3)(C)C,O=S(C1=CC=C([N+]([O-])=O)C=C1)(F)=O,OC(C)CCC1=CC=CC=C1,51
40,CC(N=P(N1CCCC1)(N2CCCC2)N3CCCC3)(C)C,FC(C(F)(S(=O)(F)=O)F)(F)C(F)(F)C(F)(F)F,OC(C)CCC1=CC=CC=C1,65
41,N12CCCN=C1CCCCC2,ClC1=CC=C(S(=O)(F)=O)C=C1,CC(C)(O)CCC1=CC=CC=C1,0
42,N12CCCN=C1CCCCC2,O=S(C1=CC=CC=N1)(F)=O,CC(C)(O)CCC1=CC=CC=C1,4
43,N12CCCN=C1CCCCC2,O=S(C1=CC=C(C(F)(F)F)C=C1)(F)=O,CC(C)(O)CCC1=CC=CC=C1,2
44,N12CCCN=C1CCCCC2,O=S(C1=CC=C([N+]([O-])=O)C=C1)(F)=O,CC(C)(O)CCC1=CC=CC=C1,4
45,N12CCCN=C1CCCCC2,FC(C(F)(S(=O)(F)=O)F)(F)C(F)(F)C(F)(F)F,CC(C)(O)CCC1=CC=CC=C1,9
46,CN1CCCN2CCCN=C21,ClC1=CC=C(S(=O)(F)=O)C=C1,CC(C)(O)CCC1=CC=CC=C1,1
47,CN1CCCN2CCCN=C21,O=S(C1=CC=CC=N1)(F)=O,CC(C)(O)CCC1=CC=CC=C1,5
48,CN1CCCN2CCCN=C21,O=S(C1=CC=C(C(F)(F)F)C=C1)(F)=O,CC(C)(O)CCC1=CC=CC=C1,4
49,CN1CCCN2CCCN=C21,O=S(C1=CC=C([N+]([O-])=O)C=C1)(F)=O,CC(C)(O)CCC1=CC=CC=C1,5
50,CN1CCCN2CCCN=C21,FC(C(F)(S(=O)(F)=O)F)(F)C(F)(F)C(F)(F)F,CC(C)(O)CCC1=CC=CC=C1,18
51,CN(C)/C(N(C)C)=N/C(C)(C)C,ClC1=CC=C(S(=O)(F)=O)C=C1,CC(C)(O)CCC1=CC=CC=C1,0
52,CN(C)/C(N(C)C)=N/C(C)(C)C,O=S(C1=CC=CC=N1)(F)=O,CC(C)(O)CCC1=CC=CC=C1,0
53,CN(C)/C(N(C)C)=N/C(C)(C)C,O=S(C1=CC=C(C(F)(F)F)C=C1)(F)=O,CC(C)(O)CCC1=CC=CC=C1,0
54,CN(C)/C(N(C)C)=N/C(C)(C)C,O=S(C1=CC=C([N+]([O-])=O)C=C1)(F)=O,CC(C)(O)CCC1=CC=CC=C1,1
55,CN(C)/C(N(C)C)=N/C(C)(C)C,FC(C(F)(S(=O)(F)=O)F)(F)C(F)(F)C(F)(F)F,CC(C)(O)CCC1=CC=CC=C1,17
56,CC(N=P(N1CCCC1)(N2CCCC2)N3CCCC3)(C)C,ClC1=CC=C(S(=O)(F)=O)C=C1,CC(C)(O)CCC1=CC=CC=C1,0
57,CC(N=P(N1CCCC1)(N2CCCC2)N3CCCC3)(C)C,O=S(C1=CC=CC=N1)(F)=O,CC(C)(O)CCC1=CC=CC=C1,0
58,CC(N=P(N1CCCC1)(N2CCCC2)N3CCCC3)(C)C,O=S(C1=CC=C(C(F)(F)F)C=C1)(F)=O,CC(C)(O)CCC1=CC=CC=C1,1
59,CC(N=P(N1CCCC1)(N2CCCC2)N3CCCC3)(C)C,O=S(C1=CC=C([N+]([O-])=O)C=C1)(F)=O,CC(C)(O)CCC1=CC=CC=C1,0
60,CC(N=P(N1CCCC1)(N2CCCC2)N3CCCC3)(C)C,FC(C(F)(S(=O)(F)=O)F)(F)C(F)(F)C(F)(F)F,CC(C)(O)CCC1=CC=CC=C1,22
61,N12CCCN=C1CCCCC2,ClC1=CC=C(S(=O)(F)=O)C=C1,OCCCC1=NC(C2=CC=CC=C2)=C(C3=CC=CC=C3)O1,53
62,N12CCCN=C1CCCCC2,O=S(C1=CC=CC=N1)(F)=O,OCCCC1=NC(C2=CC=CC=C2)=C(C3=CC=CC=C3)O1,63
63,N12CCCN=C1CCCCC2,O=S(C1=CC=C(C(F)(F)F)C=C1)(F)=O,OCCCC1=NC(C2=CC=CC=C2)=C(C3=CC=CC=C3)O1,63
64,N12CCCN=C1CCCCC2,O=S(C1=CC=C([N+]([O-])=O)C=C1)(F)=O,OCCCC1=NC(C2=CC=CC=C2)=C(C3=CC=CC=C3)O1,65
65,N12CCCN=C1CCCCC2,FC(C(F)(S(=O)(F)=O)F)(F)C(F)(F)C(F)(F)F,OCCCC1=NC(C2=CC=CC=C2)=C(C3=CC=CC=C3)O1,60
66,CN1CCCN2CCCN=C21,ClC1=CC=C(S(=O)(F)=O)C=C1,OCCCC1=NC(C2=CC=CC=C2)=C(C3=CC=CC=C3)O1,88
67,CN1CCCN2CCCN=C21,O=S(C1=CC=CC=N1)(F)=O,OCCCC1=NC(C2=CC=CC=C2)=C(C3=CC=CC=C3)O1,84
68,CN1CCCN2CCCN=C21,O=S(C1=CC=C(C(F)(F)F)C=C1)(F)=O,OCCCC1=NC(C2=CC=CC=C2)=C(C3=CC=CC=C3)O1,98
69,CN1CCCN2CCCN=C21,O=S(C1=CC=C([N+]([O-])=O)C=C1)(F)=O,OCCCC1=NC(C2=CC=CC=C2)=C(C3=CC=CC=C3)O1,89
70,CN1CCCN2CCCN=C21,FC(C(F)(S(=O)(F)=O)F)(F)C(F)(F)C(F)(F)F,OCCCC1=NC(C2=CC=CC=C2)=C(C3=CC=CC=C3)O1,82
71,CN(C)/C(N(C)C)=N/C(C)(C)C,ClC1=CC=C(S(=O)(F)=O)C=C1,OCCCC1=NC(C2=CC=CC=C2)=C(C3=CC=CC=C3)O1,94
72,CN(C)/C(N(C)C)=N/C(C)(C)C,O=S(C1=CC=CC=N1)(F)=O,OCCCC1=NC(C2=CC=CC=C2)=C(C3=CC=CC=C3)O1,91
73,CN(C)/C(N(C)C)=N/C(C)(C)C,O=S(C1=CC=C(C(F)(F)F)C=C1)(F)=O,OCCCC1=NC(C2=CC=CC=C2)=C(C3=CC=CC=C3)O1,106
74,CN(C)/C(N(C)C)=N/C(C)(C)C,O=S(C1=CC=C([N+]([O-])=O)C=C1)(F)=O,OCCCC1=NC(C2=CC=CC=C2)=C(C3=CC=CC=C3)O1,101
75,CN(C)/C(N(C)C)=N/C(C)(C)C,FC(C(F)(S(=O)(F)=O)F)(F)C(F)(F)C(F)(F)F,OCCCC1=NC(C2=CC=CC=C2)=C(C3=CC=CC=C3)O1,91
76,CC(N=P(N1CCCC1)(N2CCCC2)N3CCCC3)(C)C,ClC1=CC=C(S(=O)(F)=O)C=C1,OCCCC1=NC(C2=CC=CC=C2)=C(C3=CC=CC=C3)O1,94
77,CC(N=P(N1CCCC1)(N2CCCC2)N3CCCC3)(C)C,O=S(C1=CC=CC=N1)(F)=O,OCCCC1=NC(C2=CC=CC=C2)=C(C3=CC=CC=C3)O1,98
78,CC(N=P(N1CCCC1)(N2CCCC2)N3CCCC3)(C)C,O=S(C1=CC=C(C(F)(F)F)C=C1)(F)=O,OCCCC1=NC(C2=CC=CC=C2)=C(C3=CC=CC=C3)O1,104
79,CC(N=P(N1CCCC1)(N2CCCC2)N3CCCC3)(C)C,O=S(C1=CC=C([N+]([O-])=O)C=C1)(F)=O,OCCCC1=NC(C2=CC=CC=C2)=C(C3=CC=CC=C3)O1,95
80,CC(N=P(N1CCCC1)(N2CCCC2)N3CCCC3)(C)C,FC(C(F)(S(=O)(F)=O)F)(F)C(F)(F)C(F)(F)F,OCCCC1=NC(C2=CC=CC=C2)=C(C3=CC=CC=C3)O1,94
81,N12CCCN=C1CCCCC2,ClC1=CC=C(S(=O)(F)=O)C=C1,O=C(N(C)C(N=CN1C)=C1C2=O)N2CCCCC(C)O,53
82,N12CCCN=C1CCCCC2,O=S(C1=CC=CC=N1)(F)=O,O=C(N(C)C(N=CN1C)=C1C2=O)N2CCCCC(C)O,68
83,N12CCCN=C1CCCCC2,O=S(C1=CC=C(C(F)(F)F)C=C1)(F)=O,O=C(N(C)C(N=CN1C)=C1C2=O)N2CCCCC(C)O,71
84,N12CCCN=C1CCCCC2,O=S(C1=CC=C([N+]([O-])=O)C=C1)(F)=O,O=C(N(C)C(N=CN1C)=C1C2=O)N2CCCCC(C)O,74
85,N12CCCN=C1CCCCC2,FC(C(F)(S(=O)(F)=O)F)(F)C(F)(F)C(F)(F)F,O=C(N(C)C(N=CN1C)=C1C2=O)N2CCCCC(C)O,54
86,CN1CCCN2CCCN=C21,ClC1=CC=C(S(=O)(F)=O)C=C1,O=C(N(C)C(N=CN1C)=C1C2=O)N2CCCCC(C)O,52
87,CN1CCCN2CCCN=C21,O=S(C1=CC=CC=N1)(F)=O,O=C(N(C)C(N=CN1C)=C1C2=O)N2CCCCC(C)O,68
88,CN1CCCN2CCCN=C21,O=S(C1=CC=C(C(F)(F)F)C=C1)(F)=O,O=C(N(C)C(N=CN1C)=C1C2=O)N2CCCCC(C)O,72
89,CN1CCCN2CCCN=C21,O=S(C1=CC=C([N+]([O-])=O)C=C1)(F)=O,O=C(N(C)C(N=CN1C)=C1C2=O)N2CCCCC(C)O,66
90,CN1CCCN2CCCN=C21,FC(C(F)(S(=O)(F)=O)F)(F)C(F)(F)C(F)(F)F,O=C(N(C)C(N=CN1C)=C1C2=O)N2CCCCC(C)O,53
91,CN(C)/C(N(C)C)=N/C(C)(C)C,ClC1=CC=C(S(=O)(F)=O)C=C1,O=C(N(C)C(N=CN1C)=C1C2=O)N2CCCCC(C)O,49
92,CN(C)/C(N(C)C)=N/C(C)(C)C,O=S(C1=CC=CC=N1)(F)=O,O=C(N(C)C(N=CN1C)=C1C2=O)N2CCCCC(C)O,69
93,CN(C)/C(N(C)C)=N/C(C)(C)C,O=S(C1=CC=C(C(F)(F)F)C=C1)(F)=O,O=C(N(C)C(N=CN1C)=C1C2=O)N2CCCCC(C)O,80
94,CN(C)/C(N(C)C)=N/C(C)(C)C,O=S(C1=CC=C([N+]([O-])=O)C=C1)(F)=O,O=C(N(C)C(N=CN1C)=C1C2=O)N2CCCCC(C)O,82
95,CN(C)/C(N(C)C)=N/C(C)(C)C,FC(C(F)(S(=O)(F)=O)F)(F)C(F)(F)C(F)(F)F,O=C(N(C)C(N=CN1C)=C1C2=O)N2CCCCC(C)O,76
96,CC(N=P(N1CCCC1)(N2CCCC2)N3CCCC3)(C)C,ClC1=CC=C(S(=O)(F)=O)C=C1,O=C(N(C)C(N=CN1C)=C1C2=O)N2CCCCC(C)O,48
97,CC(N=P(N1CCCC1)(N2CCCC2)N3CCCC3)(C)C,O=S(C1=CC=CC=N1)(F)=O,O=C(N(C)C(N=CN1C)=C1C2=O)N2CCCCC(C)O,67
98,CC(N=P(N1CCCC1)(N2CCCC2)N3CCCC3)(C)C,O=S(C1=CC=C(C(F)(F)F)C=C1)(F)=O,O=C(N(C)C(N=CN1C)=C1C2=O)N2CCCCC(C)O,78
99,CC(N=P(N1CCCC1)(N2CCCC2)N3CCCC3)(C)C,O=S(C1=CC=C([N+]([O-])=O)C=C1)(F)=O,O=C(N(C)C(N=CN1C)=C1C2=O)N2CCCCC(C)O,66
100,CC(N=P(N1CCCC1)(N2CCCC2)N3CCCC3)(C)C,FC(C(F)(S(=O)(F)=O)F)(F)C(F)(F)C(F)(F)F,O=C(N(C)C(N=CN1C)=C1C2=O)N2CCCCC(C)O,72
101,N12CCCN=C1CCCCC2,ClC1=CC=C(S(=O)(F)=O)C=C1,OC[C@H]1O[C@@H](N(C=N2)C3=C2C(N(C(C4=CC=CC=C4)=O)C(C5=CC=CC=C5)=O)=NC=N3)[C@H](OC(C6=CC=CC=C6)=O)[C@@H]1OC(C7=CC=CC=C7)=O,6
102,N12CCCN=C1CCCCC2,O=S(C1=CC=CC=N1)(F)=O,OC[C@H]1O[C@@H](N(C=N2)C3=C2C(N(C(C4=CC=CC=C4)=O)C(C5=CC=CC=C5)=O)=NC=N3)[C@H](OC(C6=CC=CC=C6)=O)[C@@H]1OC(C7=CC=CC=C7)=O,13
103,N12CCCN=C1CCCCC2,O=S(C1=CC=C(C(F)(F)F)C=C1)(F)=O,OC[C@H]1O[C@@H](N(C=N2)C3=C2C(N(C(C4=CC=CC=C4)=O)C(C5=CC=CC=C5)=O)=NC=N3)[C@H](OC(C6=CC=CC=C6)=O)[C@@H]1OC(C7=CC=CC=C7)=O,14
104,N12CCCN=C1CCCCC2,O=S(C1=CC=C([N+]([O-])=O)C=C1)(F)=O,OC[C@H]1O[C@@H](N(C=N2)C3=C2C(N(C(C4=CC=CC=C4)=O)C(C5=CC=CC=C5)=O)=NC=N3)[C@H](OC(C6=CC=CC=C6)=O)[C@@H]1OC(C7=CC=CC=C7)=O,17
105,N12CCCN=C1CCCCC2,FC(C(F)(S(=O)(F)=O)F)(F)C(F)(F)C(F)(F)F,OC[C@H]1O[C@@H](N(C=N2)C3=C2C(N(C(C4=CC=CC=C4)=O)C(C5=CC=CC=C5)=O)=NC=N3)[C@H](OC(C6=CC=CC=C6)=O)[C@@H]1OC(C7=CC=CC=C7)=O,29
106,CN1CCCN2CCCN=C21,ClC1=CC=C(S(=O)(F)=O)C=C1,OC[C@H]1O[C@@H](N(C=N2)C3=C2C(N(C(C4=CC=CC=C4)=O)C(C5=CC=CC=C5)=O)=NC=N3)[C@H](OC(C6=CC=CC=C6)=O)[C@@H]1OC(C7=CC=CC=C7)=O,17
107,CN1CCCN2CCCN=C21,O=S(C1=CC=CC=N1)(F)=O,OC[C@H]1O[C@@H](N(C=N2)C3=C2C(N(C(C4=CC=CC=C4)=O)C(C5=CC=CC=C5)=O)=NC=N3)[C@H](OC(C6=CC=CC=C6)=O)[C@@H]1OC(C7=CC=CC=C7)=O,26
108,CN1CCCN2CCCN=C21,O=S(C1=CC=C(C(F)(F)F)C=C1)(F)=O,OC[C@H]1O[C@@H](N(C=N2)C3=C2C(N(C(C4=CC=CC=C4)=O)C(C5=CC=CC=C5)=O)=NC=N3)[C@H](OC(C6=CC=CC=C6)=O)[C@@H]1OC(C7=CC=CC=C7)=O,30
109,CN1CCCN2CCCN=C21,O=S(C1=CC=C([N+]([O-])=O)C=C1)(F)=O,OC[C@H]1O[C@@H](N(C=N2)C3=C2C(N(C(C4=CC=CC=C4)=O)C(C5=CC=CC=C5)=O)=NC=N3)[C@H](OC(C6=CC=CC=C6)=O)[C@@H]1OC(C7=CC=CC=C7)=O,36
110,CN1CCCN2CCCN=C21,FC(C(F)(S(=O)(F)=O)F)(F)C(F)(F)C(F)(F)F,OC[C@H]1O[C@@H](N(C=N2)C3=C2C(N(C(C4=CC=CC=C4)=O)C(C5=CC=CC=C5)=O)=NC=N3)[C@H](OC(C6=CC=CC=C6)=O)[C@@H]1OC(C7=CC=CC=C7)=O,38
111,CN(C)/C(N(C)C)=N/C(C)(C)C,ClC1=CC=C(S(=O)(F)=O)C=C1,OC[C@H]1O[C@@H](N(C=N2)C3=C2C(N(C(C4=CC=CC=C4)=O)C(C5=CC=CC=C5)=O)=NC=N3)[C@H](OC(C6=CC=CC=C6)=O)[C@@H]1OC(C7=CC=CC=C7)=O,21
112,CN(C)/C(N(C)C)=N/C(C)(C)C,O=S(C1=CC=CC=N1)(F)=O,OC[C@H]1O[C@@H](N(C=N2)C3=C2C(N(C(C4=CC=CC=C4)=O)C(C5=CC=CC=C5)=O)=NC=N3)[C@H](OC(C6=CC=CC=C6)=O)[C@@H]1OC(C7=CC=CC=C7)=O,31
113,CN(C)/C(N(C)C)=N/C(C)(C)C,O=S(C1=CC=C(C(F)(F)F)C=C1)(F)=O,OC[C@H]1O[C@@H](N(C=N2)C3=C2C(N(C(C4=CC=CC=C4)=O)C(C5=CC=CC=C5)=O)=NC=N3)[C@H](OC(C6=CC=CC=C6)=O)[C@@H]1OC(C7=CC=CC=C7)=O,34
114,CN(C)/C(N(C)C)=N/C(C)(C)C,O=S(C1=CC=C([N+]([O-])=O)C=C1)(F)=O,OC[C@H]1O[C@@H](N(C=N2)C3=C2C(N(C(C4=CC=CC=C4)=O)C(C5=CC=CC=C5)=O)=NC=N3)[C@H](OC(C6=CC=CC=C6)=O)[C@@H]1OC(C7=CC=CC=C7)=O,40
115,CN(C)/C(N(C)C)=N/C(C)(C)C,FC(C(F)(S(=O)(F)=O)F)(F)C(F)(F)C(F)(F)F,OC[C@H]1O[C@@H](N(C=N2)C3=C2C(N(C(C4=CC=CC=C4)=O)C(C5=CC=CC=C5)=O)=NC=N3)[C@H](OC(C6=CC=CC=C6)=O)[C@@H]1OC(C7=CC=CC=C7)=O,49
116,CC(N=P(N1CCCC1)(N2CCCC2)N3CCCC3)(C)C,ClC1=CC=C(S(=O)(F)=O)C=C1,OC[C@H]1O[C@@H](N(C=N2)C3=C2C(N(C(C4=CC=CC=C4)=O)C(C5=CC=CC=C5)=O)=NC=N3)[C@H](OC(C6=CC=CC=C6)=O)[C@@H]1OC(C7=CC=CC=C7)=O,32
117,CC(N=P(N1CCCC1)(N2CCCC2)N3CCCC3)(C)C,O=S(C1=CC=CC=N1)(F)=O,OC[C@H]1O[C@@H](N(C=N2)C3=C2C(N(C(C4=CC=CC=C4)=O)C(C5=CC=CC=C5)=O)=NC=N3)[C@H](OC(C6=CC=CC=C6)=O)[C@@H]1OC(C7=CC=CC=C7)=O,38
118,CC(N=P(N1CCCC1)(N2CCCC2)N3CCCC3)(C)C,O=S(C1=CC=C(C(F)(F)F)C=C1)(F)=O,OC[C@H]1O[C@@H](N(C=N2)C3=C2C(N(C(C4=CC=CC=C4)=O)C(C5=CC=CC=C5)=O)=NC=N3)[C@H](OC(C6=CC=CC=C6)=O)[C@@H]1OC(C7=CC=CC=C7)=O,45
119,CC(N=P(N1CCCC1)(N2CCCC2)N3CCCC3)(C)C,O=S(C1=CC=C([N+]([O-])=O)C=C1)(F)=O,OC[C@H]1O[C@@H](N(C=N2)C3=C2C(N(C(C4=CC=CC=C4)=O)C(C5=CC=CC=C5)=O)=NC=N3)[C@H](OC(C6=CC=CC=C6)=O)[C@@H]1OC(C7=CC=CC=C7)=O,49
120,CC(N=P(N1CCCC1)(N2CCCC2)N3CCCC3)(C)C,FC(C(F)(S(=O)(F)=O)F)(F)C(F)(F)C(F)(F)F,OC[C@H]1O[C@@H](N(C=N2)C3=C2C(N(C(C4=CC=CC=C4)=O)C(C5=CC=CC=C5)=O)=NC=N3)[C@H](OC(C6=CC=CC=C6)=O)[C@@H]1OC(C7=CC=CC=C7)=O,47
121,N12CCCN=C1CCCCC2,ClC1=CC=C(S(=O)(F)=O)C=C1,OCCN(CC)C(C=C1)=CC=C1/N=N/C2=CC=C([N+]([O-])=O)C=C2Cl,43
122,N12CCCN=C1CCCCC2,O=S(C1=CC=CC=N1)(F)=O,OCCN(CC)C(C=C1)=CC=C1/N=N/C2=CC=C([N+]([O-])=O)C=C2Cl,54
123,N12CCCN=C1CCCCC2,O=S(C1=CC=C(C(F)(F)F)C=C1)(F)=O,OCCN(CC)C(C=C1)=CC=C1/N=N/C2=CC=C([N+]([O-])=O)C=C2Cl,54
124,N12CCCN=C1CCCCC2,O=S(C1=CC=C([N+]([O-])=O)C=C1)(F)=O,OCCN(CC)C(C=C1)=CC=C1/N=N/C2=CC=C([N+]([O-])=O)C=C2Cl,58
125,N12CCCN=C1CCCCC2,FC(C(F)(S(=O)(F)=O)F)(F)C(F)(F)C(F)(F)F,OCCN(CC)C(C=C1)=CC=C1/N=N/C2=CC=C([N+]([O-])=O)C=C2Cl,52
126,CN1CCCN2CCCN=C21,ClC1=CC=C(S(=O)(F)=O)C=C1,OCCN(CC)C(C=C1)=CC=C1/N=N/C2=CC=C([N+]([O-])=O)C=C2Cl,72
127,CN1CCCN2CCCN=C21,O=S(C1=CC=CC=N1)(F)=O,OCCN(CC)C(C=C1)=CC=C1/N=N/C2=CC=C([N+]([O-])=O)C=C2Cl,74
128,CN1CCCN2CCCN=C21,O=S(C1=CC=C(C(F)(F)F)C=C1)(F)=O,OCCN(CC)C(C=C1)=CC=C1/N=N/C2=CC=C([N+]([O-])=O)C=C2Cl,80
129,CN1CCCN2CCCN=C21,O=S(C1=CC=C([N+]([O-])=O)C=C1)(F)=O,OCCN(CC)C(C=C1)=CC=C1/N=N/C2=CC=C([N+]([O-])=O)C=C2Cl,77
130,CN1CCCN2CCCN=C21,FC(C(F)(S(=O)(F)=O)F)(F)C(F)(F)C(F)(F)F,OCCN(CC)C(C=C1)=CC=C1/N=N/C2=CC=C([N+]([O-])=O)C=C2Cl,65
131,CN(C)/C(N(C)C)=N/C(C)(C)C,ClC1=CC=C(S(=O)(F)=O)C=C1,OCCN(CC)C(C=C1)=CC=C1/N=N/C2=CC=C([N+]([O-])=O)C=C2Cl,73
132,CN(C)/C(N(C)C)=N/C(C)(C)C,O=S(C1=CC=CC=N1)(F)=O,OCCN(CC)C(C=C1)=CC=C1/N=N/C2=CC=C([N+]([O-])=O)C=C2Cl,76
133,CN(C)/C(N(C)C)=N/C(C)(C)C,O=S(C1=CC=C(C(F)(F)F)C=C1)(F)=O,OCCN(CC)C(C=C1)=CC=C1/N=N/C2=CC=C([N+]([O-])=O)C=C2Cl,80
134,CN(C)/C(N(C)C)=N/C(C)(C)C,O=S(C1=CC=C([N+]([O-])=O)C=C1)(F)=O,OCCN(CC)C(C=C1)=CC=C1/N=N/C2=CC=C([N+]([O-])=O)C=C2Cl,77
135,CN(C)/C(N(C)C)=N/C(C)(C)C,FC(C(F)(S(=O)(F)=O)F)(F)C(F)(F)C(F)(F)F,OCCN(CC)C(C=C1)=CC=C1/N=N/C2=CC=C([N+]([O-])=O)C=C2Cl,56
136,CC(N=P(N1CCCC1)(N2CCCC2)N3CCCC3)(C)C,ClC1=CC=C(S(=O)(F)=O)C=C1,OCCN(CC)C(C=C1)=CC=C1/N=N/C2=CC=C([N+]([O-])=O)C=C2Cl,66
137,CC(N=P(N1CCCC1)(N2CCCC2)N3CCCC3)(C)C,O=S(C1=CC=CC=N1)(F)=O,OCCN(CC)C(C=C1)=CC=C1/N=N/C2=CC=C([N+]([O-])=O)C=C2Cl,75
138,CC(N=P(N1CCCC1)(N2CCCC2)N3CCCC3)(C)C,O=S(C1=CC=C(C(F)(F)F)C=C1)(F)=O,OCCN(CC)C(C=C1)=CC=C1/N=N/C2=CC=C([N+]([O-])=O)C=C2Cl,67
139,CC(N=P(N1CCCC1)(N2CCCC2)N3CCCC3)(C)C,O=S(C1=CC=C([N+]([O-])=O)C=C1)(F)=O,OCCN(CC)C(C=C1)=CC=C1/N=N/C2=CC=C([N+]([O-])=O)C=C2Cl,73
140,CC(N=P(N1CCCC1)(N2CCCC2)N3CCCC3)(C)C,FC(C(F)(S(=O)(F)=O)F)(F)C(F)(F)C(F)(F)F,OCCN(CC)C(C=C1)=CC=C1/N=N/C2=CC=C([N+]([O-])=O)C=C2Cl,46
141,N12CCCN=C1CCCCC2,ClC1=CC=C(S(=O)(F)=O)C=C1,OCC1CCCCN1CCCC2=CC=CC=C2,6
142,N12CCCN=C1CCCCC2,O=S(C1=CC=CC=N1)(F)=O,OCC1CCCCN1CCCC2=CC=CC=C2,7
143,N12CCCN=C1CCCCC2,O=S(C1=CC=C(C(F)(F)F)C=C1)(F)=O,OCC1CCCCN1CCCC2=CC=CC=C2,8
144,N12CCCN=C1CCCCC2,O=S(C1=CC=C([N+]([O-])=O)C=C1)(F)=O,OCC1CCCCN1CCCC2=CC=CC=C2,8
145,N12CCCN=C1CCCCC2,FC(C(F)(S(=O)(F)=O)F)(F)C(F)(F)C(F)(F)F,OCC1CCCCN1CCCC2=CC=CC=C2,10
146,CN1CCCN2CCCN=C21,ClC1=CC=C(S(=O)(F)=O)C=C1,OCC1CCCCN1CCCC2=CC=CC=C2,21
147,CN1CCCN2CCCN=C21,O=S(C1=CC=CC=N1)(F)=O,OCC1CCCCN1CCCC2=CC=CC=C2,18
148,CN1CCCN2CCCN=C21,O=S(C1=CC=C(C(F)(F)F)C=C1)(F)=O,OCC1CCCCN1CCCC2=CC=CC=C2,22
149,CN1CCCN2CCCN=C21,O=S(C1=CC=C([N+]([O-])=O)C=C1)(F)=O,OCC1CCCCN1CCCC2=CC=CC=C2,20
150,CN1CCCN2CCCN=C21,FC(C(F)(S(=O)(F)=O)F)(F)C(F)(F)C(F)(F)F,OCC1CCCCN1CCCC2=CC=CC=C2,23
151,CN(C)/C(N(C)C)=N/C(C)(C)C,ClC1=CC=C(S(=O)(F)=O)C=C1,OCC1CCCCN1CCCC2=CC=CC=C2,26
152,CN(C)/C(N(C)C)=N/C(C)(C)C,O=S(C1=CC=CC=N1)(F)=O,OCC1CCCCN1CCCC2=CC=CC=C2,17
153,CN(C)/C(N(C)C)=N/C(C)(C)C,O=S(C1=CC=C(C(F)(F)F)C=C1)(F)=O,OCC1CCCCN1CCCC2=CC=CC=C2,28
154,CN(C)/C(N(C)C)=N/C(C)(C)C,O=S(C1=CC=C([N+]([O-])=O)C=C1)(F)=O,OCC1CCCCN1CCCC2=CC=CC=C2,27
155,CN(C)/C(N(C)C)=N/C(C)(C)C,FC(C(F)(S(=O)(F)=O)F)(F)C(F)(F)C(F)(F)F,OCC1CCCCN1CCCC2=CC=CC=C2,30
156,CC(N=P(N1CCCC1)(N2CCCC2)N3CCCC3)(C)C,ClC1=CC=C(S(=O)(F)=O)C=C1,OCC1CCCCN1CCCC2=CC=CC=C2,27
157,CC(N=P(N1CCCC1)(N2CCCC2)N3CCCC3)(C)C,O=S(C1=CC=CC=N1)(F)=O,OCC1CCCCN1CCCC2=CC=CC=C2,16
158,CC(N=P(N1CCCC1)(N2CCCC2)N3CCCC3)(C)C,O=S(C1=CC=C(C(F)(F)F)C=C1)(F)=O,OCC1CCCCN1CCCC2=CC=CC=C2,31
159,CC(N=P(N1CCCC1)(N2CCCC2)N3CCCC3)(C)C,O=S(C1=CC=C([N+]([O-])=O)C=C1)(F)=O,OCC1CCCCN1CCCC2=CC=CC=C2,28
160,CC(N=P(N1CCCC1)(N2CCCC2)N3CCCC3)(C)C,FC(C(F)(S(=O)(F)=O)F)(F)C(F)(F)C(F)(F)F,OCC1CCCCN1CCCC2=CC=CC=C2,36
161,N12CCCN=C1CCCCC2,ClC1=CC=C(S(=O)(F)=O)C=C1,O[C@@H]1C[C@@H](C1)OCC2=CC=CC=C2,1
162,N12CCCN=C1CCCCC2,O=S(C1=CC=CC=N1)(F)=O,O[C@@H]1C[C@@H](C1)OCC2=CC=CC=C2,1
163,N12CCCN=C1CCCCC2,O=S(C1=CC=C(C(F)(F)F)C=C1)(F)=O,O[C@@H]1C[C@@H](C1)OCC2=CC=CC=C2,3
164,N12CCCN=C1CCCCC2,O=S(C1=CC=C([N+]([O-])=O)C=C1)(F)=O,O[C@@H]1C[C@@H](C1)OCC2=CC=CC=C2,11
165,N12CCCN=C1CCCCC2,FC(C(F)(S(=O)(F)=O)F)(F)C(F)(F)C(F)(F)F,O[C@@H]1C[C@@H](C1)OCC2=CC=CC=C2,83
166,CN1CCCN2CCCN=C21,ClC1=CC=C(S(=O)(F)=O)C=C1,O[C@@H]1C[C@@H](C1)OCC2=CC=CC=C2,1
167,CN1CCCN2CCCN=C21,O=S(C1=CC=CC=N1)(F)=O,O[C@@H]1C[C@@H](C1)OCC2=CC=CC=C2,2
168,CN1CCCN2CCCN=C21,O=S(C1=CC=C(C(F)(F)F)C=C1)(F)=O,O[C@@H]1C[C@@H](C1)OCC2=CC=CC=C2,4
169,CN1CCCN2CCCN=C21,O=S(C1=CC=C([N+]([O-])=O)C=C1)(F)=O,O[C@@H]1C[C@@H](C1)OCC2=CC=CC=C2,12
170,CN1CCCN2CCCN=C21,FC(C(F)(S(=O)(F)=O)F)(F)C(F)(F)C(F)(F)F,O[C@@H]1C[C@@H](C1)OCC2=CC=CC=C2,79
171,CN(C)/C(N(C)C)=N/C(C)(C)C,ClC1=CC=C(S(=O)(F)=O)C=C1,O[C@@H]1C[C@@H](C1)OCC2=CC=CC=C2,1
172,CN(C)/C(N(C)C)=N/C(C)(C)C,O=S(C1=CC=CC=N1)(F)=O,O[C@@H]1C[C@@H](C1)OCC2=CC=CC=C2,1
173,CN(C)/C(N(C)C)=N/C(C)(C)C,O=S(C1=CC=C(C(F)(F)F)C=C1)(F)=O,O[C@@H]1C[C@@H](C1)OCC2=CC=CC=C2,5
174,CN(C)/C(N(C)C)=N/C(C)(C)C,O=S(C1=CC=C([N+]([O-])=O)C=C1)(F)=O,O[C@@H]1C[C@@H](C1)OCC2=CC=CC=C2,12
175,CN(C)/C(N(C)C)=N/C(C)(C)C,FC(C(F)(S(=O)(F)=O)F)(F)C(F)(F)C(F)(F)F,O[C@@H]1C[C@@H](C1)OCC2=CC=CC=C2,89
176,CC(N=P(N1CCCC1)(N2CCCC2)N3CCCC3)(C)C,ClC1=CC=C(S(=O)(F)=O)C=C1,O[C@@H]1C[C@@H](C1)OCC2=CC=CC=C2,3
177,CC(N=P(N1CCCC1)(N2CCCC2)N3CCCC3)(C)C,O=S(C1=CC=CC=N1)(F)=O,O[C@@H]1C[C@@H](C1)OCC2=CC=CC=C2,1
178,CC(N=P(N1CCCC1)(N2CCCC2)N3CCCC3)(C)C,O=S(C1=CC=C(C(F)(F)F)C=C1)(F)=O,O[C@@H]1C[C@@H](C1)OCC2=CC=CC=C2,12
179,CC(N=P(N1CCCC1)(N2CCCC2)N3CCCC3)(C)C,O=S(C1=CC=C([N+]([O-])=O)C=C1)(F)=O,O[C@@H]1C[C@@H](C1)OCC2=CC=CC=C2,22
180,CC(N=P(N1CCCC1)(N2CCCC2)N3CCCC3)(C)C,FC(C(F)(S(=O)(F)=O)F)(F)C(F)(F)C(F)(F)F,O[C@@H]1C[C@@H](C1)OCC2=CC=CC=C2,82
181,N12CCCN=C1CCCCC2,ClC1=CC=C(S(=O)(F)=O)C=C1,O=C(OC)[C@H]1N(C(OC(C)(C)C)=O)C[C@H](O)C1,23
182,N12CCCN=C1CCCCC2,O=S(C1=CC=CC=N1)(F)=O,O=C(OC)[C@H]1N(C(OC(C)(C)C)=O)C[C@H](O)C1,40
183,N12CCCN=C1CCCCC2,O=S(C1=CC=C(C(F)(F)F)C=C1)(F)=O,O=C(OC)[C@H]1N(C(OC(C)(C)C)=O)C[C@H](O)C1,47
184,N12CCCN=C1CCCCC2,O=S(C1=CC=C([N+]([O-])=O)C=C1)(F)=O,O=C(OC)[C@H]1N(C(OC(C)(C)C)=O)C[C@H](O)C1,55
185,N12CCCN=C1CCCCC2,FC(C(F)(S(=O)(F)=O)F)(F)C(F)(F)C(F)(F)F,O=C(OC)[C@H]1N(C(OC(C)(C)C)=O)C[C@H](O)C1,76
186,CN1CCCN2CCCN=C21,ClC1=CC=C(S(=O)(F)=O)C=C1,O=C(OC)[C@H]1N(C(OC(C)(C)C)=O)C[C@H](O)C1,34
187,CN1CCCN2CCCN=C21,O=S(C1=CC=CC=N1)(F)=O,O=C(OC)[C@H]1N(C(OC(C)(C)C)=O)C[C@H](O)C1,41
188,CN1CCCN2CCCN=C21,O=S(C1=CC=C(C(F)(F)F)C=C1)(F)=O,O=C(OC)[C@H]1N(C(OC(C)(C)C)=O)C[C@H](O)C1,60
189,CN1CCCN2CCCN=C21,O=S(C1=CC=C([N+]([O-])=O)C=C1)(F)=O,O=C(OC)[C@H]1N(C(OC(C)(C)C)=O)C[C@H](O)C1,65
190,CN1CCCN2CCCN=C21,FC(C(F)(S(=O)(F)=O)F)(F)C(F)(F)C(F)(F)F,O=C(OC)[C@H]1N(C(OC(C)(C)C)=O)C[C@H](O)C1,88
191,CN(C)/C(N(C)C)=N/C(C)(C)C,ClC1=CC=C(S(=O)(F)=O)C=C1,O=C(OC)[C@H]1N(C(OC(C)(C)C)=O)C[C@H](O)C1,30
192,CN(C)/C(N(C)C)=N/C(C)(C)C,O=S(C1=CC=CC=N1)(F)=O,O=C(OC)[C@H]1N(C(OC(C)(C)C)=O)C[C@H](O)C1,39
193,CN(C)/C(N(C)C)=N/C(C)(C)C,O=S(C1=CC=C(C(F)(F)F)C=C1)(F)=O,O=C(OC)[C@H]1N(C(OC(C)(C)C)=O)C[C@H](O)C1,47
194,CN(C)/C(N(C)C)=N/C(C)(C)C,O=S(C1=CC=C([N+]([O-])=O)C=C1)(F)=O,O=C(OC)[C@H]1N(C(OC(C)(C)C)=O)C[C@H](O)C1,55
195,CN(C)/C(N(C)C)=N/C(C)(C)C,FC(C(F)(S(=O)(F)=O)F)(F)C(F)(F)C(F)(F)F,O=C(OC)[C@H]1N(C(OC(C)(C)C)=O)C[C@H](O)C1,79
196,CC(N=P(N1CCCC1)(N2CCCC2)N3CCCC3)(C)C,ClC1=CC=C(S(=O)(F)=O)C=C1,O=C(OC)[C@H]1N(C(OC(C)(C)C)=O)C[C@H](O)C1,46
197,CC(N=P(N1CCCC1)(N2CCCC2)N3CCCC3)(C)C,O=S(C1=CC=CC=N1)(F)=O,O=C(OC)[C@H]1N(C(OC(C)(C)C)=O)C[C@H](O)C1,49
198,CC(N=P(N1CCCC1)(N2CCCC2)N3CCCC3)(C)C,O=S(C1=CC=C(C(F)(F)F)C=C1)(F)=O,O=C(OC)[C@H]1N(C(OC(C)(C)C)=O)C[C@H](O)C1,58
199,CC(N=P(N1CCCC1)(N2CCCC2)N3CCCC3)(C)C,O=S(C1=CC=C([N+]([O-])=O)C=C1)(F)=O,O=C(OC)[C@H]1N(C(OC(C)(C)C)=O)C[C@H](O)C1,56
200,CC(N=P(N1CCCC1)(N2CCCC2)N3CCCC3)(C)C,FC(C(F)(S(=O)(F)=O)F)(F)C(F)(F)C(F)(F)F,O=C(OC)[C@H]1N(C(OC(C)(C)C)=O)C[C@H](O)C1,82
201,N12CCCN=C1CCCCC2,ClC1=CC=C(S(=O)(F)=O)C=C1,O=C(OC)[C@H]1N(C(OC(C)(C)C)=O)C[C@@H](O)C1,25
202,N12CCCN=C1CCCCC2,O=S(C1=CC=CC=N1)(F)=O,O=C(OC)[C@H]1N(C(OC(C)(C)C)=O)C[C@@H](O)C1,45
203,N12CCCN=C1CCCCC2,O=S(C1=CC=C(C(F)(F)F)C=C1)(F)=O,O=C(OC)[C@H]1N(C(OC(C)(C)C)=O)C[C@@H](O)C1,41
204,N12CCCN=C1CCCCC2,O=S(C1=CC=C([N+]([O-])=O)C=C1)(F)=O,O=C(OC)[C@H]1N(C(OC(C)(C)C)=O)C[C@@H](O)C1,48
205,N12CCCN=C1CCCCC2,FC(C(F)(S(=O)(F)=O)F)(F)C(F)(F)C(F)(F)F,O=C(OC)[C@H]1N(C(OC(C)(C)C)=O)C[C@@H](O)C1,59
206,CN1CCCN2CCCN=C21,ClC1=CC=C(S(=O)(F)=O)C=C1,O=C(OC)[C@H]1N(C(OC(C)(C)C)=O)C[C@@H](O)C1,30
207,CN1CCCN2CCCN=C21,O=S(C1=CC=CC=N1)(F)=O,O=C(OC)[C@H]1N(C(OC(C)(C)C)=O)C[C@@H](O)C1,40
208,CN1CCCN2CCCN=C21,O=S(C1=CC=C(C(F)(F)F)C=C1)(F)=O,O=C(OC)[C@H]1N(C(OC(C)(C)C)=O)C[C@@H](O)C1,47
209,CN1CCCN2CCCN=C21,O=S(C1=CC=C([N+]([O-])=O)C=C1)(F)=O,O=C(OC)[C@H]1N(C(OC(C)(C)C)=O)C[C@@H](O)C1,48
210,CN1CCCN2CCCN=C21,FC(C(F)(S(=O)(F)=O)F)(F)C(F)(F)C(F)(F)F,O=C(OC)[C@H]1N(C(OC(C)(C)C)=O)C[C@@H](O)C1,74
211,CN(C)/C(N(C)C)=N/C(C)(C)C,ClC1=CC=C(S(=O)(F)=O)C=C1,O=C(OC)[C@H]1N(C(OC(C)(C)C)=O)C[C@@H](O)C1,29
212,CN(C)/C(N(C)C)=N/C(C)(C)C,O=S(C1=CC=CC=N1)(F)=O,O=C(OC)[C@H]1N(C(OC(C)(C)C)=O)C[C@@H](O)C1,39
213,CN(C)/C(N(C)C)=N/C(C)(C)C,O=S(C1=CC=C(C(F)(F)F)C=C1)(F)=O,O=C(OC)[C@H]1N(C(OC(C)(C)C)=O)C[C@@H](O)C1,39
214,CN(C)/C(N(C)C)=N/C(C)(C)C,O=S(C1=CC=C([N+]([O-])=O)C=C1)(F)=O,O=C(OC)[C@H]1N(C(OC(C)(C)C)=O)C[C@@H](O)C1,40
215,CN(C)/C(N(C)C)=N/C(C)(C)C,FC(C(F)(S(=O)(F)=O)F)(F)C(F)(F)C(F)(F)F,O=C(OC)[C@H]1N(C(OC(C)(C)C)=O)C[C@@H](O)C1,64
216,CC(N=P(N1CCCC1)(N2CCCC2)N3CCCC3)(C)C,ClC1=CC=C(S(=O)(F)=O)C=C1,O=C(OC)[C@H]1N(C(OC(C)(C)C)=O)C[C@@H](O)C1,30
217,CC(N=P(N1CCCC1)(N2CCCC2)N3CCCC3)(C)C,O=S(C1=CC=CC=N1)(F)=O,O=C(OC)[C@H]1N(C(OC(C)(C)C)=O)C[C@@H](O)C1,33
218,CC(N=P(N1CCCC1)(N2CCCC2)N3CCCC3)(C)C,O=S(C1=CC=C(C(F)(F)F)C=C1)(F)=O,O=C(OC)[C@H]1N(C(OC(C)(C)C)=O)C[C@@H](O)C1,33
219,CC(N=P(N1CCCC1)(N2CCCC2)N3CCCC3)(C)C,O=S(C1=CC=C([N+]([O-])=O)C=C1)(F)=O,O=C(OC)[C@H]1N(C(OC(C)(C)C)=O)C[C@@H](O)C1,32
220,CC(N=P(N1CCCC1)(N2CCCC2)N3CCCC3)(C)C,FC(C(F)(S(=O)(F)=O)F)(F)C(F)(F)C(F)(F)F,O=C(OC)[C@H]1N(C(OC(C)(C)C)=O)C[C@@H](O)C1,58
221,N12CCCN=C1CCCCC2,ClC1=CC=C(S(=O)(F)=O)C=C1,O[C@H]1[C@@H](O2)[C@@H](OC2(C)C)O[C@@H]1[C@@H](CO3)OC3(C)C,0
222,N12CCCN=C1CCCCC2,O=S(C1=CC=CC=N1)(F)=O,O[C@H]1[C@@H](O2)[C@@H](OC2(C)C)O[C@@H]1[C@@H](CO3)OC3(C)C,0
223,N12CCCN=C1CCCCC2,O=S(C1=CC=C(C(F)(F)F)C=C1)(F)=O,O[C@H]1[C@@H](O2)[C@@H](OC2(C)C)O[C@@H]1[C@@H](CO3)OC3(C)C,0
224,N12CCCN=C1CCCCC2,O=S(C1=CC=C([N+]([O-])=O)C=C1)(F)=O,O[C@H]1[C@@H](O2)[C@@H](OC2(C)C)O[C@@H]1[C@@H](CO3)OC3(C)C,0
225,N12CCCN=C1CCCCC2,FC(C(F)(S(=O)(F)=O)F)(F)C(F)(F)C(F)(F)F,O[C@H]1[C@@H](O2)[C@@H](OC2(C)C)O[C@@H]1[C@@H](CO3)OC3(C)C,65
226,CN1CCCN2CCCN=C21,ClC1=CC=C(S(=O)(F)=O)C=C1,O[C@H]1[C@@H](O2)[C@@H](OC2(C)C)O[C@@H]1[C@@H](CO3)OC3(C)C,0
227,CN1CCCN2CCCN=C21,O=S(C1=CC=CC=N1)(F)=O,O[C@H]1[C@@H](O2)[C@@H](OC2(C)C)O[C@@H]1[C@@H](CO3)OC3(C)C,0
228,CN1CCCN2CCCN=C21,O=S(C1=CC=C(C(F)(F)F)C=C1)(F)=O,O[C@H]1[C@@H](O2)[C@@H](OC2(C)C)O[C@@H]1[C@@H](CO3)OC3(C)C,0
229,CN1CCCN2CCCN=C21,O=S(C1=CC=C([N+]([O-])=O)C=C1)(F)=O,O[C@H]1[C@@H](O2)[C@@H](OC2(C)C)O[C@@H]1[C@@H](CO3)OC3(C)C,0
230,CN1CCCN2CCCN=C21,FC(C(F)(S(=O)(F)=O)F)(F)C(F)(F)C(F)(F)F,O[C@H]1[C@@H](O2)[C@@H](OC2(C)C)O[C@@H]1[C@@H](CO3)OC3(C)C,80
231,CN(C)/C(N(C)C)=N/C(C)(C)C,ClC1=CC=C(S(=O)(F)=O)C=C1,O[C@H]1[C@@H](O2)[C@@H](OC2(C)C)O[C@@H]1[C@@H](CO3)OC3(C)C,0
232,CN(C)/C(N(C)C)=N/C(C)(C)C,O=S(C1=CC=CC=N1)(F)=O,O[C@H]1[C@@H](O2)[C@@H](OC2(C)C)O[C@@H]1[C@@H](CO3)OC3(C)C,0
233,CN(C)/C(N(C)C)=N/C(C)(C)C,O=S(C1=CC=C(C(F)(F)F)C=C1)(F)=O,O[C@H]1[C@@H](O2)[C@@H](OC2(C)C)O[C@@H]1[C@@H](CO3)OC3(C)C,0
234,CN(C)/C(N(C)C)=N/C(C)(C)C,O=S(C1=CC=C([N+]([O-])=O)C=C1)(F)=O,O[C@H]1[C@@H](O2)[C@@H](OC2(C)C)O[C@@H]1[C@@H](CO3)OC3(C)C,0
235,CN(C)/C(N(C)C)=N/C(C)(C)C,FC(C(F)(S(=O)(F)=O)F)(F)C(F)(F)C(F)(F)F,O[C@H]1[C@@H](O2)[C@@H](OC2(C)C)O[C@@H]1[C@@H](CO3)OC3(C)C,70
236,CC(N=P(N1CCCC1)(N2CCCC2)N3CCCC3)(C)C,ClC1=CC=C(S(=O)(F)=O)C=C1,O[C@H]1[C@@H](O2)[C@@H](OC2(C)C)O[C@@H]1[C@@H](CO3)OC3(C)C,0
237,CC(N=P(N1CCCC1)(N2CCCC2)N3CCCC3)(C)C,O=S(C1=CC=CC=N1)(F)=O,O[C@H]1[C@@H](O2)[C@@H](OC2(C)C)O[C@@H]1[C@@H](CO3)OC3(C)C,0
238,CC(N=P(N1CCCC1)(N2CCCC2)N3CCCC3)(C)C,O=S(C1=CC=C(C(F)(F)F)C=C1)(F)=O,O[C@H]1[C@@H](O2)[C@@H](OC2(C)C)O[C@@H]1[C@@H](CO3)OC3(C)C,0
239,CC(N=P(N1CCCC1)(N2CCCC2)N3CCCC3)(C)C,O=S(C1=CC=C([N+]([O-])=O)C=C1)(F)=O,O[C@H]1[C@@H](O2)[C@@H](OC2(C)C)O[C@@H]1[C@@H](CO3)OC3(C)C,0
240,CC(N=P(N1CCCC1)(N2CCCC2)N3CCCC3)(C)C,FC(C(F)(S(=O)(F)=O)F)(F)C(F)(F)C(F)(F)F,O[C@H]1[C@@H](O2)[C@@H](OC2(C)C)O[C@@H]1[C@@H](CO3)OC3(C)C,70
241,N12CCCN=C1CCCCC2,ClC1=CC=C(S(=O)(F)=O)C=C1,O[C@H]1[C@@]([H])(OC[C@@H]2OC(C)=O)[C@]2([H])OC1,0
242,N12CCCN=C1CCCCC2,O=S(C1=CC=CC=N1)(F)=O,O[C@H]1[C@@]([H])(OC[C@@H]2OC(C)=O)[C@]2([H])OC1,1
243,N12CCCN=C1CCCCC2,O=S(C1=CC=C(C(F)(F)F)C=C1)(F)=O,O[C@H]1[C@@]([H])(OC[C@@H]2OC(C)=O)[C@]2([H])OC1,3
244,N12CCCN=C1CCCCC2,O=S(C1=CC=C([N+]([O-])=O)C=C1)(F)=O,O[C@H]1[C@@]([H])(OC[C@@H]2OC(C)=O)[C@]2([H])OC1,7
245,N12CCCN=C1CCCCC2,FC(C(F)(S(=O)(F)=O)F)(F)C(F)(F)C(F)(F)F,O[C@H]1[C@@]([H])(OC[C@@H]2OC(C)=O)[C@]2([H])OC1,91
246,CN1CCCN2CCCN=C21,ClC1=CC=C(S(=O)(F)=O)C=C1,O[C@H]1[C@@]([H])(OC[C@@H]2OC(C)=O)[C@]2([H])OC1,2
247,CN1CCCN2CCCN=C21,O=S(C1=CC=CC=N1)(F)=O,O[C@H]1[C@@]([H])(OC[C@@H]2OC(C)=O)[C@]2([H])OC1,3
248,CN1CCCN2CCCN=C21,O=S(C1=CC=C(C(F)(F)F)C=C1)(F)=O,O[C@H]1[C@@]([H])(OC[C@@H]2OC(C)=O)[C@]2([H])OC1,7
249,CN1CCCN2CCCN=C21,O=S(C1=CC=C([N+]([O-])=O)C=C1)(F)=O,O[C@H]1[C@@]([H])(OC[C@@H]2OC(C)=O)[C@]2([H])OC1,14
250,CN1CCCN2CCCN=C21,FC(C(F)(S(=O)(F)=O)F)(F)C(F)(F)C(F)(F)F,O[C@H]1[C@@]([H])(OC[C@@H]2OC(C)=O)[C@]2([H])OC1,105
251,CN(C)/C(N(C)C)=N/C(C)(C)C,ClC1=CC=C(S(=O)(F)=O)C=C1,O[C@H]1[C@@]([H])(OC[C@@H]2OC(C)=O)[C@]2([H])OC1,2
252,CN(C)/C(N(C)C)=N/C(C)(C)C,O=S(C1=CC=CC=N1)(F)=O,O[C@H]1[C@@]([H])(OC[C@@H]2OC(C)=O)[C@]2([H])OC1,2
253,CN(C)/C(N(C)C)=N/C(C)(C)C,O=S(C1=CC=C(C(F)(F)F)C=C1)(F)=O,O[C@H]1[C@@]([H])(OC[C@@H]2OC(C)=O)[C@]2([H])OC1,6
254,CN(C)/C(N(C)C)=N/C(C)(C)C,O=S(C1=CC=C([N+]([O-])=O)C=C1)(F)=O,O[C@H]1[C@@]([H])(OC[C@@H]2OC(C)=O)[C@]2([H])OC1,12
255,CN(C)/C(N(C)C)=N/C(C)(C)C,FC(C(F)(S(=O)(F)=O)F)(F)C(F)(F)C(F)(F)F,O[C@H]1[C@@]([H])(OC[C@@H]2OC(C)=O)[C@]2([H])OC1,97
256,CC(N=P(N1CCCC1)(N2CCCC2)N3CCCC3)(C)C,ClC1=CC=C(S(=O)(F)=O)C=C1,O[C@H]1[C@@]([H])(OC[C@@H]2OC(C)=O)[C@]2([H])OC1,8
257,CC(N=P(N1CCCC1)(N2CCCC2)N3CCCC3)(C)C,O=S(C1=CC=CC=N1)(F)=O,O[C@H]1[C@@]([H])(OC[C@@H]2OC(C)=O)[C@]2([H])OC1,5
258,CC(N=P(N1CCCC1)(N2CCCC2)N3CCCC3)(C)C,O=S(C1=CC=C(C(F)(F)F)C=C1)(F)=O,O[C@H]1[C@@]([H])(OC[C@@H]2OC(C)=O)[C@]2([H])OC1,23
259,CC(N=P(N1CCCC1)(N2CCCC2)N3CCCC3)(C)C,O=S(C1=CC=C([N+]([O-])=O)C=C1)(F)=O,O[C@H]1[C@@]([H])(OC[C@@H]2OC(C)=O)[C@]2([H])OC1,30
260,CC(N=P(N1CCCC1)(N2CCCC2)N3CCCC3)(C)C,FC(C(F)(S(=O)(F)=O)F)(F)C(F)(F)C(F)(F)F,O[C@H]1[C@@]([H])(OC[C@@H]2OC(C)=O)[C@]2([H])OC1,106
261,N12CCCN=C1CCCCC2,ClC1=CC=C(S(=O)(F)=O)C=C1,O=C1C2=C(C=CC=C2)C(N1[C@H]3CC[C@H](O)CC3)=O,1
262,N12CCCN=C1CCCCC2,O=S(C1=CC=CC=N1)(F)=O,O=C1C2=C(C=CC=C2)C(N1[C@H]3CC[C@H](O)CC3)=O,1
263,N12CCCN=C1CCCCC2,O=S(C1=CC=C(C(F)(F)F)C=C1)(F)=O,O=C1C2=C(C=CC=C2)C(N1[C@H]3CC[C@H](O)CC3)=O,5
264,N12CCCN=C1CCCCC2,O=S(C1=CC=C([N+]([O-])=O)C=C1)(F)=O,O=C1C2=C(C=CC=C2)C(N1[C@H]3CC[C@H](O)CC3)=O,12
265,N12CCCN=C1CCCCC2,FC(C(F)(S(=O)(F)=O)F)(F)C(F)(F)C(F)(F)F,O=C1C2=C(C=CC=C2)C(N1[C@H]3CC[C@H](O)CC3)=O,40
266,CN1CCCN2CCCN=C21,ClC1=CC=C(S(=O)(F)=O)C=C1,O=C1C2=C(C=CC=C2)C(N1[C@H]3CC[C@H](O)CC3)=O,2
267,CN1CCCN2CCCN=C21,O=S(C1=CC=CC=N1)(F)=O,O=C1C2=C(C=CC=C2)C(N1[C@H]3CC[C@H](O)CC3)=O,3
268,CN1CCCN2CCCN=C21,O=S(C1=CC=C(C(F)(F)F)C=C1)(F)=O,O=C1C2=C(C=CC=C2)C(N1[C@H]3CC[C@H](O)CC3)=O,6
269,CN1CCCN2CCCN=C21,O=S(C1=CC=C([N+]([O-])=O)C=C1)(F)=O,O=C1C2=C(C=CC=C2)C(N1[C@H]3CC[C@H](O)CC3)=O,12
270,CN1CCCN2CCCN=C21,FC(C(F)(S(=O)(F)=O)F)(F)C(F)(F)C(F)(F)F,O=C1C2=C(C=CC=C2)C(N1[C@H]3CC[C@H](O)CC3)=O,48
271,CN(C)/C(N(C)C)=N/C(C)(C)C,ClC1=CC=C(S(=O)(F)=O)C=C1,O=C1C2=C(C=CC=C2)C(N1[C@H]3CC[C@H](O)CC3)=O,2
272,CN(C)/C(N(C)C)=N/C(C)(C)C,O=S(C1=CC=CC=N1)(F)=O,O=C1C2=C(C=CC=C2)C(N1[C@H]3CC[C@H](O)CC3)=O,2
273,CN(C)/C(N(C)C)=N/C(C)(C)C,O=S(C1=CC=C(C(F)(F)F)C=C1)(F)=O,O=C1C2=C(C=CC=C2)C(N1[C@H]3CC[C@H](O)CC3)=O,5
274,CN(C)/C(N(C)C)=N/C(C)(C)C,O=S(C1=CC=C([N+]([O-])=O)C=C1)(F)=O,O=C1C2=C(C=CC=C2)C(N1[C@H]3CC[C@H](O)CC3)=O,11
275,CN(C)/C(N(C)C)=N/C(C)(C)C,FC(C(F)(S(=O)(F)=O)F)(F)C(F)(F)C(F)(F)F,O=C1C2=C(C=CC=C2)C(N1[C@H]3CC[C@H](O)CC3)=O,50
276,CC(N=P(N1CCCC1)(N2CCCC2)N3CCCC3)(C)C,ClC1=CC=C(S(=O)(F)=O)C=C1,O=C1C2=C(C=CC=C2)C(N1[C@H]3CC[C@H](O)CC3)=O,2
277,CC(N=P(N1CCCC1)(N2CCCC2)N3CCCC3)(C)C,O=S(C1=CC=CC=N1)(F)=O,O=C1C2=C(C=CC=C2)C(N1[C@H]3CC[C@H](O)CC3)=O,2
278,CC(N=P(N1CCCC1)(N2CCCC2)N3CCCC3)(C)C,O=S(C1=CC=C(C(F)(F)F)C=C1)(F)=O,O=C1C2=C(C=CC=C2)C(N1[C@H]3CC[C@H](O)CC3)=O,9
279,CC(N=P(N1CCCC1)(N2CCCC2)N3CCCC3)(C)C,O=S(C1=CC=C([N+]([O-])=O)C=C1)(F)=O,O=C1C2=C(C=CC=C2)C(N1[C@H]3CC[C@H](O)CC3)=O,11
280,CC(N=P(N1CCCC1)(N2CCCC2)N3CCCC3)(C)C,FC(C(F)(S(=O)(F)=O)F)(F)C(F)(F)C(F)(F)F,O=C1C2=C(C=CC=C2)C(N1[C@H]3CC[C@H](O)CC3)=O,45
281,N12CCCN=C1CCCCC2,ClC1=CC=C(S(=O)(F)=O)C=C1,O=C1C2=C(C=CC=C2)C(N1[C@H]3CC[C@@H](O)CC3)=O,4
282,N12CCCN=C1CCCCC2,O=S(C1=CC=CC=N1)(F)=O,O=C1C2=C(C=CC=C2)C(N1[C@H]3CC[C@@H](O)CC3)=O,6
283,N12CCCN=C1CCCCC2,O=S(C1=CC=C(C(F)(F)F)C=C1)(F)=O,O=C1C2=C(C=CC=C2)C(N1[C@H]3CC[C@@H](O)CC3)=O,7
284,N12CCCN=C1CCCCC2,O=S(C1=CC=C([N+]([O-])=O)C=C1)(F)=O,O=C1C2=C(C=CC=C2)C(N1[C@H]3CC[C@@H](O)CC3)=O,7
285,N12CCCN=C1CCCCC2,FC(C(F)(S(=O)(F)=O)F)(F)C(F)(F)C(F)(F)F,O=C1C2=C(C=CC=C2)C(N1[C@H]3CC[C@@H](O)CC3)=O,8
286,CN1CCCN2CCCN=C21,ClC1=CC=C(S(=O)(F)=O)C=C1,O=C1C2=C(C=CC=C2)C(N1[C@H]3CC[C@@H](O)CC3)=O,5
287,CN1CCCN2CCCN=C21,O=S(C1=CC=CC=N1)(F)=O,O=C1C2=C(C=CC=C2)C(N1[C@H]3CC[C@@H](O)CC3)=O,7
288,CN1CCCN2CCCN=C21,O=S(C1=CC=C(C(F)(F)F)C=C1)(F)=O,O=C1C2=C(C=CC=C2)C(N1[C@H]3CC[C@@H](O)CC3)=O,9
289,CN1CCCN2CCCN=C21,O=S(C1=CC=C([N+]([O-])=O)C=C1)(F)=O,O=C1C2=C(C=CC=C2)C(N1[C@H]3CC[C@@H](O)CC3)=O,7
290,CN1CCCN2CCCN=C21,FC(C(F)(S(=O)(F)=O)F)(F)C(F)(F)C(F)(F)F,O=C1C2=C(C=CC=C2)C(N1[C@H]3CC[C@@H](O)CC3)=O,11
291,CN(C)/C(N(C)C)=N/C(C)(C)C,ClC1=CC=C(S(=O)(F)=O)C=C1,O=C1C2=C(C=CC=C2)C(N1[C@H]3CC[C@@H](O)CC3)=O,1
292,CN(C)/C(N(C)C)=N/C(C)(C)C,O=S(C1=CC=CC=N1)(F)=O,O=C1C2=C(C=CC=C2)C(N1[C@H]3CC[C@@H](O)CC3)=O,4
293,CN(C)/C(N(C)C)=N/C(C)(C)C,O=S(C1=CC=C(C(F)(F)F)C=C1)(F)=O,O=C1C2=C(C=CC=C2)C(N1[C@H]3CC[C@@H](O)CC3)=O,6
294,CN(C)/C(N(C)C)=N/C(C)(C)C,O=S(C1=CC=C([N+]([O-])=O)C=C1)(F)=O,O=C1C2=C(C=CC=C2)C(N1[C@H]3CC[C@@H](O)CC3)=O,6
295,CN(C)/C(N(C)C)=N/C(C)(C)C,FC(C(F)(S(=O)(F)=O)F)(F)C(F)(F)C(F)(F)F,O=C1C2=C(C=CC=C2)C(N1[C@H]3CC[C@@H](O)CC3)=O,12
296,CC(N=P(N1CCCC1)(N2CCCC2)N3CCCC3)(C)C,ClC1=CC=C(S(=O)(F)=O)C=C1,O=C1C2=C(C=CC=C2)C(N1[C@H]3CC[C@@H](O)CC3)=O,2
297,CC(N=P(N1CCCC1)(N2CCCC2)N3CCCC3)(C)C,O=S(C1=CC=CC=N1)(F)=O,O=C1C2=C(C=CC=C2)C(N1[C@H]3CC[C@@H](O)CC3)=O,3
298,CC(N=P(N1CCCC1)(N2CCCC2)N3CCCC3)(C)C,O=S(C1=CC=C(C(F)(F)F)C=C1)(F)=O,O=C1C2=C(C=CC=C2)C(N1[C@H]3CC[C@@H](O)CC3)=O,6
299,CC(N=P(N1CCCC1)(N2CCCC2)N3CCCC3)(C)C,O=S(C1=CC=C([N+]([O-])=O)C=C1)(F)=O,O=C1C2=C(C=CC=C2)C(N1[C@H]3CC[C@@H](O)CC3)=O,5
300,CC(N=P(N1CCCC1)(N2CCCC2)N3CCCC3)(C)C,FC(C(F)(S(=O)(F)=O)F)(F)C(F)(F)C(F)(F)F,O=C1C2=C(C=CC=C2)C(N1[C@H]3CC[C@@H](O)CC3)=O,13
301,N12CCCN=C1CCCCC2,ClC1=CC=C(S(=O)(F)=O)C=C1,[H][C@](C1)(O)C[C@H]2CC[C@@H]1N2C(OC(C)(C)C)=O,17
302,N12CCCN=C1CCCCC2,O=S(C1=CC=CC=N1)(F)=O,[H][C@](C1)(O)C[C@H]2CC[C@@H]1N2C(OC(C)(C)C)=O,35
303,N12CCCN=C1CCCCC2,O=S(C1=CC=C(C(F)(F)F)C=C1)(F)=O,[H][C@](C1)(O)C[C@H]2CC[C@@H]1N2C(OC(C)(C)C)=O,38
304,N12CCCN=C1CCCCC2,O=S(C1=CC=C([N+]([O-])=O)C=C1)(F)=O,[H][C@](C1)(O)C[C@H]2CC[C@@H]1N2C(OC(C)(C)C)=O,40
305,N12CCCN=C1CCCCC2,FC(C(F)(S(=O)(F)=O)F)(F)C(F)(F)C(F)(F)F,[H][C@](C1)(O)C[C@H]2CC[C@@H]1N2C(OC(C)(C)C)=O,23
306,CN1CCCN2CCCN=C21,ClC1=CC=C(S(=O)(F)=O)C=C1,[H][C@](C1)(O)C[C@H]2CC[C@@H]1N2C(OC(C)(C)C)=O,18
307,CN1CCCN2CCCN=C21,O=S(C1=CC=CC=N1)(F)=O,[H][C@](C1)(O)C[C@H]2CC[C@@H]1N2C(OC(C)(C)C)=O,26
308,CN1CCCN2CCCN=C21,O=S(C1=CC=C(C(F)(F)F)C=C1)(F)=O,[H][C@](C1)(O)C[C@H]2CC[C@@H]1N2C(OC(C)(C)C)=O,39
309,CN1CCCN2CCCN=C21,O=S(C1=CC=C([N+]([O-])=O)C=C1)(F)=O,[H][C@](C1)(O)C[C@H]2CC[C@@H]1N2C(OC(C)(C)C)=O,41
310,CN1CCCN2CCCN=C21,FC(C(F)(S(=O)(F)=O)F)(F)C(F)(F)C(F)(F)F,[H][C@](C1)(O)C[C@H]2CC[C@@H]1N2C(OC(C)(C)C)=O,44
311,CN(C)/C(N(C)C)=N/C(C)(C)C,ClC1=CC=C(S(=O)(F)=O)C=C1,[H][C@](C1)(O)C[C@H]2CC[C@@H]1N2C(OC(C)(C)C)=O,1
312,CN(C)/C(N(C)C)=N/C(C)(C)C,O=S(C1=CC=CC=N1)(F)=O,[H][C@](C1)(O)C[C@H]2CC[C@@H]1N2C(OC(C)(C)C)=O,20
313,CN(C)/C(N(C)C)=N/C(C)(C)C,O=S(C1=CC=C(C(F)(F)F)C=C1)(F)=O,[H][C@](C1)(O)C[C@H]2CC[C@@H]1N2C(OC(C)(C)C)=O,26
314,CN(C)/C(N(C)C)=N/C(C)(C)C,O=S(C1=CC=C([N+]([O-])=O)C=C1)(F)=O,[H][C@](C1)(O)C[C@H]2CC[C@@H]1N2C(OC(C)(C)C)=O,38
315,CN(C)/C(N(C)C)=N/C(C)(C)C,FC(C(F)(S(=O)(F)=O)F)(F)C(F)(F)C(F)(F)F,[H][C@](C1)(O)C[C@H]2CC[C@@H]1N2C(OC(C)(C)C)=O,52
316,CC(N=P(N1CCCC1)(N2CCCC2)N3CCCC3)(C)C,ClC1=CC=C(S(=O)(F)=O)C=C1,[H][C@](C1)(O)C[C@H]2CC[C@@H]1N2C(OC(C)(C)C)=O,11
317,CC(N=P(N1CCCC1)(N2CCCC2)N3CCCC3)(C)C,O=S(C1=CC=CC=N1)(F)=O,[H][C@](C1)(O)C[C@H]2CC[C@@H]1N2C(OC(C)(C)C)=O,24
318,CC(N=P(N1CCCC1)(N2CCCC2)N3CCCC3)(C)C,O=S(C1=CC=C(C(F)(F)F)C=C1)(F)=O,[H][C@](C1)(O)C[C@H]2CC[C@@H]1N2C(OC(C)(C)C)=O,32
319,CC(N=P(N1CCCC1)(N2CCCC2)N3CCCC3)(C)C,O=S(C1=CC=C([N+]([O-])=O)C=C1)(F)=O,[H][C@](C1)(O)C[C@H]2CC[C@@H]1N2C(OC(C)(C)C)=O,28
320,CC(N=P(N1CCCC1)(N2CCCC2)N3CCCC3)(C)C,FC(C(F)(S(=O)(F)=O)F)(F)C(F)(F)C(F)(F)F,[H][C@](C1)(O)C[C@H]2CC[C@@H]1N2C(OC(C)(C)C)=O,50
321,N12CCCN=C1CCCCC2,ClC1=CC=C(S(=O)(F)=O)C=C1,OCC1=CC=C(C2=CC=CC=C2)C=C1,11
322,N12CCCN=C1CCCCC2,O=S(C1=CC=CC=N1)(F)=O,OCC1=CC=C(C2=CC=CC=C2)C=C1,12
323,N12CCCN=C1CCCCC2,O=S(C1=CC=C(C(F)(F)F)C=C1)(F)=O,OCC1=CC=C(C2=CC=CC=C2)C=C1,17
324,N12CCCN=C1CCCCC2,O=S(C1=CC=C([N+]([O-])=O)C=C1)(F)=O,OCC1=CC=C(C2=CC=CC=C2)C=C1,21
325,N12CCCN=C1CCCCC2,FC(C(F)(S(=O)(F)=O)F)(F)C(F)(F)C(F)(F)F,OCC1=CC=C(C2=CC=CC=C2)C=C1,23
326,CN1CCCN2CCCN=C21,ClC1=CC=C(S(=O)(F)=O)C=C1,OCC1=CC=C(C2=CC=CC=C2)C=C1,36
327,CN1CCCN2CCCN=C21,O=S(C1=CC=CC=N1)(F)=O,OCC1=CC=C(C2=CC=CC=C2)C=C1,26
328,CN1CCCN2CCCN=C21,O=S(C1=CC=C(C(F)(F)F)C=C1)(F)=O,OCC1=CC=C(C2=CC=CC=C2)C=C1,36
329,CN1CCCN2CCCN=C21,O=S(C1=CC=C([N+]([O-])=O)C=C1)(F)=O,OCC1=CC=C(C2=CC=CC=C2)C=C1,41
330,CN1CCCN2CCCN=C21,FC(C(F)(S(=O)(F)=O)F)(F)C(F)(F)C(F)(F)F,OCC1=CC=C(C2=CC=CC=C2)C=C1,37
331,CN(C)/C(N(C)C)=N/C(C)(C)C,ClC1=CC=C(S(=O)(F)=O)C=C1,OCC1=CC=C(C2=CC=CC=C2)C=C1,83
332,CN(C)/C(N(C)C)=N/C(C)(C)C,O=S(C1=CC=CC=N1)(F)=O,OCC1=CC=C(C2=CC=CC=C2)C=C1,57
333,CN(C)/C(N(C)C)=N/C(C)(C)C,O=S(C1=CC=C(C(F)(F)F)C=C1)(F)=O,OCC1=CC=C(C2=CC=CC=C2)C=C1,83
334,CN(C)/C(N(C)C)=N/C(C)(C)C,O=S(C1=CC=C([N+]([O-])=O)C=C1)(F)=O,OCC1=CC=C(C2=CC=CC=C2)C=C1,83
335,CN(C)/C(N(C)C)=N/C(C)(C)C,FC(C(F)(S(=O)(F)=O)F)(F)C(F)(F)C(F)(F)F,OCC1=CC=C(C2=CC=CC=C2)C=C1,48
336,CC(N=P(N1CCCC1)(N2CCCC2)N3CCCC3)(C)C,ClC1=CC=C(S(=O)(F)=O)C=C1,OCC1=CC=C(C2=CC=CC=C2)C=C1,92
337,CC(N=P(N1CCCC1)(N2CCCC2)N3CCCC3)(C)C,O=S(C1=CC=CC=N1)(F)=O,OCC1=CC=C(C2=CC=CC=C2)C=C1,77
338,CC(N=P(N1CCCC1)(N2CCCC2)N3CCCC3)(C)C,O=S(C1=CC=C(C(F)(F)F)C=C1)(F)=O,OCC1=CC=C(C2=CC=CC=C2)C=C1,99
339,CC(N=P(N1CCCC1)(N2CCCC2)N3CCCC3)(C)C,O=S(C1=CC=C([N+]([O-])=O)C=C1)(F)=O,OCC1=CC=C(C2=CC=CC=C2)C=C1,91
340,CC(N=P(N1CCCC1)(N2CCCC2)N3CCCC3)(C)C,FC(C(F)(S(=O)(F)=O)F)(F)C(F)(F)C(F)(F)F,OCC1=CC=C(C2=CC=CC=C2)C=C1,68
341,N12CCCN=C1CCCCC2,ClC1=CC=C(S(=O)(F)=O)C=C1,OCC1=CC=C(S(N(CCC)CCC)(=O)=O)C=C1,18
342,N12CCCN=C1CCCCC2,O=S(C1=CC=CC=N1)(F)=O,OCC1=CC=C(S(N(CCC)CCC)(=O)=O)C=C1,17
343,N12CCCN=C1CCCCC2,O=S(C1=CC=C(C(F)(F)F)C=C1)(F)=O,OCC1=CC=C(S(N(CCC)CCC)(=O)=O)C=C1,9
344,N12CCCN=C1CCCCC2,O=S(C1=CC=C([N+]([O-])=O)C=C1)(F)=O,OCC1=CC=C(S(N(CCC)CCC)(=O)=O)C=C1,28
345,N12CCCN=C1CCCCC2,FC(C(F)(S(=O)(F)=O)F)(F)C(F)(F)C(F)(F)F,OCC1=CC=C(S(N(CCC)CCC)(=O)=O)C=C1,29
346,CN1CCCN2CCCN=C21,ClC1=CC=C(S(=O)(F)=O)C=C1,OCC1=CC=C(S(N(CCC)CCC)(=O)=O)C=C1,36
347,CN1CCCN2CCCN=C21,O=S(C1=CC=CC=N1)(F)=O,OCC1=CC=C(S(N(CCC)CCC)(=O)=O)C=C1,41
348,CN1CCCN2CCCN=C21,O=S(C1=CC=C(C(F)(F)F)C=C1)(F)=O,OCC1=CC=C(S(N(CCC)CCC)(=O)=O)C=C1,38
349,CN1CCCN2CCCN=C21,O=S(C1=CC=C([N+]([O-])=O)C=C1)(F)=O,OCC1=CC=C(S(N(CCC)CCC)(=O)=O)C=C1,42
350,CN1CCCN2CCCN=C21,FC(C(F)(S(=O)(F)=O)F)(F)C(F)(F)C(F)(F)F,OCC1=CC=C(S(N(CCC)CCC)(=O)=O)C=C1,44
351,CN(C)/C(N(C)C)=N/C(C)(C)C,ClC1=CC=C(S(=O)(F)=O)C=C1,OCC1=CC=C(S(N(CCC)CCC)(=O)=O)C=C1,79
352,CN(C)/C(N(C)C)=N/C(C)(C)C,O=S(C1=CC=CC=N1)(F)=O,OCC1=CC=C(S(N(CCC)CCC)(=O)=O)C=C1,74
353,CN(C)/C(N(C)C)=N/C(C)(C)C,O=S(C1=CC=C(C(F)(F)F)C=C1)(F)=O,OCC1=CC=C(S(N(CCC)CCC)(=O)=O)C=C1,85
354,CN(C)/C(N(C)C)=N/C(C)(C)C,O=S(C1=CC=C([N+]([O-])=O)C=C1)(F)=O,OCC1=CC=C(S(N(CCC)CCC)(=O)=O)C=C1,84
355,CN(C)/C(N(C)C)=N/C(C)(C)C,FC(C(F)(S(=O)(F)=O)F)(F)C(F)(F)C(F)(F)F,OCC1=CC=C(S(N(CCC)CCC)(=O)=O)C=C1,66
356,CC(N=P(N1CCCC1)(N2CCCC2)N3CCCC3)(C)C,ClC1=CC=C(S(=O)(F)=O)C=C1,OCC1=CC=C(S(N(CCC)CCC)(=O)=O)C=C1,90
357,CC(N=P(N1CCCC1)(N2CCCC2)N3CCCC3)(C)C,O=S(C1=CC=CC=N1)(F)=O,OCC1=CC=C(S(N(CCC)CCC)(=O)=O)C=C1,85
358,CC(N=P(N1CCCC1)(N2CCCC2)N3CCCC3)(C)C,O=S(C1=CC=C(C(F)(F)F)C=C1)(F)=O,OCC1=CC=C(S(N(CCC)CCC)(=O)=O)C=C1,97
359,CC(N=P(N1CCCC1)(N2CCCC2)N3CCCC3)(C)C,O=S(C1=CC=C([N+]([O-])=O)C=C1)(F)=O,OCC1=CC=C(S(N(CCC)CCC)(=O)=O)C=C1,89
360,CC(N=P(N1CCCC1)(N2CCCC2)N3CCCC3)(C)C,FC(C(F)(S(=O)(F)=O)F)(F)C(F)(F)C(F)(F)F,OCC1=CC=C(S(N(CCC)CCC)(=O)=O)C=C1,68
361,N12CCCN=C1CCCCC2,ClC1=CC=C(S(=O)(F)=O)C=C1,OCC1=C(N=C(N1CC2=CC=C(C3=C(C4=NN=NN4C(C5=CC=CC=C5)(C6=CC=CC=C6)C7=CC=CC=C7)C=CC=C3)C=C2)CCCC)Cl,33
362,N12CCCN=C1CCCCC2,O=S(C1=CC=CC=N1)(F)=O,OCC1=C(N=C(N1CC2=CC=C(C3=C(C4=NN=NN4C(C5=CC=CC=C5)(C6=CC=CC=C6)C7=CC=CC=C7)C=CC=C3)C=C2)CCCC)Cl,8
363,N12CCCN=C1CCCCC2,O=S(C1=CC=C(C(F)(F)F)C=C1)(F)=O,OCC1=C(N=C(N1CC2=CC=C(C3=C(C4=NN=NN4C(C5=CC=CC=C5)(C6=CC=CC=C6)C7=CC=CC=C7)C=CC=C3)C=C2)CCCC)Cl,36
364,N12CCCN=C1CCCCC2,O=S(C1=CC=C([N+]([O-])=O)C=C1)(F)=O,OCC1=C(N=C(N1CC2=CC=C(C3=C(C4=NN=NN4C(C5=CC=CC=C5)(C6=CC=CC=C6)C7=CC=CC=C7)C=CC=C3)C=C2)CCCC)Cl,37
365,N12CCCN=C1CCCCC2,FC(C(F)(S(=O)(F)=O)F)(F)C(F)(F)C(F)(F)F,OCC1=C(N=C(N1CC2=CC=C(C3=C(C4=NN=NN4C(C5=CC=CC=C5)(C6=CC=CC=C6)C7=CC=CC=C7)C=CC=C3)C=C2)CCCC)Cl,33
366,CN1CCCN2CCCN=C21,ClC1=CC=C(S(=O)(F)=O)C=C1,OCC1=C(N=C(N1CC2=CC=C(C3=C(C4=NN=NN4C(C5=CC=CC=C5)(C6=CC=CC=C6)C7=CC=CC=C7)C=CC=C3)C=C2)CCCC)Cl,38
367,CN1CCCN2CCCN=C21,O=S(C1=CC=CC=N1)(F)=O,OCC1=C(N=C(N1CC2=CC=C(C3=C(C4=NN=NN4C(C5=CC=CC=C5)(C6=CC=CC=C6)C7=CC=CC=C7)C=CC=C3)C=C2)CCCC)Cl,9
368,CN1CCCN2CCCN=C21,O=S(C1=CC=C(C(F)(F)F)C=C1)(F)=O,OCC1=C(N=C(N1CC2=CC=C(C3=C(C4=NN=NN4C(C5=CC=CC=C5)(C6=CC=CC=C6)C7=CC=CC=C7)C=CC=C3)C=C2)CCCC)Cl,38
369,CN1CCCN2CCCN=C21,O=S(C1=CC=C([N+]([O-])=O)C=C1)(F)=O,OCC1=C(N=C(N1CC2=CC=C(C3=C(C4=NN=NN4C(C5=CC=CC=C5)(C6=CC=CC=C6)C7=CC=CC=C7)C=CC=C3)C=C2)CCCC)Cl,40
370,CN1CCCN2CCCN=C21,FC(C(F)(S(=O)(F)=O)F)(F)C(F)(F)C(F)(F)F,OCC1=C(N=C(N1CC2=CC=C(C3=C(C4=NN=NN4C(C5=CC=CC=C5)(C6=CC=CC=C6)C7=CC=CC=C7)C=CC=C3)C=C2)CCCC)Cl,39
371,CN(C)/C(N(C)C)=N/C(C)(C)C,ClC1=CC=C(S(=O)(F)=O)C=C1,OCC1=C(N=C(N1CC2=CC=C(C3=C(C4=NN=NN4C(C5=CC=CC=C5)(C6=CC=CC=C6)C7=CC=CC=C7)C=CC=C3)C=C2)CCCC)Cl,45
372,CN(C)/C(N(C)C)=N/C(C)(C)C,O=S(C1=CC=CC=N1)(F)=O,OCC1=C(N=C(N1CC2=CC=C(C3=C(C4=NN=NN4C(C5=CC=CC=C5)(C6=CC=CC=C6)C7=CC=CC=C7)C=CC=C3)C=C2)CCCC)Cl,7
373,CN(C)/C(N(C)C)=N/C(C)(C)C,O=S(C1=CC=C(C(F)(F)F)C=C1)(F)=O,OCC1=C(N=C(N1CC2=CC=C(C3=C(C4=NN=NN4C(C5=CC=CC=C5)(C6=CC=CC=C6)C7=CC=CC=C7)C=CC=C3)C=C2)CCCC)Cl,44
374,CN(C)/C(N(C)C)=N/C(C)(C)C,O=S(C1=CC=C([N+]([O-])=O)C=C1)(F)=O,OCC1=C(N=C(N1CC2=CC=C(C3=C(C4=NN=NN4C(C5=CC=CC=C5)(C6=CC=CC=C6)C7=CC=CC=C7)C=CC=C3)C=C2)CCCC)Cl,49
375,CN(C)/C(N(C)C)=N/C(C)(C)C,FC(C(F)(S(=O)(F)=O)F)(F)C(F)(F)C(F)(F)F,OCC1=C(N=C(N1CC2=CC=C(C3=C(C4=NN=NN4C(C5=CC=CC=C5)(C6=CC=CC=C6)C7=CC=CC=C7)C=CC=C3)C=C2)CCCC)Cl,39
376,CC(N=P(N1CCCC1)(N2CCCC2)N3CCCC3)(C)C,ClC1=CC=C(S(=O)(F)=O)C=C1,OCC1=C(N=C(N1CC2=CC=C(C3=C(C4=NN=NN4C(C5=CC=CC=C5)(C6=CC=CC=C6)C7=CC=CC=C7)C=CC=C3)C=C2)CCCC)Cl,47
377,CC(N=P(N1CCCC1)(N2CCCC2)N3CCCC3)(C)C,O=S(C1=CC=CC=N1)(F)=O,OCC1=C(N=C(N1CC2=CC=C(C3=C(C4=NN=NN4C(C5=CC=CC=C5)(C6=CC=CC=C6)C7=CC=CC=C7)C=CC=C3)C=C2)CCCC)Cl,5
378,CC(N=P(N1CCCC1)(N2CCCC2)N3CCCC3)(C)C,O=S(C1=CC=C(C(F)(F)F)C=C1)(F)=O,OCC1=C(N=C(N1CC2=CC=C(C3=C(C4=NN=NN4C(C5=CC=CC=C5)(C6=CC=CC=C6)C7=CC=CC=C7)C=CC=C3)C=C2)CCCC)Cl,44
379,CC(N=P(N1CCCC1)(N2CCCC2)N3CCCC3)(C)C,O=S(C1=CC=C([N+]([O-])=O)C=C1)(F)=O,OCC1=C(N=C(N1CC2=CC=C(C3=C(C4=NN=NN4C(C5=CC=CC=C5)(C6=CC=CC=C6)C7=CC=CC=C7)C=CC=C3)C=C2)CCCC)Cl,48
380,CC(N=P(N1CCCC1)(N2CCCC2)N3CCCC3)(C)C,FC(C(F)(S(=O)(F)=O)F)(F)C(F)(F)C(F)(F)F,OCC1=C(N=C(N1CC2=CC=C(C3=C(C4=NN=NN4C(C5=CC=CC=C5)(C6=CC=CC=C6)C7=CC=CC=C7)C=CC=C3)C=C2)CCCC)Cl,47
381,N12CCCN=C1CCCCC2,ClC1=CC=C(S(=O)(F)=O)C=C1,OCN1C(C)=CC(C)=N1,38
382,N12CCCN=C1CCCCC2,O=S(C1=CC=CC=N1)(F)=O,OCN1C(C)=CC(C)=N1,30
383,N12CCCN=C1CCCCC2,O=S(C1=CC=C(C(F)(F)F)C=C1)(F)=O,OCN1C(C)=CC(C)=N1,43
384,N12CCCN=C1CCCCC2,O=S(C1=CC=C([N+]([O-])=O)C=C1)(F)=O,OCN1C(C)=CC(C)=N1,46
385,N12CCCN=C1CCCCC2,FC(C(F)(S(=O)(F)=O)F)(F)C(F)(F)C(F)(F)F,OCN1C(C)=CC(C)=N1,47
386,CN1CCCN2CCCN=C21,ClC1=CC=C(S(=O)(F)=O)C=C1,OCN1C(C)=CC(C)=N1,59
387,CN1CCCN2CCCN=C21,O=S(C1=CC=CC=N1)(F)=O,OCN1C(C)=CC(C)=N1,41
388,CN1CCCN2CCCN=C21,O=S(C1=CC=C(C(F)(F)F)C=C1)(F)=O,OCN1C(C)=CC(C)=N1,58
389,CN1CCCN2CCCN=C21,O=S(C1=CC=C([N+]([O-])=O)C=C1)(F)=O,OCN1C(C)=CC(C)=N1,55
390,CN1CCCN2CCCN=C21,FC(C(F)(S(=O)(F)=O)F)(F)C(F)(F)C(F)(F)F,OCN1C(C)=CC(C)=N1,55
391,CN(C)/C(N(C)C)=N/C(C)(C)C,ClC1=CC=C(S(=O)(F)=O)C=C1,OCN1C(C)=CC(C)=N1,62
392,CN(C)/C(N(C)C)=N/C(C)(C)C,O=S(C1=CC=CC=N1)(F)=O,OCN1C(C)=CC(C)=N1,37
393,CN(C)/C(N(C)C)=N/C(C)(C)C,O=S(C1=CC=C(C(F)(F)F)C=C1)(F)=O,OCN1C(C)=CC(C)=N1,59
394,CN(C)/C(N(C)C)=N/C(C)(C)C,O=S(C1=CC=C([N+]([O-])=O)C=C1)(F)=O,OCN1C(C)=CC(C)=N1,59
395,CN(C)/C(N(C)C)=N/C(C)(C)C,FC(C(F)(S(=O)(F)=O)F)(F)C(F)(F)C(F)(F)F,OCN1C(C)=CC(C)=N1,52
396,CC(N=P(N1CCCC1)(N2CCCC2)N3CCCC3)(C)C,ClC1=CC=C(S(=O)(F)=O)C=C1,OCN1C(C)=CC(C)=N1,66
397,CC(N=P(N1CCCC1)(N2CCCC2)N3CCCC3)(C)C,O=S(C1=CC=CC=N1)(F)=O,OCN1C(C)=CC(C)=N1,34
398,CC(N=P(N1CCCC1)(N2CCCC2)N3CCCC3)(C)C,O=S(C1=CC=C(C(F)(F)F)C=C1)(F)=O,OCN1C(C)=CC(C)=N1,65
399,CC(N=P(N1CCCC1)(N2CCCC2)N3CCCC3)(C)C,O=S(C1=CC=C([N+]([O-])=O)C=C1)(F)=O,OCN1C(C)=CC(C)=N1,60
400,CC(N=P(N1CCCC1)(N2CCCC2)N3CCCC3)(C)C,FC(C(F)(S(=O)(F)=O)F)(F)C(F)(F)C(F)(F)F,OCN1C(C)=CC(C)=N1,57
401,N12CCCN=C1CCCCC2,ClC1=CC=C(S(=O)(F)=O)C=C1,O=C(OC)CCCOC1=CC([N+]([O-])=O)=C(C(C)O)C=C1OC,28
402,N12CCCN=C1CCCCC2,O=S(C1=CC=CC=N1)(F)=O,O=C(OC)CCCOC1=CC([N+]([O-])=O)=C(C(C)O)C=C1OC,29
403,N12CCCN=C1CCCCC2,O=S(C1=CC=C(C(F)(F)F)C=C1)(F)=O,O=C(OC)CCCOC1=CC([N+]([O-])=O)=C(C(C)O)C=C1OC,40
404,N12CCCN=C1CCCCC2,O=S(C1=CC=C([N+]([O-])=O)C=C1)(F)=O,O=C(OC)CCCOC1=CC([N+]([O-])=O)=C(C(C)O)C=C1OC,38
405,N12CCCN=C1CCCCC2,FC(C(F)(S(=O)(F)=O)F)(F)C(F)(F)C(F)(F)F,O=C(OC)CCCOC1=CC([N+]([O-])=O)=C(C(C)O)C=C1OC,25
406,CN1CCCN2CCCN=C21,ClC1=CC=C(S(=O)(F)=O)C=C1,O=C(OC)CCCOC1=CC([N+]([O-])=O)=C(C(C)O)C=C1OC,38
407,CN1CCCN2CCCN=C21,O=S(C1=CC=CC=N1)(F)=O,O=C(OC)CCCOC1=CC([N+]([O-])=O)=C(C(C)O)C=C1OC,34
408,CN1CCCN2CCCN=C21,O=S(C1=CC=C(C(F)(F)F)C=C1)(F)=O,O=C(OC)CCCOC1=CC([N+]([O-])=O)=C(C(C)O)C=C1OC,47
409,CN1CCCN2CCCN=C21,O=S(C1=CC=C([N+]([O-])=O)C=C1)(F)=O,O=C(OC)CCCOC1=CC([N+]([O-])=O)=C(C(C)O)C=C1OC,46
410,CN1CCCN2CCCN=C21,FC(C(F)(S(=O)(F)=O)F)(F)C(F)(F)C(F)(F)F,O=C(OC)CCCOC1=CC([N+]([O-])=O)=C(C(C)O)C=C1OC,18
411,CN(C)/C(N(C)C)=N/C(C)(C)C,ClC1=CC=C(S(=O)(F)=O)C=C1,O=C(OC)CCCOC1=CC([N+]([O-])=O)=C(C(C)O)C=C1OC,49
412,CN(C)/C(N(C)C)=N/C(C)(C)C,O=S(C1=CC=CC=N1)(F)=O,O=C(OC)CCCOC1=CC([N+]([O-])=O)=C(C(C)O)C=C1OC,31
413,CN(C)/C(N(C)C)=N/C(C)(C)C,O=S(C1=CC=C(C(F)(F)F)C=C1)(F)=O,O=C(OC)CCCOC1=CC([N+]([O-])=O)=C(C(C)O)C=C1OC,57
414,CN(C)/C(N(C)C)=N/C(C)(C)C,O=S(C1=CC=C([N+]([O-])=O)C=C1)(F)=O,O=C(OC)CCCOC1=CC([N+]([O-])=O)=C(C(C)O)C=C1OC,52
415,CN(C)/C(N(C)C)=N/C(C)(C)C,FC(C(F)(S(=O)(F)=O)F)(F)C(F)(F)C(F)(F)F,O=C(OC)CCCOC1=CC([N+]([O-])=O)=C(C(C)O)C=C1OC,18
416,CC(N=P(N1CCCC1)(N2CCCC2)N3CCCC3)(C)C,ClC1=CC=C(S(=O)(F)=O)C=C1,O=C(OC)CCCOC1=CC([N+]([O-])=O)=C(C(C)O)C=C1OC,41
417,CC(N=P(N1CCCC1)(N2CCCC2)N3CCCC3)(C)C,O=S(C1=CC=CC=N1)(F)=O,O=C(OC)CCCOC1=CC([N+]([O-])=O)=C(C(C)O)C=C1OC,24
418,CC(N=P(N1CCCC1)(N2CCCC2)N3CCCC3)(C)C,O=S(C1=CC=C(C(F)(F)F)C=C1)(F)=O,O=C(OC)CCCOC1=CC([N+]([O-])=O)=C(C(C)O)C=C1OC,52
419,CC(N=P(N1CCCC1)(N2CCCC2)N3CCCC3)(C)C,O=S(C1=CC=C([N+]([O-])=O)C=C1)(F)=O,O=C(OC)CCCOC1=CC([N+]([O-])=O)=C(C(C)O)C=C1OC,42
420,CC(N=P(N1CCCC1)(N2CCCC2)N3CCCC3)(C)C,FC(C(F)(S(=O)(F)=O)F)(F)C(F)(F)C(F)(F)F,O=C(OC)CCCOC1=CC([N+]([O-])=O)=C(C(C)O)C=C1OC,9
421,N12CCCN=C1CCCCC2,ClC1=CC=C(S(=O)(F)=O)C=C1,O[C@@H]([C@H](C)N1CCCC1)C2=CC=CC=C2,23
422,N12CCCN=C1CCCCC2,O=S(C1=CC=CC=N1)(F)=O,O[C@@H]([C@H](C)N1CCCC1)C2=CC=CC=C2,42
423,N12CCCN=C1CCCCC2,O=S(C1=CC=C(C(F)(F)F)C=C1)(F)=O,O[C@@H]([C@H](C)N1CCCC1)C2=CC=CC=C2,19
424,N12CCCN=C1CCCCC2,O=S(C1=CC=C([N+]([O-])=O)C=C1)(F)=O,O[C@@H]([C@H](C)N1CCCC1)C2=CC=CC=C2,34
425,N12CCCN=C1CCCCC2,FC(C(F)(S(=O)(F)=O)F)(F)C(F)(F)C(F)(F)F,O[C@@H]([C@H](C)N1CCCC1)C2=CC=CC=C2,35
426,CN1CCCN2CCCN=C21,ClC1=CC=C(S(=O)(F)=O)C=C1,O[C@@H]([C@H](C)N1CCCC1)C2=CC=CC=C2,48
427,CN1CCCN2CCCN=C21,O=S(C1=CC=CC=N1)(F)=O,O[C@@H]([C@H](C)N1CCCC1)C2=CC=CC=C2,59
428,CN1CCCN2CCCN=C21,O=S(C1=CC=C(C(F)(F)F)C=C1)(F)=O,O[C@@H]([C@H](C)N1CCCC1)C2=CC=CC=C2,60
429,CN1CCCN2CCCN=C21,O=S(C1=CC=C([N+]([O-])=O)C=C1)(F)=O,O[C@@H]([C@H](C)N1CCCC1)C2=CC=CC=C2,63
430,CN1CCCN2CCCN=C21,FC(C(F)(S(=O)(F)=O)F)(F)C(F)(F)C(F)(F)F,O[C@@H]([C@H](C)N1CCCC1)C2=CC=CC=C2,63
431,CN(C)/C(N(C)C)=N/C(C)(C)C,ClC1=CC=C(S(=O)(F)=O)C=C1,O[C@@H]([C@H](C)N1CCCC1)C2=CC=CC=C2,10
432,CN(C)/C(N(C)C)=N/C(C)(C)C,O=S(C1=CC=CC=N1)(F)=O,O[C@@H]([C@H](C)N1CCCC1)C2=CC=CC=C2,36
433,CN(C)/C(N(C)C)=N/C(C)(C)C,O=S(C1=CC=C(C(F)(F)F)C=C1)(F)=O,O[C@@H]([C@H](C)N1CCCC1)C2=CC=CC=C2,41
434,CN(C)/C(N(C)C)=N/C(C)(C)C,O=S(C1=CC=C([N+]([O-])=O)C=C1)(F)=O,O[C@@H]([C@H](C)N1CCCC1)C2=CC=CC=C2,58
435,CN(C)/C(N(C)C)=N/C(C)(C)C,FC(C(F)(S(=O)(F)=O)F)(F)C(F)(F)C(F)(F)F,O[C@@H]([C@H](C)N1CCCC1)C2=CC=CC=C2,65
436,CC(N=P(N1CCCC1)(N2CCCC2)N3CCCC3)(C)C,ClC1=CC=C(S(=O)(F)=O)C=C1,O[C@@H]([C@H](C)N1CCCC1)C2=CC=CC=C2,18
437,CC(N=P(N1CCCC1)(N2CCCC2)N3CCCC3)(C)C,O=S(C1=CC=CC=N1)(F)=O,O[C@@H]([C@H](C)N1CCCC1)C2=CC=CC=C2,43
438,CC(N=P(N1CCCC1)(N2CCCC2)N3CCCC3)(C)C,O=S(C1=CC=C(C(F)(F)F)C=C1)(F)=O,O[C@@H]([C@H](C)N1CCCC1)C2=CC=CC=C2,55
439,CC(N=P(N1CCCC1)(N2CCCC2)N3CCCC3)(C)C,O=S(C1=CC=C([N+]([O-])=O)C=C1)(F)=O,O[C@@H]([C@H](C)N1CCCC1)C2=CC=CC=C2,35
440,CC(N=P(N1CCCC1)(N2CCCC2)N3CCCC3)(C)C,FC(C(F)(S(=O)(F)=O)F)(F)C(F)(F)C(F)(F)F,O[C@@H]([C@H](C)N1CCCC1)C2=CC=CC=C2,82
441,N12CCCN=C1CCCCC2,ClC1=CC=C(S(=O)(F)=O)C=C1,OC/C=C(CC/C=C(CC/C=C(C)\C)\C)\C,6
442,N12CCCN=C1CCCCC2,O=S(C1=CC=CC=N1)(F)=O,OC/C=C(CC/C=C(CC/C=C(C)\C)\C)\C,6
443,N12CCCN=C1CCCCC2,O=S(C1=CC=C(C(F)(F)F)C=C1)(F)=O,OC/C=C(CC/C=C(CC/C=C(C)\C)\C)\C,8
444,N12CCCN=C1CCCCC2,O=S(C1=CC=C([N+]([O-])=O)C=C1)(F)=O,OC/C=C(CC/C=C(CC/C=C(C)\C)\C)\C,11
445,N12CCCN=C1CCCCC2,FC(C(F)(S(=O)(F)=O)F)(F)C(F)(F)C(F)(F)F,OC/C=C(CC/C=C(CC/C=C(C)\C)\C)\C,15
446,CN1CCCN2CCCN=C21,ClC1=CC=C(S(=O)(F)=O)C=C1,OC/C=C(CC/C=C(CC/C=C(C)\C)\C)\C,21
447,CN1CCCN2CCCN=C21,O=S(C1=CC=CC=N1)(F)=O,OC/C=C(CC/C=C(CC/C=C(C)\C)\C)\C,16
448,CN1CCCN2CCCN=C21,O=S(C1=CC=C(C(F)(F)F)C=C1)(F)=O,OC/C=C(CC/C=C(CC/C=C(C)\C)\C)\C,23
449,CN1CCCN2CCCN=C21,O=S(C1=CC=C([N+]([O-])=O)C=C1)(F)=O,OC/C=C(CC/C=C(CC/C=C(C)\C)\C)\C,22
450,CN1CCCN2CCCN=C21,FC(C(F)(S(=O)(F)=O)F)(F)C(F)(F)C(F)(F)F,OC/C=C(CC/C=C(CC/C=C(C)\C)\C)\C,25
451,CN(C)/C(N(C)C)=N/C(C)(C)C,ClC1=CC=C(S(=O)(F)=O)C=C1,OC/C=C(CC/C=C(CC/C=C(C)\C)\C)\C,33
452,CN(C)/C(N(C)C)=N/C(C)(C)C,O=S(C1=CC=CC=N1)(F)=O,OC/C=C(CC/C=C(CC/C=C(C)\C)\C)\C,24
453,CN(C)/C(N(C)C)=N/C(C)(C)C,O=S(C1=CC=C(C(F)(F)F)C=C1)(F)=O,OC/C=C(CC/C=C(CC/C=C(C)\C)\C)\C,34
454,CN(C)/C(N(C)C)=N/C(C)(C)C,O=S(C1=CC=C([N+]([O-])=O)C=C1)(F)=O,OC/C=C(CC/C=C(CC/C=C(C)\C)\C)\C,28
455,CN(C)/C(N(C)C)=N/C(C)(C)C,FC(C(F)(S(=O)(F)=O)F)(F)C(F)(F)C(F)(F)F,OC/C=C(CC/C=C(CC/C=C(C)\C)\C)\C,25
456,CC(N=P(N1CCCC1)(N2CCCC2)N3CCCC3)(C)C,ClC1=CC=C(S(=O)(F)=O)C=C1,OC/C=C(CC/C=C(CC/C=C(C)\C)\C)\C,52
457,CC(N=P(N1CCCC1)(N2CCCC2)N3CCCC3)(C)C,O=S(C1=CC=CC=N1)(F)=O,OC/C=C(CC/C=C(CC/C=C(C)\C)\C)\C,36
458,CC(N=P(N1CCCC1)(N2CCCC2)N3CCCC3)(C)C,O=S(C1=CC=C(C(F)(F)F)C=C1)(F)=O,OC/C=C(CC/C=C(CC/C=C(C)\C)\C)\C,52
459,CC(N=P(N1CCCC1)(N2CCCC2)N3CCCC3)(C)C,O=S(C1=CC=C([N+]([O-])=O)C=C1)(F)=O,OC/C=C(CC/C=C(CC/C=C(C)\C)\C)\C,39
460,CC(N=P(N1CCCC1)(N2CCCC2)N3CCCC3)(C)C,FC(C(F)(S(=O)(F)=O)F)(F)C(F)(F)C(F)(F)F,OC/C=C(CC/C=C(CC/C=C(C)\C)\C)\C,32
461,N12CCCN=C1CCCCC2,ClC1=CC=C(S(=O)(F)=O)C=C1,C=CC(O)CCCCCCC,22
462,N12CCCN=C1CCCCC2,O=S(C1=CC=CC=N1)(F)=O,C=CC(O)CCCCCCC,12
463,N12CCCN=C1CCCCC2,O=S(C1=CC=C(C(F)(F)F)C=C1)(F)=O,C=CC(O)CCCCCCC,23
464,N12CCCN=C1CCCCC2,O=S(C1=CC=C([N+]([O-])=O)C=C1)(F)=O,C=CC(O)CCCCCCC,22
465,N12CCCN=C1CCCCC2,FC(C(F)(S(=O)(F)=O)F)(F)C(F)(F)C(F)(F)F,C=CC(O)CCCCCCC,13
466,CN1CCCN2CCCN=C21,ClC1=CC=C(S(=O)(F)=O)C=C1,C=CC(O)CCCCCCC,30
467,CN1CCCN2CCCN=C21,O=S(C1=CC=CC=N1)(F)=O,C=CC(O)CCCCCCC,13
468,CN1CCCN2CCCN=C21,O=S(C1=CC=C(C(F)(F)F)C=C1)(F)=O,C=CC(O)CCCCCCC,32
469,CN1CCCN2CCCN=C21,O=S(C1=CC=C([N+]([O-])=O)C=C1)(F)=O,C=CC(O)CCCCCCC,27
470,CN1CCCN2CCCN=C21,FC(C(F)(S(=O)(F)=O)F)(F)C(F)(F)C(F)(F)F,C=CC(O)CCCCCCC,15
471,CN(C)/C(N(C)C)=N/C(C)(C)C,ClC1=CC=C(S(=O)(F)=O)C=C1,C=CC(O)CCCCCCC,30
472,CN(C)/C(N(C)C)=N/C(C)(C)C,O=S(C1=CC=CC=N1)(F)=O,C=CC(O)CCCCCCC,9
473,CN(C)/C(N(C)C)=N/C(C)(C)C,O=S(C1=CC=C(C(F)(F)F)C=C1)(F)=O,C=CC(O)CCCCCCC,32
474,CN(C)/C(N(C)C)=N/C(C)(C)C,O=S(C1=CC=C([N+]([O-])=O)C=C1)(F)=O,C=CC(O)CCCCCCC,28
475,CN(C)/C(N(C)C)=N/C(C)(C)C,FC(C(F)(S(=O)(F)=O)F)(F)C(F)(F)C(F)(F)F,C=CC(O)CCCCCCC,13
476,CC(N=P(N1CCCC1)(N2CCCC2)N3CCCC3)(C)C,ClC1=CC=C(S(=O)(F)=O)C=C1,C=CC(O)CCCCCCC,28
477,CC(N=P(N1CCCC1)(N2CCCC2)N3CCCC3)(C)C,O=S(C1=CC=CC=N1)(F)=O,C=CC(O)CCCCCCC,9
478,CC(N=P(N1CCCC1)(N2CCCC2)N3CCCC3)(C)C,O=S(C1=CC=C(C(F)(F)F)C=C1)(F)=O,C=CC(O)CCCCCCC,36
479,CC(N=P(N1CCCC1)(N2CCCC2)N3CCCC3)(C)C,O=S(C1=CC=C([N+]([O-])=O)C=C1)(F)=O,C=CC(O)CCCCCCC,30
480,CC(N=P(N1CCCC1)(N2CCCC2)N3CCCC3)(C)C,FC(C(F)(S(=O)(F)=O)F)(F)C(F)(F)C(F)(F)F,C=CC(O)CCCCCCC,16
481,N12CCCN=C1CCCCC2,ClC1=CC=C(S(=O)(F)=O)C=C1,C=CC(O)(C)CC/C=C(C)\C,0
482,N12CCCN=C1CCCCC2,O=S(C1=CC=CC=N1)(F)=O,C=CC(O)(C)CC/C=C(C)\C,1
483,N12CCCN=C1CCCCC2,O=S(C1=CC=C(C(F)(F)F)C=C1)(F)=O,C=CC(O)(C)CC/C=C(C)\C,1
484,N12CCCN=C1CCCCC2,O=S(C1=CC=C([N+]([O-])=O)C=C1)(F)=O,C=CC(O)(C)CC/C=C(C)\C,2
485,N12CCCN=C1CCCCC2,FC(C(F)(S(=O)(F)=O)F)(F)C(F)(F)C(F)(F)F,C=CC(O)(C)CC/C=C(C)\C,6
486,CN1CCCN2CCCN=C21,ClC1=CC=C(S(=O)(F)=O)C=C1,C=CC(O)(C)CC/C=C(C)\C,0
487,CN1CCCN2CCCN=C21,O=S(C1=CC=CC=N1)(F)=O,C=CC(O)(C)CC/C=C(C)\C,1
488,CN1CCCN2CCCN=C21,O=S(C1=CC=C(C(F)(F)F)C=C1)(F)=O,C=CC(O)(C)CC/C=C(C)\C,1
489,CN1CCCN2CCCN=C21,O=S(C1=CC=C([N+]([O-])=O)C=C1)(F)=O,C=CC(O)(C)CC/C=C(C)\C,2
490,CN1CCCN2CCCN=C21,FC(C(F)(S(=O)(F)=O)F)(F)C(F)(F)C(F)(F)F,C=CC(O)(C)CC/C=C(C)\C,9
491,CN(C)/C(N(C)C)=N/C(C)(C)C,ClC1=CC=C(S(=O)(F)=O)C=C1,C=CC(O)(C)CC/C=C(C)\C,0
492,CN(C)/C(N(C)C)=N/C(C)(C)C,O=S(C1=CC=CC=N1)(F)=O,C=CC(O)(C)CC/C=C(C)\C,0
493,CN(C)/C(N(C)C)=N/C(C)(C)C,O=S(C1=CC=C(C(F)(F)F)C=C1)(F)=O,C=CC(O)(C)CC/C=C(C)\C,0
494,CN(C)/C(N(C)C)=N/C(C)(C)C,O=S(C1=CC=C([N+]([O-])=O)C=C1)(F)=O,C=CC(O)(C)CC/C=C(C)\C,0
495,CN(C)/C(N(C)C)=N/C(C)(C)C,FC(C(F)(S(=O)(F)=O)F)(F)C(F)(F)C(F)(F)F,C=CC(O)(C)CC/C=C(C)\C,7
496,CC(N=P(N1CCCC1)(N2CCCC2)N3CCCC3)(C)C,ClC1=CC=C(S(=O)(F)=O)C=C1,C=CC(O)(C)CC/C=C(C)\C,0
497,CC(N=P(N1CCCC1)(N2CCCC2)N3CCCC3)(C)C,O=S(C1=CC=CC=N1)(F)=O,C=CC(O)(C)CC/C=C(C)\C,0
498,CC(N=P(N1CCCC1)(N2CCCC2)N3CCCC3)(C)C,O=S(C1=CC=C(C(F)(F)F)C=C1)(F)=O,C=CC(O)(C)CC/C=C(C)\C,0
499,CC(N=P(N1CCCC1)(N2CCCC2)N3CCCC3)(C)C,O=S(C1=CC=C([N+]([O-])=O)C=C1)(F)=O,C=CC(O)(C)CC/C=C(C)\C,0
500,CC(N=P(N1CCCC1)(N2CCCC2)N3CCCC3)(C)C,FC(C(F)(S(=O)(F)=O)F)(F)C(F)(F)C(F)(F)F,C=CC(O)(C)CC/C=C(C)\C,10
501,N12CCCN=C1CCCCC2,ClC1=CC=C(S(=O)(F)=O)C=C1,OCCC(C1=C(N2C(C3=CC=C(Cl)C=C3)=O)C=CC(OC)=C1)=C2C,46
502,N12CCCN=C1CCCCC2,O=S(C1=CC=CC=N1)(F)=O,OCCC(C1=C(N2C(C3=CC=C(Cl)C=C3)=O)C=CC(OC)=C1)=C2C,55
503,N12CCCN=C1CCCCC2,O=S(C1=CC=C(C(F)(F)F)C=C1)(F)=O,OCCC(C1=C(N2C(C3=CC=C(Cl)C=C3)=O)C=CC(OC)=C1)=C2C,62
504,N12CCCN=C1CCCCC2,O=S(C1=CC=C([N+]([O-])=O)C=C1)(F)=O,OCCC(C1=C(N2C(C3=CC=C(Cl)C=C3)=O)C=CC(OC)=C1)=C2C,60
505,N12CCCN=C1CCCCC2,FC(C(F)(S(=O)(F)=O)F)(F)C(F)(F)C(F)(F)F,OCCC(C1=C(N2C(C3=CC=C(Cl)C=C3)=O)C=CC(OC)=C1)=C2C,52
506,CN1CCCN2CCCN=C21,ClC1=CC=C(S(=O)(F)=O)C=C1,OCCC(C1=C(N2C(C3=CC=C(Cl)C=C3)=O)C=CC(OC)=C1)=C2C,75
507,CN1CCCN2CCCN=C21,O=S(C1=CC=CC=N1)(F)=O,OCCC(C1=C(N2C(C3=CC=C(Cl)C=C3)=O)C=CC(OC)=C1)=C2C,79
508,CN1CCCN2CCCN=C21,O=S(C1=CC=C(C(F)(F)F)C=C1)(F)=O,OCCC(C1=C(N2C(C3=CC=C(Cl)C=C3)=O)C=CC(OC)=C1)=C2C,86
509,CN1CCCN2CCCN=C21,O=S(C1=CC=C([N+]([O-])=O)C=C1)(F)=O,OCCC(C1=C(N2C(C3=CC=C(Cl)C=C3)=O)C=CC(OC)=C1)=C2C,82
510,CN1CCCN2CCCN=C21,FC(C(F)(S(=O)(F)=O)F)(F)C(F)(F)C(F)(F)F,OCCC(C1=C(N2C(C3=CC=C(Cl)C=C3)=O)C=CC(OC)=C1)=C2C,77
511,CN(C)/C(N(C)C)=N/C(C)(C)C,ClC1=CC=C(S(=O)(F)=O)C=C1,OCCC(C1=C(N2C(C3=CC=C(Cl)C=C3)=O)C=CC(OC)=C1)=C2C,74
512,CN(C)/C(N(C)C)=N/C(C)(C)C,O=S(C1=CC=CC=N1)(F)=O,OCCC(C1=C(N2C(C3=CC=C(Cl)C=C3)=O)C=CC(OC)=C1)=C2C,79
513,CN(C)/C(N(C)C)=N/C(C)(C)C,O=S(C1=CC=C(C(F)(F)F)C=C1)(F)=O,OCCC(C1=C(N2C(C3=CC=C(Cl)C=C3)=O)C=CC(OC)=C1)=C2C,84
514,CN(C)/C(N(C)C)=N/C(C)(C)C,O=S(C1=CC=C([N+]([O-])=O)C=C1)(F)=O,OCCC(C1=C(N2C(C3=CC=C(Cl)C=C3)=O)C=CC(OC)=C1)=C2C,86
515,CN(C)/C(N(C)C)=N/C(C)(C)C,FC(C(F)(S(=O)(F)=O)F)(F)C(F)(F)C(F)(F)F,OCCC(C1=C(N2C(C3=CC=C(Cl)C=C3)=O)C=CC(OC)=C1)=C2C,78
516,CC(N=P(N1CCCC1)(N2CCCC2)N3CCCC3)(C)C,ClC1=CC=C(S(=O)(F)=O)C=C1,OCCC(C1=C(N2C(C3=CC=C(Cl)C=C3)=O)C=CC(OC)=C1)=C2C,71
517,CC(N=P(N1CCCC1)(N2CCCC2)N3CCCC3)(C)C,O=S(C1=CC=CC=N1)(F)=O,OCCC(C1=C(N2C(C3=CC=C(Cl)C=C3)=O)C=CC(OC)=C1)=C2C,77
518,CC(N=P(N1CCCC1)(N2CCCC2)N3CCCC3)(C)C,O=S(C1=CC=C(C(F)(F)F)C=C1)(F)=O,OCCC(C1=C(N2C(C3=CC=C(Cl)C=C3)=O)C=CC(OC)=C1)=C2C,82
519,CC(N=P(N1CCCC1)(N2CCCC2)N3CCCC3)(C)C,O=S(C1=CC=C([N+]([O-])=O)C=C1)(F)=O,OCCC(C1=C(N2C(C3=CC=C(Cl)C=C3)=O)C=CC(OC)=C1)=C2C,74
520,CC(N=P(N1CCCC1)(N2CCCC2)N3CCCC3)(C)C,FC(C(F)(S(=O)(F)=O)F)(F)C(F)(F)C(F)(F)F,OCCC(C1=C(N2C(C3=CC=C(Cl)C=C3)=O)C=CC(OC)=C1)=C2C,83
521,N12CCCN=C1CCCCC2,ClC1=CC=C(S(=O)(F)=O)C=C1,OCCN1C(C)=NC=C1[N+]([O-])=O,25
522,N12CCCN=C1CCCCC2,O=S(C1=CC=CC=N1)(F)=O,OCCN1C(C)=NC=C1[N+]([O-])=O,30
523,N12CCCN=C1CCCCC2,O=S(C1=CC=C(C(F)(F)F)C=C1)(F)=O,OCCN1C(C)=NC=C1[N+]([O-])=O,37
524,N12CCCN=C1CCCCC2,O=S(C1=CC=C([N+]([O-])=O)C=C1)(F)=O,OCCN1C(C)=NC=C1[N+]([O-])=O,17
525,N12CCCN=C1CCCCC2,FC(C(F)(S(=O)(F)=O)F)(F)C(F)(F)C(F)(F)F,OCCN1C(C)=NC=C1[N+]([O-])=O,71
526,CN1CCCN2CCCN=C21,ClC1=CC=C(S(=O)(F)=O)C=C1,OCCN1C(C)=NC=C1[N+]([O-])=O,32
527,CN1CCCN2CCCN=C21,O=S(C1=CC=CC=N1)(F)=O,OCCN1C(C)=NC=C1[N+]([O-])=O,38
528,CN1CCCN2CCCN=C21,O=S(C1=CC=C(C(F)(F)F)C=C1)(F)=O,OCCN1C(C)=NC=C1[N+]([O-])=O,37
529,CN1CCCN2CCCN=C21,O=S(C1=CC=C([N+]([O-])=O)C=C1)(F)=O,OCCN1C(C)=NC=C1[N+]([O-])=O,44
530,CN1CCCN2CCCN=C21,FC(C(F)(S(=O)(F)=O)F)(F)C(F)(F)C(F)(F)F,OCCN1C(C)=NC=C1[N+]([O-])=O,79
531,CN(C)/C(N(C)C)=N/C(C)(C)C,ClC1=CC=C(S(=O)(F)=O)C=C1,OCCN1C(C)=NC=C1[N+]([O-])=O,38
532,CN(C)/C(N(C)C)=N/C(C)(C)C,O=S(C1=CC=CC=N1)(F)=O,OCCN1C(C)=NC=C1[N+]([O-])=O,42
533,CN(C)/C(N(C)C)=N/C(C)(C)C,O=S(C1=CC=C(C(F)(F)F)C=C1)(F)=O,OCCN1C(C)=NC=C1[N+]([O-])=O,47
534,CN(C)/C(N(C)C)=N/C(C)(C)C,O=S(C1=CC=C([N+]([O-])=O)C=C1)(F)=O,OCCN1C(C)=NC=C1[N+]([O-])=O,49
535,CN(C)/C(N(C)C)=N/C(C)(C)C,FC(C(F)(S(=O)(F)=O)F)(F)C(F)(F)C(F)(F)F,OCCN1C(C)=NC=C1[N+]([O-])=O,87
536,CC(N=P(N1CCCC1)(N2CCCC2)N3CCCC3)(C)C,ClC1=CC=C(S(=O)(F)=O)C=C1,OCCN1C(C)=NC=C1[N+]([O-])=O,23
537,CC(N=P(N1CCCC1)(N2CCCC2)N3CCCC3)(C)C,O=S(C1=CC=CC=N1)(F)=O,OCCN1C(C)=NC=C1[N+]([O-])=O,28
538,CC(N=P(N1CCCC1)(N2CCCC2)N3CCCC3)(C)C,O=S(C1=CC=C(C(F)(F)F)C=C1)(F)=O,OCCN1C(C)=NC=C1[N+]([O-])=O,28
539,CC(N=P(N1CCCC1)(N2CCCC2)N3CCCC3)(C)C,O=S(C1=CC=C([N+]([O-])=O)C=C1)(F)=O,OCCN1C(C)=NC=C1[N+]([O-])=O,29
540,CC(N=P(N1CCCC1)(N2CCCC2)N3CCCC3)(C)C,FC(C(F)(S(=O)(F)=O)F)(F)C(F)(F)C(F)(F)F,OCCN1C(C)=NC=C1[N+]([O-])=O,51
541,N12CCCN=C1CCCCC2,ClC1=CC=C(S(=O)(F)=O)C=C1,[H][C@]12CC[C@]3(C)C(C4=CC=CN=C4)=CC[C@@]3([H])[C@@]1(CC=C5C[C@@H](O)CC[C@]25C)[H],0
542,N12CCCN=C1CCCCC2,O=S(C1=CC=CC=N1)(F)=O,[H][C@]12CC[C@]3(C)C(C4=CC=CN=C4)=CC[C@@]3([H])[C@@]1(CC=C5C[C@@H](O)CC[C@]25C)[H],0
543,N12CCCN=C1CCCCC2,O=S(C1=CC=C(C(F)(F)F)C=C1)(F)=O,[H][C@]12CC[C@]3(C)C(C4=CC=CN=C4)=CC[C@@]3([H])[C@@]1(CC=C5C[C@@H](O)CC[C@]25C)[H],2
544,N12CCCN=C1CCCCC2,O=S(C1=CC=C([N+]([O-])=O)C=C1)(F)=O,[H][C@]12CC[C@]3(C)C(C4=CC=CN=C4)=CC[C@@]3([H])[C@@]1(CC=C5C[C@@H](O)CC[C@]25C)[H],5
545,N12CCCN=C1CCCCC2,FC(C(F)(S(=O)(F)=O)F)(F)C(F)(F)C(F)(F)F,[H][C@]12CC[C@]3(C)C(C4=CC=CN=C4)=CC[C@@]3([H])[C@@]1(CC=C5C[C@@H](O)CC[C@]25C)[H],13
546,CN1CCCN2CCCN=C21,ClC1=CC=C(S(=O)(F)=O)C=C1,[H][C@]12CC[C@]3(C)C(C4=CC=CN=C4)=CC[C@@]3([H])[C@@]1(CC=C5C[C@@H](O)CC[C@]25C)[H],0
547,CN1CCCN2CCCN=C21,O=S(C1=CC=CC=N1)(F)=O,[H][C@]12CC[C@]3(C)C(C4=CC=CN=C4)=CC[C@@]3([H])[C@@]1(CC=C5C[C@@H](O)CC[C@]25C)[H],0
548,CN1CCCN2CCCN=C21,O=S(C1=CC=C(C(F)(F)F)C=C1)(F)=O,[H][C@]12CC[C@]3(C)C(C4=CC=CN=C4)=CC[C@@]3([H])[C@@]1(CC=C5C[C@@H](O)CC[C@]25C)[H],1
549,CN1CCCN2CCCN=C21,O=S(C1=CC=C([N+]([O-])=O)C=C1)(F)=O,[H][C@]12CC[C@]3(C)C(C4=CC=CN=C4)=CC[C@@]3([H])[C@@]1(CC=C5C[C@@H](O)CC[C@]25C)[H],5
550,CN1CCCN2CCCN=C21,FC(C(F)(S(=O)(F)=O)F)(F)C(F)(F)C(F)(F)F,[H][C@]12CC[C@]3(C)C(C4=CC=CN=C4)=CC[C@@]3([H])[C@@]1(CC=C5C[C@@H](O)CC[C@]25C)[H],13
551,CN(C)/C(N(C)C)=N/C(C)(C)C,ClC1=CC=C(S(=O)(F)=O)C=C1,[H][C@]12CC[C@]3(C)C(C4=CC=CN=C4)=CC[C@@]3([H])[C@@]1(CC=C5C[C@@H](O)CC[C@]25C)[H],0
552,CN(C)/C(N(C)C)=N/C(C)(C)C,O=S(C1=CC=CC=N1)(F)=O,[H][C@]12CC[C@]3(C)C(C4=CC=CN=C4)=CC[C@@]3([H])[C@@]1(CC=C5C[C@@H](O)CC[C@]25C)[H],0
553,CN(C)/C(N(C)C)=N/C(C)(C)C,O=S(C1=CC=C(C(F)(F)F)C=C1)(F)=O,[H][C@]12CC[C@]3(C)C(C4=CC=CN=C4)=CC[C@@]3([H])[C@@]1(CC=C5C[C@@H](O)CC[C@]25C)[H],1
554,CN(C)/C(N(C)C)=N/C(C)(C)C,O=S(C1=CC=C([N+]([O-])=O)C=C1)(F)=O,[H][C@]12CC[C@]3(C)C(C4=CC=CN=C4)=CC[C@@]3([H])[C@@]1(CC=C5C[C@@H](O)CC[C@]25C)[H],3
555,CN(C)/C(N(C)C)=N/C(C)(C)C,FC(C(F)(S(=O)(F)=O)F)(F)C(F)(F)C(F)(F)F,[H][C@]12CC[C@]3(C)C(C4=CC=CN=C4)=CC[C@@]3([H])[C@@]1(CC=C5C[C@@H](O)CC[C@]25C)[H],9
556,CC(N=P(N1CCCC1)(N2CCCC2)N3CCCC3)(C)C,ClC1=CC=C(S(=O)(F)=O)C=C1,[H][C@]12CC[C@]3(C)C(C4=CC=CN=C4)=CC[C@@]3([H])[C@@]1(CC=C5C[C@@H](O)CC[C@]25C)[H],0
557,CC(N=P(N1CCCC1)(N2CCCC2)N3CCCC3)(C)C,O=S(C1=CC=CC=N1)(F)=O,[H][C@]12CC[C@]3(C)C(C4=CC=CN=C4)=CC[C@@]3([H])[C@@]1(CC=C5C[C@@H](O)CC[C@]25C)[H],0
558,CC(N=P(N1CCCC1)(N2CCCC2)N3CCCC3)(C)C,O=S(C1=CC=C(C(F)(F)F)C=C1)(F)=O,[H][C@]12CC[C@]3(C)C(C4=CC=CN=C4)=CC[C@@]3([H])[C@@]1(CC=C5C[C@@H](O)CC[C@]25C)[H],0
559,CC(N=P(N1CCCC1)(N2CCCC2)N3CCCC3)(C)C,O=S(C1=CC=C([N+]([O-])=O)C=C1)(F)=O,[H][C@]12CC[C@]3(C)C(C4=CC=CN=C4)=CC[C@@]3([H])[C@@]1(CC=C5C[C@@H](O)CC[C@]25C)[H],2
560,CC(N=P(N1CCCC1)(N2CCCC2)N3CCCC3)(C)C,FC(C(F)(S(=O)(F)=O)F)(F)C(F)(F)C(F)(F)F,[H][C@]12CC[C@]3(C)C(C4=CC=CN=C4)=CC[C@@]3([H])[C@@]1(CC=C5C[C@@H](O)CC[C@]25C)[H],7
561,N12CCCN=C1CCCCC2,ClC1=CC=C(S(=O)(F)=O)C=C1,O=C1C(O)CCO1,58
562,N12CCCN=C1CCCCC2,O=S(C1=CC=CC=N1)(F)=O,O=C1C(O)CCO1,63
563,N12CCCN=C1CCCCC2,O=S(C1=CC=C(C(F)(F)F)C=C1)(F)=O,O=C1C(O)CCO1,55
564,N12CCCN=C1CCCCC2,O=S(C1=CC=C([N+]([O-])=O)C=C1)(F)=O,O=C1C(O)CCO1,40
565,N12CCCN=C1CCCCC2,FC(C(F)(S(=O)(F)=O)F)(F)C(F)(F)C(F)(F)F,O=C1C(O)CCO1,74
566,CN1CCCN2CCCN=C21,ClC1=CC=C(S(=O)(F)=O)C=C1,O=C1C(O)CCO1,63
567,CN1CCCN2CCCN=C21,O=S(C1=CC=CC=N1)(F)=O,O=C1C(O)CCO1,72
568,CN1CCCN2CCCN=C21,O=S(C1=CC=C(C(F)(F)F)C=C1)(F)=O,O=C1C(O)CCO1,64
569,CN1CCCN2CCCN=C21,O=S(C1=CC=C([N+]([O-])=O)C=C1)(F)=O,O=C1C(O)CCO1,37
570,CN1CCCN2CCCN=C21,FC(C(F)(S(=O)(F)=O)F)(F)C(F)(F)C(F)(F)F,O=C1C(O)CCO1,92
571,CN(C)/C(N(C)C)=N/C(C)(C)C,ClC1=CC=C(S(=O)(F)=O)C=C1,O=C1C(O)CCO1,79
572,CN(C)/C(N(C)C)=N/C(C)(C)C,O=S(C1=CC=CC=N1)(F)=O,O=C1C(O)CCO1,80
573,CN(C)/C(N(C)C)=N/C(C)(C)C,O=S(C1=CC=C(C(F)(F)F)C=C1)(F)=O,O=C1C(O)CCO1,81
574,CN(C)/C(N(C)C)=N/C(C)(C)C,O=S(C1=CC=C([N+]([O-])=O)C=C1)(F)=O,O=C1C(O)CCO1,43
575,CN(C)/C(N(C)C)=N/C(C)(C)C,FC(C(F)(S(=O)(F)=O)F)(F)C(F)(F)C(F)(F)F,O=C1C(O)CCO1,84
576,CC(N=P(N1CCCC1)(N2CCCC2)N3CCCC3)(C)C,ClC1=CC=C(S(=O)(F)=O)C=C1,O=C1C(O)CCO1,75
577,CC(N=P(N1CCCC1)(N2CCCC2)N3CCCC3)(C)C,O=S(C1=CC=CC=N1)(F)=O,O=C1C(O)CCO1,65
578,CC(N=P(N1CCCC1)(N2CCCC2)N3CCCC3)(C)C,O=S(C1=CC=C(C(F)(F)F)C=C1)(F)=O,O=C1C(O)CCO1,49
579,CC(N=P(N1CCCC1)(N2CCCC2)N3CCCC3)(C)C,O=S(C1=CC=C([N+]([O-])=O)C=C1)(F)=O,O=C1C(O)CCO1,44
580,CC(N=P(N1CCCC1)(N2CCCC2)N3CCCC3)(C)C,FC(C(F)(S(=O)(F)=O)F)(F)C(F)(F)C(F)(F)F,O=C1C(O)CCO1,79
581,N12CCCN=C1CCCCC2,ClC1=CC=C(S(=O)(F)=O)C=C1,O=C(C=C1CC[C@@]2([H])[C@]3([H])CC[C@@](O)([C@]3(C4)C)C(CO)=O)C=C[C@]1(C)[C@@]2([H])C4=O,32
582,N12CCCN=C1CCCCC2,O=S(C1=CC=CC=N1)(F)=O,O=C(C=C1CC[C@@]2([H])[C@]3([H])CC[C@@](O)([C@]3(C4)C)C(CO)=O)C=C[C@]1(C)[C@@]2([H])C4=O,49
583,N12CCCN=C1CCCCC2,O=S(C1=CC=C(C(F)(F)F)C=C1)(F)=O,O=C(C=C1CC[C@@]2([H])[C@]3([H])CC[C@@](O)([C@]3(C4)C)C(CO)=O)C=C[C@]1(C)[C@@]2([H])C4=O,40
584,N12CCCN=C1CCCCC2,O=S(C1=CC=C([N+]([O-])=O)C=C1)(F)=O,O=C(C=C1CC[C@@]2([H])[C@]3([H])CC[C@@](O)([C@]3(C4)C)C(CO)=O)C=C[C@]1(C)[C@@]2([H])C4=O,36
585,N12CCCN=C1CCCCC2,FC(C(F)(S(=O)(F)=O)F)(F)C(F)(F)C(F)(F)F,O=C(C=C1CC[C@@]2([H])[C@]3([H])CC[C@@](O)([C@]3(C4)C)C(CO)=O)C=C[C@]1(C)[C@@]2([H])C4=O,31
586,CN1CCCN2CCCN=C21,ClC1=CC=C(S(=O)(F)=O)C=C1,O=C(C=C1CC[C@@]2([H])[C@]3([H])CC[C@@](O)([C@]3(C4)C)C(CO)=O)C=C[C@]1(C)[C@@]2([H])C4=O,43
587,CN1CCCN2CCCN=C21,O=S(C1=CC=CC=N1)(F)=O,O=C(C=C1CC[C@@]2([H])[C@]3([H])CC[C@@](O)([C@]3(C4)C)C(CO)=O)C=C[C@]1(C)[C@@]2([H])C4=O,53
588,CN1CCCN2CCCN=C21,O=S(C1=CC=C(C(F)(F)F)C=C1)(F)=O,O=C(C=C1CC[C@@]2([H])[C@]3([H])CC[C@@](O)([C@]3(C4)C)C(CO)=O)C=C[C@]1(C)[C@@]2([H])C4=O,42
589,CN1CCCN2CCCN=C21,O=S(C1=CC=C([N+]([O-])=O)C=C1)(F)=O,O=C(C=C1CC[C@@]2([H])[C@]3([H])CC[C@@](O)([C@]3(C4)C)C(CO)=O)C=C[C@]1(C)[C@@]2([H])C4=O,12
590,CN1CCCN2CCCN=C21,FC(C(F)(S(=O)(F)=O)F)(F)C(F)(F)C(F)(F)F,O=C(C=C1CC[C@@]2([H])[C@]3([H])CC[C@@](O)([C@]3(C4)C)C(CO)=O)C=C[C@]1(C)[C@@]2([H])C4=O,31
591,CN(C)/C(N(C)C)=N/C(C)(C)C,ClC1=CC=C(S(=O)(F)=O)C=C1,O=C(C=C1CC[C@@]2([H])[C@]3([H])CC[C@@](O)([C@]3(C4)C)C(CO)=O)C=C[C@]1(C)[C@@]2([H])C4=O,41
592,CN(C)/C(N(C)C)=N/C(C)(C)C,O=S(C1=CC=CC=N1)(F)=O,O=C(C=C1CC[C@@]2([H])[C@]3([H])CC[C@@](O)([C@]3(C4)C)C(CO)=O)C=C[C@]1(C)[C@@]2([H])C4=O,51
593,CN(C)/C(N(C)C)=N/C(C)(C)C,O=S(C1=CC=C(C(F)(F)F)C=C1)(F)=O,O=C(C=C1CC[C@@]2([H])[C@]3([H])CC[C@@](O)([C@]3(C4)C)C(CO)=O)C=C[C@]1(C)[C@@]2([H])C4=O,53
594,CN(C)/C(N(C)C)=N/C(C)(C)C,O=S(C1=CC=C([N+]([O-])=O)C=C1)(F)=O,O=C(C=C1CC[C@@]2([H])[C@]3([H])CC[C@@](O)([C@]3(C4)C)C(CO)=O)C=C[C@]1(C)[C@@]2([H])C4=O,14
595,CN(C)/C(N(C)C)=N/C(C)(C)C,FC(C(F)(S(=O)(F)=O)F)(F)C(F)(F)C(F)(F)F,O=C(C=C1CC[C@@]2([H])[C@]3([H])CC[C@@](O)([C@]3(C4)C)C(CO)=O)C=C[C@]1(C)[C@@]2([H])C4=O,42
596,CC(N=P(N1CCCC1)(N2CCCC2)N3CCCC3)(C)C,ClC1=CC=C(S(=O)(F)=O)C=C1,O=C(C=C1CC[C@@]2([H])[C@]3([H])CC[C@@](O)([C@]3(C4)C)C(CO)=O)C=C[C@]1(C)[C@@]2([H])C4=O,35
597,CC(N=P(N1CCCC1)(N2CCCC2)N3CCCC3)(C)C,O=S(C1=CC=CC=N1)(F)=O,O=C(C=C1CC[C@@]2([H])[C@]3([H])CC[C@@](O)([C@]3(C4)C)C(CO)=O)C=C[C@]1(C)[C@@]2([H])C4=O,44
598,CC(N=P(N1CCCC1)(N2CCCC2)N3CCCC3)(C)C,O=S(C1=CC=C(C(F)(F)F)C=C1)(F)=O,O=C(C=C1CC[C@@]2([H])[C@]3([H])CC[C@@](O)([C@]3(C4)C)C(CO)=O)C=C[C@]1(C)[C@@]2([H])C4=O,54
599,CC(N=P(N1CCCC1)(N2CCCC2)N3CCCC3)(C)C,O=S(C1=CC=C([N+]([O-])=O)C=C1)(F)=O,O=C(C=C1CC[C@@]2([H])[C@]3([H])CC[C@@](O)([C@]3(C4)C)C(CO)=O)C=C[C@]1(C)[C@@]2([H])C4=O,11
600,CC(N=P(N1CCCC1)(N2CCCC2)N3CCCC3)(C)C,FC(C(F)(S(=O)(F)=O)F)(F)C(F)(F)C(F)(F)F,O=C(C=C1CC[C@@]2([H])[C@]3([H])CC[C@@](O)([C@]3(C4)C)C(CO)=O)C=C[C@]1(C)[C@@]2([H])C4=O,43
601,N12CCCN=C1CCCCC2,ClC1=CC=C(S(=O)(F)=O)C=C1,O=C([C@@H](NC(C1=CC=CC=C1)(C2=CC=CC=C2)C3=CC=CC=C3)CO)OC,2
602,N12CCCN=C1CCCCC2,O=S(C1=CC=CC=N1)(F)=O,O=C([C@@H](NC(C1=CC=CC=C1)(C2=CC=CC=C2)C3=CC=CC=C3)CO)OC,3
603,N12CCCN=C1CCCCC2,O=S(C1=CC=C(C(F)(F)F)C=C1)(F)=O,O=C([C@@H](NC(C1=CC=CC=C1)(C2=CC=CC=C2)C3=CC=CC=C3)CO)OC,3
604,N12CCCN=C1CCCCC2,O=S(C1=CC=C([N+]([O-])=O)C=C1)(F)=O,O=C([C@@H](NC(C1=CC=CC=C1)(C2=CC=CC=C2)C3=CC=CC=C3)CO)OC,3
605,N12CCCN=C1CCCCC2,FC(C(F)(S(=O)(F)=O)F)(F)C(F)(F)C(F)(F)F,O=C([C@@H](NC(C1=CC=CC=C1)(C2=CC=CC=C2)C3=CC=CC=C3)CO)OC,3
606,CN1CCCN2CCCN=C21,ClC1=CC=C(S(=O)(F)=O)C=C1,O=C([C@@H](NC(C1=CC=CC=C1)(C2=CC=CC=C2)C3=CC=CC=C3)CO)OC,5
607,CN1CCCN2CCCN=C21,O=S(C1=CC=CC=N1)(F)=O,O=C([C@@H](NC(C1=CC=CC=C1)(C2=CC=CC=C2)C3=CC=CC=C3)CO)OC,8
608,CN1CCCN2CCCN=C21,O=S(C1=CC=C(C(F)(F)F)C=C1)(F)=O,O=C([C@@H](NC(C1=CC=CC=C1)(C2=CC=CC=C2)C3=CC=CC=C3)CO)OC,8
609,CN1CCCN2CCCN=C21,O=S(C1=CC=C([N+]([O-])=O)C=C1)(F)=O,O=C([C@@H](NC(C1=CC=CC=C1)(C2=CC=CC=C2)C3=CC=CC=C3)CO)OC,9
610,CN1CCCN2CCCN=C21,FC(C(F)(S(=O)(F)=O)F)(F)C(F)(F)C(F)(F)F,O=C([C@@H](NC(C1=CC=CC=C1)(C2=CC=CC=C2)C3=CC=CC=C3)CO)OC,9
611,CN(C)/C(N(C)C)=N/C(C)(C)C,ClC1=CC=C(S(=O)(F)=O)C=C1,O=C([C@@H](NC(C1=CC=CC=C1)(C2=CC=CC=C2)C3=CC=CC=C3)CO)OC,5
612,CN(C)/C(N(C)C)=N/C(C)(C)C,O=S(C1=CC=CC=N1)(F)=O,O=C([C@@H](NC(C1=CC=CC=C1)(C2=CC=CC=C2)C3=CC=CC=C3)CO)OC,5
613,CN(C)/C(N(C)C)=N/C(C)(C)C,O=S(C1=CC=C(C(F)(F)F)C=C1)(F)=O,O=C([C@@H](NC(C1=CC=CC=C1)(C2=CC=CC=C2)C3=CC=CC=C3)CO)OC,7
614,CN(C)/C(N(C)C)=N/C(C)(C)C,O=S(C1=CC=C([N+]([O-])=O)C=C1)(F)=O,O=C([C@@H](NC(C1=CC=CC=C1)(C2=CC=CC=C2)C3=CC=CC=C3)CO)OC,10
615,CN(C)/C(N(C)C)=N/C(C)(C)C,FC(C(F)(S(=O)(F)=O)F)(F)C(F)(F)C(F)(F)F,O=C([C@@H](NC(C1=CC=CC=C1)(C2=CC=CC=C2)C3=CC=CC=C3)CO)OC,9
616,CC(N=P(N1CCCC1)(N2CCCC2)N3CCCC3)(C)C,ClC1=CC=C(S(=O)(F)=O)C=C1,O=C([C@@H](NC(C1=CC=CC=C1)(C2=CC=CC=C2)C3=CC=CC=C3)CO)OC,7
617,CC(N=P(N1CCCC1)(N2CCCC2)N3CCCC3)(C)C,O=S(C1=CC=CC=N1)(F)=O,O=C([C@@H](NC(C1=CC=CC=C1)(C2=CC=CC=C2)C3=CC=CC=C3)CO)OC,5
618,CC(N=P(N1CCCC1)(N2CCCC2)N3CCCC3)(C)C,O=S(C1=CC=C(C(F)(F)F)C=C1)(F)=O,O=C([C@@H](NC(C1=CC=CC=C1)(C2=CC=CC=C2)C3=CC=CC=C3)CO)OC,9
619,CC(N=P(N1CCCC1)(N2CCCC2)N3CCCC3)(C)C,O=S(C1=CC=C([N+]([O-])=O)C=C1)(F)=O,O=C([C@@H](NC(C1=CC=CC=C1)(C2=CC=CC=C2)C3=CC=CC=C3)CO)OC,11
620,CC(N=P(N1CCCC1)(N2CCCC2)N3CCCC3)(C)C,FC(C(F)(S(=O)(F)=O)F)(F)C(F)(F)C(F)(F)F,O=C([C@@H](NC(C1=CC=CC=C1)(C2=CC=CC=C2)C3=CC=CC=C3)CO)OC,28
621,N12CCCN=C1CCCCC2,ClC1=CC=C(S(=O)(F)=O)C=C1,[H][C@@]1(O2)O[C@@](CC[C@]34[H])(OO[C@]13C([C@H]([C@H]2O)C)CC[C@H]4C)C,10
622,N12CCCN=C1CCCCC2,O=S(C1=CC=CC=N1)(F)=O,[H][C@@]1(O2)O[C@@](CC[C@]34[H])(OO[C@]13C([C@H]([C@H]2O)C)CC[C@H]4C)C,38
623,N12CCCN=C1CCCCC2,O=S(C1=CC=C(C(F)(F)F)C=C1)(F)=O,[H][C@@]1(O2)O[C@@](CC[C@]34[H])(OO[C@]13C([C@H]([C@H]2O)C)CC[C@H]4C)C,32
624,N12CCCN=C1CCCCC2,O=S(C1=CC=C([N+]([O-])=O)C=C1)(F)=O,[H][C@@]1(O2)O[C@@](CC[C@]34[H])(OO[C@]13C([C@H]([C@H]2O)C)CC[C@H]4C)C,41
625,N12CCCN=C1CCCCC2,FC(C(F)(S(=O)(F)=O)F)(F)C(F)(F)C(F)(F)F,[H][C@@]1(O2)O[C@@](CC[C@]34[H])(OO[C@]13C([C@H]([C@H]2O)C)CC[C@H]4C)C,33
626,CN1CCCN2CCCN=C21,ClC1=CC=C(S(=O)(F)=O)C=C1,[H][C@@]1(O2)O[C@@](CC[C@]34[H])(OO[C@]13C([C@H]([C@H]2O)C)CC[C@H]4C)C,23
627,CN1CCCN2CCCN=C21,O=S(C1=CC=CC=N1)(F)=O,[H][C@@]1(O2)O[C@@](CC[C@]34[H])(OO[C@]13C([C@H]([C@H]2O)C)CC[C@H]4C)C,43
628,CN1CCCN2CCCN=C21,O=S(C1=CC=C(C(F)(F)F)C=C1)(F)=O,[H][C@@]1(O2)O[C@@](CC[C@]34[H])(OO[C@]13C([C@H]([C@H]2O)C)CC[C@H]4C)C,43
629,CN1CCCN2CCCN=C21,O=S(C1=CC=C([N+]([O-])=O)C=C1)(F)=O,[H][C@@]1(O2)O[C@@](CC[C@]34[H])(OO[C@]13C([C@H]([C@H]2O)C)CC[C@H]4C)C,50
630,CN1CCCN2CCCN=C21,FC(C(F)(S(=O)(F)=O)F)(F)C(F)(F)C(F)(F)F,[H][C@@]1(O2)O[C@@](CC[C@]34[H])(OO[C@]13C([C@H]([C@H]2O)C)CC[C@H]4C)C,32
631,CN(C)/C(N(C)C)=N/C(C)(C)C,ClC1=CC=C(S(=O)(F)=O)C=C1,[H][C@@]1(O2)O[C@@](CC[C@]34[H])(OO[C@]13C([C@H]([C@H]2O)C)CC[C@H]4C)C,15
632,CN(C)/C(N(C)C)=N/C(C)(C)C,O=S(C1=CC=CC=N1)(F)=O,[H][C@@]1(O2)O[C@@](CC[C@]34[H])(OO[C@]13C([C@H]([C@H]2O)C)CC[C@H]4C)C,39
633,CN(C)/C(N(C)C)=N/C(C)(C)C,O=S(C1=CC=C(C(F)(F)F)C=C1)(F)=O,[H][C@@]1(O2)O[C@@](CC[C@]34[H])(OO[C@]13C([C@H]([C@H]2O)C)CC[C@H]4C)C,41
634,CN(C)/C(N(C)C)=N/C(C)(C)C,O=S(C1=CC=C([N+]([O-])=O)C=C1)(F)=O,[H][C@@]1(O2)O[C@@](CC[C@]34[H])(OO[C@]13C([C@H]([C@H]2O)C)CC[C@H]4C)C,52
635,CN(C)/C(N(C)C)=N/C(C)(C)C,FC(C(F)(S(=O)(F)=O)F)(F)C(F)(F)C(F)(F)F,[H][C@@]1(O2)O[C@@](CC[C@]34[H])(OO[C@]13C([C@H]([C@H]2O)C)CC[C@H]4C)C,38
636,CC(N=P(N1CCCC1)(N2CCCC2)N3CCCC3)(C)C,ClC1=CC=C(S(=O)(F)=O)C=C1,[H][C@@]1(O2)O[C@@](CC[C@]34[H])(OO[C@]13C([C@H]([C@H]2O)C)CC[C@H]4C)C,14
637,CC(N=P(N1CCCC1)(N2CCCC2)N3CCCC3)(C)C,O=S(C1=CC=CC=N1)(F)=O,[H][C@@]1(O2)O[C@@](CC[C@]34[H])(OO[C@]13C([C@H]([C@H]2O)C)CC[C@H]4C)C,23
638,CC(N=P(N1CCCC1)(N2CCCC2)N3CCCC3)(C)C,O=S(C1=CC=C(C(F)(F)F)C=C1)(F)=O,[H][C@@]1(O2)O[C@@](CC[C@]34[H])(OO[C@]13C([C@H]([C@H]2O)C)CC[C@H]4C)C,36
639,CC(N=P(N1CCCC1)(N2CCCC2)N3CCCC3)(C)C,O=S(C1=CC=C([N+]([O-])=O)C=C1)(F)=O,[H][C@@]1(O2)O[C@@](CC[C@]34[H])(OO[C@]13C([C@H]([C@H]2O)C)CC[C@H]4C)C,44
640,CC(N=P(N1CCCC1)(N2CCCC2)N3CCCC3)(C)C,FC(C(F)(S(=O)(F)=O)F)(F)C(F)(F)C(F)(F)F,[H][C@@]1(O2)O[C@@](CC[C@]34[H])(OO[C@]13C([C@H]([C@H]2O)C)CC[C@H]4C)C,45
641,N12CCCN=C1CCCCC2,ClC1=CC=C(S(=O)(F)=O)C=C1,OCCCC1=CN2C(N=C1)=NC=N2,60
642,N12CCCN=C1CCCCC2,O=S(C1=CC=CC=N1)(F)=O,OCCCC1=CN2C(N=C1)=NC=N2,61
643,N12CCCN=C1CCCCC2,O=S(C1=CC=C(C(F)(F)F)C=C1)(F)=O,OCCCC1=CN2C(N=C1)=NC=N2,57
644,N12CCCN=C1CCCCC2,O=S(C1=CC=C([N+]([O-])=O)C=C1)(F)=O,OCCCC1=CN2C(N=C1)=NC=N2,57
645,N12CCCN=C1CCCCC2,FC(C(F)(S(=O)(F)=O)F)(F)C(F)(F)C(F)(F)F,OCCCC1=CN2C(N=C1)=NC=N2,50
646,CN1CCCN2CCCN=C21,ClC1=CC=C(S(=O)(F)=O)C=C1,OCCCC1=CN2C(N=C1)=NC=N2,86
647,CN1CCCN2CCCN=C21,O=S(C1=CC=CC=N1)(F)=O,OCCCC1=CN2C(N=C1)=NC=N2,80
648,CN1CCCN2CCCN=C21,O=S(C1=CC=C(C(F)(F)F)C=C1)(F)=O,OCCCC1=CN2C(N=C1)=NC=N2,79
649,CN1CCCN2CCCN=C21,O=S(C1=CC=C([N+]([O-])=O)C=C1)(F)=O,OCCCC1=CN2C(N=C1)=NC=N2,85
650,CN1CCCN2CCCN=C21,FC(C(F)(S(=O)(F)=O)F)(F)C(F)(F)C(F)(F)F,OCCCC1=CN2C(N=C1)=NC=N2,73
651,CN(C)/C(N(C)C)=N/C(C)(C)C,ClC1=CC=C(S(=O)(F)=O)C=C1,OCCCC1=CN2C(N=C1)=NC=N2,87
652,CN(C)/C(N(C)C)=N/C(C)(C)C,O=S(C1=CC=CC=N1)(F)=O,OCCCC1=CN2C(N=C1)=NC=N2,82
653,CN(C)/C(N(C)C)=N/C(C)(C)C,O=S(C1=CC=C(C(F)(F)F)C=C1)(F)=O,OCCCC1=CN2C(N=C1)=NC=N2,85
654,CN(C)/C(N(C)C)=N/C(C)(C)C,O=S(C1=CC=C([N+]([O-])=O)C=C1)(F)=O,OCCCC1=CN2C(N=C1)=NC=N2,79
655,CN(C)/C(N(C)C)=N/C(C)(C)C,FC(C(F)(S(=O)(F)=O)F)(F)C(F)(F)C(F)(F)F,OCCCC1=CN2C(N=C1)=NC=N2,74
656,CC(N=P(N1CCCC1)(N2CCCC2)N3CCCC3)(C)C,ClC1=CC=C(S(=O)(F)=O)C=C1,OCCCC1=CN2C(N=C1)=NC=N2,80
657,CC(N=P(N1CCCC1)(N2CCCC2)N3CCCC3)(C)C,O=S(C1=CC=CC=N1)(F)=O,OCCCC1=CN2C(N=C1)=NC=N2,80
658,CC(N=P(N1CCCC1)(N2CCCC2)N3CCCC3)(C)C,O=S(C1=CC=C(C(F)(F)F)C=C1)(F)=O,OCCCC1=CN2C(N=C1)=NC=N2,75
659,CC(N=P(N1CCCC1)(N2CCCC2)N3CCCC3)(C)C,O=S(C1=CC=C([N+]([O-])=O)C=C1)(F)=O,OCCCC1=CN2C(N=C1)=NC=N2,76
660,CC(N=P(N1CCCC1)(N2CCCC2)N3CCCC3)(C)C,FC(C(F)(S(=O)(F)=O)F)(F)C(F)(F)C(F)(F)F,OCCCC1=CN2C(N=C1)=NC=N2,80
661,N12CCCN=C1CCCCC2,ClC1=CC=C(S(=O)(F)=O)C=C1,OC1CC2=CC=CC=C2C1,32
662,N12CCCN=C1CCCCC2,O=S(C1=CC=CC=N1)(F)=O,OC1CC2=CC=CC=C2C1,46
663,N12CCCN=C1CCCCC2,O=S(C1=CC=C(C(F)(F)F)C=C1)(F)=O,OC1CC2=CC=CC=C2C1,38
664,N12CCCN=C1CCCCC2,O=S(C1=CC=C([N+]([O-])=O)C=C1)(F)=O,OC1CC2=CC=CC=C2C1,44
665,N12CCCN=C1CCCCC2,FC(C(F)(S(=O)(F)=O)F)(F)C(F)(F)C(F)(F)F,OC1CC2=CC=CC=C2C1,60
666,CN1CCCN2CCCN=C21,ClC1=CC=C(S(=O)(F)=O)C=C1,OC1CC2=CC=CC=C2C1,32
667,CN1CCCN2CCCN=C21,O=S(C1=CC=CC=N1)(F)=O,OC1CC2=CC=CC=C2C1,43
668,CN1CCCN2CCCN=C21,O=S(C1=CC=C(C(F)(F)F)C=C1)(F)=O,OC1CC2=CC=CC=C2C1,37
669,CN1CCCN2CCCN=C21,O=S(C1=CC=C([N+]([O-])=O)C=C1)(F)=O,OC1CC2=CC=CC=C2C1,38
670,CN1CCCN2CCCN=C21,FC(C(F)(S(=O)(F)=O)F)(F)C(F)(F)C(F)(F)F,OC1CC2=CC=CC=C2C1,62
671,CN(C)/C(N(C)C)=N/C(C)(C)C,ClC1=CC=C(S(=O)(F)=O)C=C1,OC1CC2=CC=CC=C2C1,20
672,CN(C)/C(N(C)C)=N/C(C)(C)C,O=S(C1=CC=CC=N1)(F)=O,OC1CC2=CC=CC=C2C1,33
673,CN(C)/C(N(C)C)=N/C(C)(C)C,O=S(C1=CC=C(C(F)(F)F)C=C1)(F)=O,OC1CC2=CC=CC=C2C1,27
674,CN(C)/C(N(C)C)=N/C(C)(C)C,O=S(C1=CC=C([N+]([O-])=O)C=C1)(F)=O,OC1CC2=CC=CC=C2C1,30
675,CN(C)/C(N(C)C)=N/C(C)(C)C,FC(C(F)(S(=O)(F)=O)F)(F)C(F)(F)C(F)(F)F,OC1CC2=CC=CC=C2C1,64
676,CC(N=P(N1CCCC1)(N2CCCC2)N3CCCC3)(C)C,ClC1=CC=C(S(=O)(F)=O)C=C1,OC1CC2=CC=CC=C2C1,16
677,CC(N=P(N1CCCC1)(N2CCCC2)N3CCCC3)(C)C,O=S(C1=CC=CC=N1)(F)=O,OC1CC2=CC=CC=C2C1,20
678,CC(N=P(N1CCCC1)(N2CCCC2)N3CCCC3)(C)C,O=S(C1=CC=C(C(F)(F)F)C=C1)(F)=O,OC1CC2=CC=CC=C2C1,19
679,CC(N=P(N1CCCC1)(N2CCCC2)N3CCCC3)(C)C,O=S(C1=CC=C([N+]([O-])=O)C=C1)(F)=O,OC1CC2=CC=CC=C2C1,14
680,CC(N=P(N1CCCC1)(N2CCCC2)N3CCCC3)(C)C,FC(C(F)(S(=O)(F)=O)F)(F)C(F)(F)C(F)(F)F,OC1CC2=CC=CC=C2C1,64
681,N12CCCN=C1CCCCC2,ClC1=CC=C(S(=O)(F)=O)C=C1,FC(C=C1)=CC=C1C2=CC(CO)=NO2,16
682,N12CCCN=C1CCCCC2,O=S(C1=CC=CC=N1)(F)=O,FC(C=C1)=CC=C1C2=CC(CO)=NO2,18
683,N12CCCN=C1CCCCC2,O=S(C1=CC=C(C(F)(F)F)C=C1)(F)=O,FC(C=C1)=CC=C1C2=CC(CO)=NO2,16
684,N12CCCN=C1CCCCC2,O=S(C1=CC=C([N+]([O-])=O)C=C1)(F)=O,FC(C=C1)=CC=C1C2=CC(CO)=NO2,20
685,N12CCCN=C1CCCCC2,FC(C(F)(S(=O)(F)=O)F)(F)C(F)(F)C(F)(F)F,FC(C=C1)=CC=C1C2=CC(CO)=NO2,31
686,CN1CCCN2CCCN=C21,ClC1=CC=C(S(=O)(F)=O)C=C1,FC(C=C1)=CC=C1C2=CC(CO)=NO2,56
687,CN1CCCN2CCCN=C21,O=S(C1=CC=CC=N1)(F)=O,FC(C=C1)=CC=C1C2=CC(CO)=NO2,57
688,CN1CCCN2CCCN=C21,O=S(C1=CC=C(C(F)(F)F)C=C1)(F)=O,FC(C=C1)=CC=C1C2=CC(CO)=NO2,53
689,CN1CCCN2CCCN=C21,O=S(C1=CC=C([N+]([O-])=O)C=C1)(F)=O,FC(C=C1)=CC=C1C2=CC(CO)=NO2,55
690,CN1CCCN2CCCN=C21,FC(C(F)(S(=O)(F)=O)F)(F)C(F)(F)C(F)(F)F,FC(C=C1)=CC=C1C2=CC(CO)=NO2,58
691,CN(C)/C(N(C)C)=N/C(C)(C)C,ClC1=CC=C(S(=O)(F)=O)C=C1,FC(C=C1)=CC=C1C2=CC(CO)=NO2,86
692,CN(C)/C(N(C)C)=N/C(C)(C)C,O=S(C1=CC=CC=N1)(F)=O,FC(C=C1)=CC=C1C2=CC(CO)=NO2,80
693,CN(C)/C(N(C)C)=N/C(C)(C)C,O=S(C1=CC=C(C(F)(F)F)C=C1)(F)=O,FC(C=C1)=CC=C1C2=CC(CO)=NO2,86
694,CN(C)/C(N(C)C)=N/C(C)(C)C,O=S(C1=CC=C([N+]([O-])=O)C=C1)(F)=O,FC(C=C1)=CC=C1C2=CC(CO)=NO2,88
695,CN(C)/C(N(C)C)=N/C(C)(C)C,FC(C(F)(S(=O)(F)=O)F)(F)C(F)(F)C(F)(F)F,FC(C=C1)=CC=C1C2=CC(CO)=NO2,81
696,CC(N=P(N1CCCC1)(N2CCCC2)N3CCCC3)(C)C,ClC1=CC=C(S(=O)(F)=O)C=C1,FC(C=C1)=CC=C1C2=CC(CO)=NO2,94
697,CC(N=P(N1CCCC1)(N2CCCC2)N3CCCC3)(C)C,O=S(C1=CC=CC=N1)(F)=O,FC(C=C1)=CC=C1C2=CC(CO)=NO2,91
698,CC(N=P(N1CCCC1)(N2CCCC2)N3CCCC3)(C)C,O=S(C1=CC=C(C(F)(F)F)C=C1)(F)=O,FC(C=C1)=CC=C1C2=CC(CO)=NO2,93
699,CC(N=P(N1CCCC1)(N2CCCC2)N3CCCC3)(C)C,O=S(C1=CC=C([N+]([O-])=O)C=C1)(F)=O,FC(C=C1)=CC=C1C2=CC(CO)=NO2,95
700,CC(N=P(N1CCCC1)(N2CCCC2)N3CCCC3)(C)C,FC(C(F)(S(=O)(F)=O)F)(F)C(F)(F)C(F)(F)F,FC(C=C1)=CC=C1C2=CC(CO)=NO2,97
701,N12CCCN=C1CCCCC2,ClC1=CC=C(S(=O)(F)=O)C=C1,CC(O)COC1=CC=CC=C1,31
702,N12CCCN=C1CCCCC2,O=S(C1=CC=CC=N1)(F)=O,CC(O)COC1=CC=CC=C1,34
703,N12CCCN=C1CCCCC2,O=S(C1=CC=C(C(F)(F)F)C=C1)(F)=O,CC(O)COC1=CC=CC=C1,52
704,N12CCCN=C1CCCCC2,O=S(C1=CC=C([N+]([O-])=O)C=C1)(F)=O,CC(O)COC1=CC=CC=C1,69
705,N12CCCN=C1CCCCC2,FC(C(F)(S(=O)(F)=O)F)(F)C(F)(F)C(F)(F)F,CC(O)COC1=CC=CC=C1,82
706,CN1CCCN2CCCN=C21,ClC1=CC=C(S(=O)(F)=O)C=C1,CC(O)COC1=CC=CC=C1,35
707,CN1CCCN2CCCN=C21,O=S(C1=CC=CC=N1)(F)=O,CC(O)COC1=CC=CC=C1,44
708,CN1CCCN2CCCN=C21,O=S(C1=CC=C(C(F)(F)F)C=C1)(F)=O,CC(O)COC1=CC=CC=C1,60
709,CN1CCCN2CCCN=C21,O=S(C1=CC=C([N+]([O-])=O)C=C1)(F)=O,CC(O)COC1=CC=CC=C1,76
710,CN1CCCN2CCCN=C21,FC(C(F)(S(=O)(F)=O)F)(F)C(F)(F)C(F)(F)F,CC(O)COC1=CC=CC=C1,90
711,CN(C)/C(N(C)C)=N/C(C)(C)C,ClC1=CC=C(S(=O)(F)=O)C=C1,CC(O)COC1=CC=CC=C1,26
712,CN(C)/C(N(C)C)=N/C(C)(C)C,O=S(C1=CC=CC=N1)(F)=O,CC(O)COC1=CC=CC=C1,23
713,CN(C)/C(N(C)C)=N/C(C)(C)C,O=S(C1=CC=C(C(F)(F)F)C=C1)(F)=O,CC(O)COC1=CC=CC=C1,46
714,CN(C)/C(N(C)C)=N/C(C)(C)C,O=S(C1=CC=C([N+]([O-])=O)C=C1)(F)=O,CC(O)COC1=CC=CC=C1,59
715,CN(C)/C(N(C)C)=N/C(C)(C)C,FC(C(F)(S(=O)(F)=O)F)(F)C(F)(F)C(F)(F)F,CC(O)COC1=CC=CC=C1,85
716,CC(N=P(N1CCCC1)(N2CCCC2)N3CCCC3)(C)C,ClC1=CC=C(S(=O)(F)=O)C=C1,CC(O)COC1=CC=CC=C1,41
717,CC(N=P(N1CCCC1)(N2CCCC2)N3CCCC3)(C)C,O=S(C1=CC=CC=N1)(F)=O,CC(O)COC1=CC=CC=C1,32
718,CC(N=P(N1CCCC1)(N2CCCC2)N3CCCC3)(C)C,O=S(C1=CC=C(C(F)(F)F)C=C1)(F)=O,CC(O)COC1=CC=CC=C1,57
719,CC(N=P(N1CCCC1)(N2CCCC2)N3CCCC3)(C)C,O=S(C1=CC=C([N+]([O-])=O)C=C1)(F)=O,CC(O)COC1=CC=CC=C1,59
720,CC(N=P(N1CCCC1)(N2CCCC2)N3CCCC3)(C)C,FC(C(F)(S(=O)(F)=O)F)(F)C(F)(F)C(F)(F)F,CC(O)COC1=CC=CC=C1,86
721,N12CCCN=C1CCCCC2,ClC1=CC=C(S(=O)(F)=O)C=C1,ClC(C=C1)=CC=C1/C=C2C3=C(C(C(CN(CCCC)CCCC)O)=CC(Cl)=C3)C4=CC=C(Cl)C=C4\2,39
722,N12CCCN=C1CCCCC2,O=S(C1=CC=CC=N1)(F)=O,ClC(C=C1)=CC=C1/C=C2C3=C(C(C(CN(CCCC)CCCC)O)=CC(Cl)=C3)C4=CC=C(Cl)C=C4\2,56
723,N12CCCN=C1CCCCC2,O=S(C1=CC=C(C(F)(F)F)C=C1)(F)=O,ClC(C=C1)=CC=C1/C=C2C3=C(C(C(CN(CCCC)CCCC)O)=CC(Cl)=C3)C4=CC=C(Cl)C=C4\2,45
724,N12CCCN=C1CCCCC2,O=S(C1=CC=C([N+]([O-])=O)C=C1)(F)=O,ClC(C=C1)=CC=C1/C=C2C3=C(C(C(CN(CCCC)CCCC)O)=CC(Cl)=C3)C4=CC=C(Cl)C=C4\2,49
725,N12CCCN=C1CCCCC2,FC(C(F)(S(=O)(F)=O)F)(F)C(F)(F)C(F)(F)F,ClC(C=C1)=CC=C1/C=C2C3=C(C(C(CN(CCCC)CCCC)O)=CC(Cl)=C3)C4=CC=C(Cl)C=C4\2,57
726,CN1CCCN2CCCN=C21,ClC1=CC=C(S(=O)(F)=O)C=C1,ClC(C=C1)=CC=C1/C=C2C3=C(C(C(CN(CCCC)CCCC)O)=CC(Cl)=C3)C4=CC=C(Cl)C=C4\2,81
727,CN1CCCN2CCCN=C21,O=S(C1=CC=CC=N1)(F)=O,ClC(C=C1)=CC=C1/C=C2C3=C(C(C(CN(CCCC)CCCC)O)=CC(Cl)=C3)C4=CC=C(Cl)C=C4\2,73
728,CN1CCCN2CCCN=C21,O=S(C1=CC=C(C(F)(F)F)C=C1)(F)=O,ClC(C=C1)=CC=C1/C=C2C3=C(C(C(CN(CCCC)CCCC)O)=CC(Cl)=C3)C4=CC=C(Cl)C=C4\2,81
729,CN1CCCN2CCCN=C21,O=S(C1=CC=C([N+]([O-])=O)C=C1)(F)=O,ClC(C=C1)=CC=C1/C=C2C3=C(C(C(CN(CCCC)CCCC)O)=CC(Cl)=C3)C4=CC=C(Cl)C=C4\2,82
730,CN1CCCN2CCCN=C21,FC(C(F)(S(=O)(F)=O)F)(F)C(F)(F)C(F)(F)F,ClC(C=C1)=CC=C1/C=C2C3=C(C(C(CN(CCCC)CCCC)O)=CC(Cl)=C3)C4=CC=C(Cl)C=C4\2,84
731,CN(C)/C(N(C)C)=N/C(C)(C)C,ClC1=CC=C(S(=O)(F)=O)C=C1,ClC(C=C1)=CC=C1/C=C2C3=C(C(C(CN(CCCC)CCCC)O)=CC(Cl)=C3)C4=CC=C(Cl)C=C4\2,64
732,CN(C)/C(N(C)C)=N/C(C)(C)C,O=S(C1=CC=CC=N1)(F)=O,ClC(C=C1)=CC=C1/C=C2C3=C(C(C(CN(CCCC)CCCC)O)=CC(Cl)=C3)C4=CC=C(Cl)C=C4\2,59
733,CN(C)/C(N(C)C)=N/C(C)(C)C,O=S(C1=CC=C(C(F)(F)F)C=C1)(F)=O,ClC(C=C1)=CC=C1/C=C2C3=C(C(C(CN(CCCC)CCCC)O)=CC(Cl)=C3)C4=CC=C(Cl)C=C4\2,78
734,CN(C)/C(N(C)C)=N/C(C)(C)C,O=S(C1=CC=C([N+]([O-])=O)C=C1)(F)=O,ClC(C=C1)=CC=C1/C=C2C3=C(C(C(CN(CCCC)CCCC)O)=CC(Cl)=C3)C4=CC=C(Cl)C=C4\2,86
735,CN(C)/C(N(C)C)=N/C(C)(C)C,FC(C(F)(S(=O)(F)=O)F)(F)C(F)(F)C(F)(F)F,ClC(C=C1)=CC=C1/C=C2C3=C(C(C(CN(CCCC)CCCC)O)=CC(Cl)=C3)C4=CC=C(Cl)C=C4\2,84
736,CC(N=P(N1CCCC1)(N2CCCC2)N3CCCC3)(C)C,ClC1=CC=C(S(=O)(F)=O)C=C1,ClC(C=C1)=CC=C1/C=C2C3=C(C(C(CN(CCCC)CCCC)O)=CC(Cl)=C3)C4=CC=C(Cl)C=C4\2,78
737,CC(N=P(N1CCCC1)(N2CCCC2)N3CCCC3)(C)C,O=S(C1=CC=CC=N1)(F)=O,ClC(C=C1)=CC=C1/C=C2C3=C(C(C(CN(CCCC)CCCC)O)=CC(Cl)=C3)C4=CC=C(Cl)C=C4\2,66
738,CC(N=P(N1CCCC1)(N2CCCC2)N3CCCC3)(C)C,O=S(C1=CC=C(C(F)(F)F)C=C1)(F)=O,ClC(C=C1)=CC=C1/C=C2C3=C(C(C(CN(CCCC)CCCC)O)=CC(Cl)=C3)C4=CC=C(Cl)C=C4\2,78
739,CC(N=P(N1CCCC1)(N2CCCC2)N3CCCC3)(C)C,O=S(C1=CC=C([N+]([O-])=O)C=C1)(F)=O,ClC(C=C1)=CC=C1/C=C2C3=C(C(C(CN(CCCC)CCCC)O)=CC(Cl)=C3)C4=CC=C(Cl)C=C4\2,76
740,CC(N=P(N1CCCC1)(N2CCCC2)N3CCCC3)(C)C,FC(C(F)(S(=O)(F)=O)F)(F)C(F)(F)C(F)(F)F,ClC(C=C1)=CC=C1/C=C2C3=C(C(C(CN(CCCC)CCCC)O)=CC(Cl)=C3)C4=CC=C(Cl)C=C4\2,82
